Running as unit: run-r954931e5047c4cf8a36999c5dc69c93d.scope; invocation ID: 8acb2eda89194f58a0388e8f42a762c0
/home/jay/Documents/desc_dev/DESC/desc/__init__.py:94: FutureWarning: The pynvml package is deprecated. Please install nvidia-ml-py instead. If you did not install pynvml directly, please report this to the maintainers of the package that installed pynvml for you.
  from pynvml import (
DESC /home/jay/Documents/desc_dev/DESC/desc
DEVICE requested=gpu obtained=gpu (1x NVIDIA GeForce RTX 5070 Ti)
PROX_REG=shift: proximal (dF/dx)^-1 patched
probe k=5: 120 boundary modes free; terms [('Vacuum B.n error', 1326), ('QS two-term (scale-invariant)', 5445), ('aspect ratio', 1), ('rotational transform', 20), ('volume', 1), ('coil length', 4), ('coil curvature', 1204), ('coil mean squared curvature', 4), ('coil-coil distance penalty', 72), ('plasma-coil minimum distance', 8)]
  it   0 cost 1.1536712698e-07 |g|inf 4.13e-09 step 1.22e-08 rho +2.278 radius 2.4e-08 shift 3.4e-05 | B_min +7.06e-06 lam_min 8.90e-06 lam_k 9.90e-01 S_sub_min -3.23e-02
  it   1 cost 1.1536712698e-07 |g|inf 3.38e-10 step 9.08e-17 rho +13864.289 radius 1.8e-16 shift 1.3e+07 | B_min +7.06e-06 lam_min 8.90e-06 lam_k 9.90e-01 S_sub_min -3.23e-02
  it   2 cost 1.1536712698e-07 |g|inf 4.81e-10 step 4.43e-20 rho +33679277.599 radius 8.9e-20 shift 5.4e+10 | B_min +7.06e-06 lam_min 8.90e-06 lam_k 9.90e-01 S_sub_min -3.23e-02
    [subspace-newton] call 1: 3 its, 15.7 s (converged (precision floor)); totals 3 its, 16 s

PROBE  f eval 7.4 s, jac 23.9 s; x dim 187, rows 8085; cost 1.62048; |g|_inf 0.1503; |h_gn| 1136; tr_scipy |x/scale| 1253
singular values of scaled J: max 3.52 min 0.000261  cond 1.35e+04; count < 1e-8 max: 0
terms: Vacuum B.n error c 1.23 |g| 0.581 act 1326/1326; QS two-term (scale c 0.348 |g| 0.491 act 5445/5445; aspect ratio c 0 |g| 0 act 0/1; rotational transfo c 0.0257 |g| 0.0999 act 6/20; volume c 0.000127 |g| 0.0281 act 1/1; coil length c 0.00359 |g| 0.188 act 3/4; coil curvature c 0.000107 |g| 0.0377 act 5/1204; coil mean squared  c 0 |g| 0 act 0/4; coil-coil distance c 0.00779 |g| 0.1 act 7/72; plasma-coil minimu c 0 |g| 0 act 0/8
gn t=1e-30 |h| 1.136e-27  pred +0.0000e+00  actual +0.0000e+00  paired +0.0000e+00  ratio +nan  (0 s)
    dc_act/dc_pred per term: Vacuum B.n +0.00e+00/+0.00e+00 e1.0e+00  QS two-ter +0.00e+00/+0.00e+00 e1.0e+00  aspect rat +0.00e+00/+0.00e+00 e0.0e+00  rotational +0.00e+00/+0.00e+00 e1.0e+00  volume +0.00e+00/+0.00e+00 e1.0e+00  coil lengt +0.00e+00/+0.00e+00 e1.0e+00  coil curva +0.00e+00/+0.00e+00 e1.0e+00  coil mean  +0.00e+00/+0.00e+00 e0.0e+00  coil-coil  +0.00e+00/+0.00e+00 e1.0e+00  plasma-coi +0.00e+00/+0.00e+00 e0.0e+00
  it   0 cost 1.1681071372e-07 |g|inf 9.68e+00 step 1.00e-04 rho +0.999 radius 2.0e-04 shift 1.2e+00 | B_min -1.17e+00 lam_min 8.99e-06 lam_k 9.91e-01 S_sub_min -1.42e+00
  it   1 cost 1.1561427786e-07 |g|inf 1.07e-02 step 2.00e-04 rho +1.041 radius 4.0e-04 shift 8.0e-04 | B_min -1.02e-04 lam_min 9.18e-06 lam_k 9.89e-01 S_sub_min -3.23e-02
  it   2 cost 1.1555608107e-07 |g|inf 4.33e-03 step 4.00e-04 rho +0.994 radius 8.0e-04 shift 9.3e-05 | B_min -2.03e-05 lam_min 8.92e-06 lam_k 9.90e-01 S_sub_min -3.15e-02
  it   3 cost 1.1554043156e-07 |g|inf 3.10e-03 step 2.00e-04 rho +1.141 radius 4.0e-04 shift 1.2e-04 | B_min +1.72e-05 lam_min 8.95e-06 lam_k 9.91e-01 S_sub_min -3.08e-02
  it   4 cost 1.1552579694e-07 |g|inf 6.58e-04 step 4.00e-04 rho +0.823 radius 8.0e-04 shift 1.1e-04 | B_min +4.83e-07 lam_min 8.98e-06 lam_k 9.91e-01 S_sub_min -3.20e-02
  it   5 cost 1.1550836592e-07 |g|inf 2.61e-03 step 2.00e-04 rho +1.141 radius 4.0e-04 shift 2.0e-04 | B_min +1.91e-05 lam_min 9.05e-06 lam_k 9.92e-01 S_sub_min -3.11e-02
  it   6 cost 1.1548499646e-07 |g|inf 5.68e-04 step 4.00e-04 rho +0.872 radius 8.0e-04 shift 1.7e-04 | B_min -8.68e-06 lam_min 9.09e-06 lam_k 9.93e-01 S_sub_min -3.22e-02
  it   7 cost 1.1546108247e-07 |g|inf 2.60e-03 step 2.00e-04 rho +1.132 radius 4.0e-04 shift 3.1e-04 | B_min +2.37e-05 lam_min 9.17e-06 lam_k 9.94e-01 S_sub_min -3.13e-02
  it   8 cost 1.1542729010e-07 |g|inf 5.65e-04 step 4.00e-04 rho +0.877 radius 8.0e-04 shift 2.4e-04 | B_min -4.86e-06 lam_min 9.21e-06 lam_k 9.94e-01 S_sub_min -3.25e-02
  it   9 cost 1.1542572511e-07 |g|inf 2.56e-03 step 8.00e-04 rho +0.032 radius 2.0e-04 shift 2.6e-06 | B_min +2.73e-05 lam_min 9.29e-06 lam_k 9.95e-01 S_sub_min -3.16e-02
  it  10 cost 1.1532140374e-07 |g|inf 8.41e-03 step 2.00e-04 rho +1.062 radius 4.0e-04 shift 1.2e-04 | B_min +3.17e-05 lam_min 9.44e-06 lam_k 9.97e-01 S_sub_min -3.04e-02
  it  11 cost 1.1530523143e-07 |g|inf 1.27e-03 step 4.00e-04 rho +0.380 radius 4.0e-04 shift 2.2e-04 | B_min +1.20e-05 lam_min 9.45e-06 lam_k 9.97e-01 S_sub_min -3.32e-02
  it  12 cost 1.1525998490e-07 |g|inf 6.07e-03 step 4.00e-04 rho +0.968 radius 8.0e-04 shift 5.1e-05 | B_min +7.24e-06 lam_min 9.49e-06 lam_k 9.97e-01 S_sub_min -3.20e-02
  it  13 cost 1.1523611272e-07 |g|inf 5.08e-03 step 2.00e-04 rho +0.928 radius 4.0e-04 shift 3.9e-04 | B_min +2.35e-05 lam_min 9.48e-06 lam_k 9.97e-01 S_sub_min -3.26e-02
  it  14 cost 1.1521358550e-07 |g|inf 2.04e-03 step 4.00e-04 rho +0.941 radius 8.0e-04 shift 8.0e-05 | B_min +6.40e-06 lam_min 9.50e-06 lam_k 9.97e-01 S_sub_min -3.33e-02
  it  15 cost 1.1519189619e-07 |g|inf 2.95e-03 step 4.12e-04 rho +1.050 radius 8.0e-04 shift 0.0e+00 | B_min +2.86e-05 lam_min 9.49e-06 lam_k 9.97e-01 S_sub_min -3.32e-02
  it  16 cost 1.1517947302e-07 |g|inf 3.86e-03 step 5.49e-04 rho +0.494 radius 8.0e-04 shift 0.0e+00 | B_min +3.40e-05 lam_min 9.48e-06 lam_k 9.97e-01 S_sub_min -3.25e-02
  it  17 cost 1.1514838923e-07 |g|inf 5.74e-03 step 2.00e-04 rho +0.891 radius 4.0e-04 shift 2.8e-04 | B_min +1.45e-05 lam_min 9.45e-06 lam_k 9.97e-01 S_sub_min -3.35e-02
  it  18 cost 1.1513144842e-07 |g|inf 2.55e-03 step 4.00e-04 rho +0.814 radius 8.0e-04 shift 7.2e-05 | B_min +7.78e-06 lam_min 9.45e-06 lam_k 9.96e-01 S_sub_min -3.33e-02
  it  19 cost 1.1512176804e-07 |g|inf 2.41e-03 step 4.06e-04 rho +0.517 radius 8.0e-04 shift 0.0e+00 | B_min +2.59e-05 lam_min 9.43e-06 lam_k 9.97e-01 S_sub_min -3.37e-02
  it  20 cost 1.1509585030e-07 |g|inf 5.16e-03 step 2.00e-04 rho +1.004 radius 4.0e-04 shift 1.7e-04 | B_min +2.03e-05 lam_min 9.43e-06 lam_k 9.97e-01 S_sub_min -3.22e-02
  it  21 cost 1.1508933603e-07 |g|inf 6.80e-04 step 1.00e-04 rho +1.013 radius 2.0e-04 shift 5.0e-04 | B_min +1.61e-05 lam_min 9.42e-06 lam_k 9.97e-01 S_sub_min -3.47e-02
  it  22 cost 1.1507954684e-07 |g|inf 5.48e-04 step 2.00e-04 rho +0.980 radius 4.0e-04 shift 2.2e-04 | B_min +9.14e-06 lam_min 9.42e-06 lam_k 9.97e-01 S_sub_min -3.44e-02
  it  23 cost 1.1506699259e-07 |g|inf 1.14e-03 step 4.00e-04 rho +0.876 radius 8.0e-04 shift 4.9e-05 | B_min +1.46e-05 lam_min 9.42e-06 lam_k 9.97e-01 S_sub_min -3.41e-02
  it  24 cost 1.1505040698e-07 |g|inf 3.14e-03 step 2.56e-04 rho +1.347 radius 8.0e-04 shift 0.0e+00 | B_min +2.50e-05 lam_min 9.39e-06 lam_k 9.97e-01 S_sub_min -3.32e-02
  it  25 cost 1.1504228401e-07 |g|inf 1.05e-03 step 1.44e-04 rho +1.121 radius 2.9e-04 shift 2.2e-04 | B_min +2.29e-05 lam_min 9.37e-06 lam_k 9.97e-01 S_sub_min -3.42e-02
  it  26 cost 1.1503206841e-07 |g|inf 7.51e-04 step 2.89e-04 rho +0.921 radius 5.8e-04 shift 9.6e-05 | B_min +1.28e-05 lam_min 9.37e-06 lam_k 9.97e-01 S_sub_min -3.43e-02
  it  27 cost 1.1502220822e-07 |g|inf 2.01e-03 step 4.47e-04 rho +0.916 radius 5.8e-04 shift 0.0e+00 | B_min +2.14e-05 lam_min 9.35e-06 lam_k 9.97e-01 S_sub_min -3.36e-02
  it  28 cost 1.1501972751e-07 |g|inf 4.16e-03 step 3.94e-04 rho +0.166 radius 9.8e-05 shift 0.0e+00 | B_min +1.75e-05 lam_min 9.32e-06 lam_k 9.98e-01 S_sub_min -3.33e-02
  it  29 cost 1.1499697561e-07 |g|inf 5.53e-03 step 9.84e-05 rho +1.030 radius 2.0e-04 shift 2.4e-04 | B_min +6.52e-06 lam_min 9.31e-06 lam_k 9.98e-01 S_sub_min -3.23e-02
  it  30 cost 1.1499002487e-07 |g|inf 2.44e-04 step 1.97e-04 rho +0.896 radius 3.9e-04 shift 1.8e-04 | B_min +1.13e-05 lam_min 9.31e-06 lam_k 9.98e-01 S_sub_min -3.48e-02
  it  31 cost 1.1498098019e-07 |g|inf 1.28e-03 step 3.94e-04 rho +0.865 radius 7.9e-04 shift 3.2e-05 | B_min +1.24e-05 lam_min 9.31e-06 lam_k 9.98e-01 S_sub_min -3.40e-02
  it  32 cost 1.1496877405e-07 |g|inf 2.92e-03 step 2.57e-04 rho +1.238 radius 7.9e-04 shift 0.0e+00 | B_min +1.79e-05 lam_min 9.27e-06 lam_k 9.98e-01 S_sub_min -3.33e-02
  it  33 cost 1.1496006597e-07 |g|inf 1.49e-03 step 1.97e-04 rho +1.164 radius 3.9e-04 shift 8.4e-05 | B_min +1.15e-05 lam_min 9.26e-06 lam_k 9.98e-01 S_sub_min -3.37e-02
  it  34 cost 1.1495664447e-07 |g|inf 8.99e-04 step 3.94e-04 rho +0.336 radius 3.9e-04 shift 2.9e-05 | B_min +1.63e-05 lam_min 9.25e-06 lam_k 9.98e-01 S_sub_min -3.41e-02
  it  35 cost 1.1493928535e-07 |g|inf 3.33e-03 step 2.97e-04 rho +1.139 radius 3.9e-04 shift 0.0e+00 | B_min +1.85e-05 lam_min 9.24e-06 lam_k 9.97e-01 S_sub_min -3.24e-02
  it  36 cost 1.1493353501e-07 |g|inf 1.95e-03 step 9.84e-05 rho +1.043 radius 2.0e-04 shift 3.4e-04 | B_min +1.69e-05 lam_min 9.21e-06 lam_k 9.97e-01 S_sub_min -3.39e-02
  it  37 cost 1.1492643834e-07 |g|inf 4.43e-04 step 1.97e-04 rho +1.006 radius 3.9e-04 shift 1.6e-04 | B_min +7.61e-06 lam_min 9.21e-06 lam_k 9.97e-01 S_sub_min -3.44e-02
  it  38 cost 1.1491744680e-07 |g|inf 6.86e-04 step 3.94e-04 rho +0.847 radius 7.9e-04 shift 3.6e-05 | B_min +1.21e-05 lam_min 9.21e-06 lam_k 9.97e-01 S_sub_min -3.39e-02
  it  39 cost 1.1490246626e-07 |g|inf 2.59e-03 step 3.14e-04 rho +1.346 radius 7.9e-04 shift 0.0e+00 | B_min +1.72e-05 lam_min 9.19e-06 lam_k 9.96e-01 S_sub_min -3.23e-02
  it  40 cost 1.1489263736e-07 |g|inf 9.16e-04 step 1.97e-04 rho +1.103 radius 3.9e-04 shift 1.5e-04 | B_min +1.05e-05 lam_min 9.17e-06 lam_k 9.96e-01 S_sub_min -3.37e-02
  it  41 cost 1.1488033735e-07 |g|inf 8.75e-04 step 3.94e-04 rho +0.920 radius 7.9e-04 shift 4.7e-05 | B_min +1.08e-05 lam_min 9.18e-06 lam_k 9.96e-01 S_sub_min -3.34e-02
  it  42 cost 1.1486041471e-07 |g|inf 2.65e-03 step 4.14e-04 rho +1.368 radius 7.9e-04 shift 0.0e+00 | B_min +1.38e-05 lam_min 9.17e-06 lam_k 9.95e-01 S_sub_min -3.20e-02
  it  43 cost 1.1484711446e-07 |g|inf 1.68e-03 step 1.72e-04 rho +1.145 radius 3.4e-04 shift 2.3e-04 | B_min +1.24e-05 lam_min 9.14e-06 lam_k 9.95e-01 S_sub_min -3.28e-02
  it  44 cost 1.1482996399e-07 |g|inf 7.64e-04 step 3.44e-04 rho +0.952 radius 6.9e-04 shift 1.1e-04 | B_min +9.03e-06 lam_min 9.15e-06 lam_k 9.94e-01 S_sub_min -3.35e-02
  it  45 cost 1.1480842575e-07 |g|inf 2.19e-03 step 6.89e-04 rho +1.007 radius 1.4e-03 shift 1.8e-07 | B_min +1.01e-05 lam_min 9.15e-06 lam_k 9.94e-01 S_sub_min -3.21e-02
  it  46 cost 1.1477161277e-07 |g|inf 4.27e-03 step 3.44e-04 rho +1.135 radius 6.9e-04 shift 4.7e-05 | B_min -1.31e-05 lam_min 9.14e-06 lam_k 9.94e-01 S_sub_min -3.09e-02
  it  47 cost 1.1476099955e-07 |g|inf 2.78e-03 step 6.89e-04 rho +0.253 radius 6.9e-04 shift 4.6e-05 | B_min +1.24e-05 lam_min 9.13e-06 lam_k 9.93e-01 S_sub_min -3.22e-02
  it  48 cost 1.1469696099e-07 |g|inf 6.58e-03 step 6.89e-04 rho +0.890 radius 1.4e-03 shift 1.4e-05 | B_min -5.00e-07 lam_min 9.17e-06 lam_k 9.93e-01 S_sub_min -3.00e-02
  it  49 cost 1.1464222465e-07 |g|inf 7.01e-03 step 3.44e-04 rho +0.943 radius 6.9e-04 shift 2.9e-04 | B_min -1.46e-05 lam_min 9.11e-06 lam_k 9.92e-01 S_sub_min -3.21e-02
  it  50 cost 1.1458610179e-07 |g|inf 2.44e-03 step 6.89e-04 rho +0.970 radius 1.4e-03 shift 3.8e-05 | B_min +1.03e-05 lam_min 9.15e-06 lam_k 9.92e-01 S_sub_min -3.16e-02
  it  51 cost 1.1451177392e-07 |g|inf 6.16e-03 step 9.67e-04 rho +1.061 radius 1.4e-03 shift 0.0e+00 | B_min +8.83e-06 lam_min 9.19e-06 lam_k 9.93e-01 S_sub_min -2.99e-02
  it  52 cost 1.1443083498e-07 |g|inf 5.83e-03 step 3.44e-04 rho +0.953 radius 6.9e-04 shift 4.1e-04 | B_min -3.04e-05 lam_min 9.20e-06 lam_k 9.96e-01 S_sub_min -3.19e-02
  it  53 cost 1.1434341282e-07 |g|inf 3.39e-03 step 6.89e-04 rho +0.962 radius 1.4e-03 shift 9.9e-05 | B_min +9.51e-06 lam_min 9.26e-06 lam_k 9.96e-01 S_sub_min -3.11e-02
  it  54 cost 1.1434290427e-07 |g|inf 6.41e-03 step 1.38e-03 rho +0.005 radius 3.4e-04 shift 2.8e-06 | B_min +1.13e-05 lam_min 9.33e-06 lam_k 9.99e-01 S_sub_min -2.97e-02
  it  55 cost 1.1413077666e-07 |g|inf 1.71e-02 step 3.44e-04 rho +1.019 radius 6.9e-04 shift 3.8e-04 | B_min -1.50e-04 lam_min 9.31e-06 lam_k 1.00e+00 S_sub_min -2.89e-02
  it  56 cost 1.1405518088e-07 |g|inf 2.43e-03 step 6.89e-04 rho +0.713 radius 6.9e-04 shift 1.4e-04 | B_min +4.87e-06 lam_min 9.39e-06 lam_k 1.00e+00 S_sub_min -3.08e-02
  it  57 cost 1.1393494596e-07 |g|inf 9.09e-03 step 6.89e-04 rho +1.085 radius 1.4e-03 shift 4.7e-05 | B_min +2.06e-07 lam_min 9.43e-06 lam_k 1.01e+00 S_sub_min -2.91e-02
  it  58 cost 1.1386264676e-07 |g|inf 4.49e-03 step 3.44e-04 rho +1.025 radius 6.9e-04 shift 3.3e-04 | B_min +1.17e-05 lam_min 9.45e-06 lam_k 1.01e+00 S_sub_min -3.00e-02
  it  59 cost 1.1378591764e-07 |g|inf 3.56e-03 step 6.89e-04 rho +0.967 radius 1.4e-03 shift 9.9e-05 | B_min +9.43e-06 lam_min 9.50e-06 lam_k 1.01e+00 S_sub_min -3.09e-02
  it  60 cost 1.1377864209e-07 |g|inf 6.36e-03 step 1.38e-03 rho +0.082 radius 3.4e-04 shift 9.2e-06 | B_min +1.29e-05 lam_min 9.53e-06 lam_k 1.02e+00 S_sub_min -2.90e-02
  it  61 cost 1.1362372108e-07 |g|inf 1.54e-02 step 3.44e-04 rho +0.965 radius 6.9e-04 shift 3.3e-04 | B_min -1.89e-04 lam_min 9.50e-06 lam_k 1.02e+00 S_sub_min -3.18e-02
  it  62 cost 1.1358384416e-07 |g|inf 2.99e-03 step 6.89e-04 rho +0.513 radius 6.9e-04 shift 1.0e-04 | B_min +1.51e-05 lam_min 9.54e-06 lam_k 1.02e+00 S_sub_min -2.90e-02
  it  63 cost 1.1349405767e-07 |g|inf 1.15e-02 step 6.89e-04 rho +0.959 radius 1.4e-03 shift 4.3e-05 | B_min -4.33e-06 lam_min 9.57e-06 lam_k 1.03e+00 S_sub_min -2.80e-02
  it  64 cost 1.1344218367e-07 |g|inf 3.96e-03 step 3.44e-04 rho +0.937 radius 6.9e-04 shift 2.4e-04 | B_min -1.54e-06 lam_min 9.59e-06 lam_k 1.03e+00 S_sub_min -2.85e-02
  it  65 cost 1.1339199071e-07 |g|inf 5.27e-03 step 6.89e-04 rho +0.919 radius 1.4e-03 shift 5.9e-05 | B_min +6.73e-06 lam_min 9.61e-06 lam_k 1.03e+00 S_sub_min -2.96e-02
  it  66 cost 1.1334585236e-07 |g|inf 6.11e-03 step 3.44e-04 rho +1.069 radius 6.9e-04 shift 1.3e-04 | B_min +1.38e-05 lam_min 9.63e-06 lam_k 1.03e+00 S_sub_min -2.97e-02
  it  67 cost 1.1331005268e-07 |g|inf 4.55e-03 step 6.89e-04 rho +0.756 radius 1.4e-03 shift 5.5e-05 | B_min +6.54e-06 lam_min 9.64e-06 lam_k 1.03e+00 S_sub_min -3.03e-02
  it  68 cost 1.1326166454e-07 |g|inf 7.41e-03 step 3.44e-04 rho +1.098 radius 6.9e-04 shift 8.9e-05 | B_min +3.16e-06 lam_min 9.67e-06 lam_k 1.03e+00 S_sub_min -3.00e-02
  it  69 cost 1.1323652459e-07 |g|inf 3.97e-03 step 6.89e-04 rho +0.608 radius 6.9e-04 shift 4.6e-05 | B_min +7.71e-06 lam_min 9.69e-06 lam_k 1.03e+00 S_sub_min -3.06e-02
  it  70 cost 1.1319341765e-07 |g|inf 8.94e-03 step 6.89e-04 rho +0.863 radius 1.4e-03 shift 2.2e-05 | B_min -6.52e-06 lam_min 9.72e-06 lam_k 1.03e+00 S_sub_min -3.03e-02
  it  71 cost 1.1315881334e-07 |g|inf 4.08e-03 step 3.44e-04 rho +0.944 radius 6.9e-04 shift 1.7e-04 | B_min -2.47e-05 lam_min 9.75e-06 lam_k 1.03e+00 S_sub_min -3.10e-02
  it  72 cost 1.1314058265e-07 |g|inf 3.97e-03 step 1.72e-04 rho +1.058 radius 3.4e-04 shift 3.3e-04 | B_min +1.45e-05 lam_min 9.77e-06 lam_k 1.03e+00 S_sub_min -3.23e-02
  it  73 cost 1.1311837887e-07 |g|inf 1.71e-03 step 3.44e-04 rho +0.948 radius 6.9e-04 shift 1.6e-04 | B_min +9.83e-06 lam_min 9.79e-06 lam_k 1.03e+00 S_sub_min -3.17e-02
  it  74 cost 1.1310101868e-07 |g|inf 3.77e-03 step 6.89e-04 rho +0.637 radius 6.9e-04 shift 1.4e-05 | B_min +1.61e-05 lam_min 9.81e-06 lam_k 1.03e+00 S_sub_min -3.15e-02
  it  75 cost 1.1309920105e-07 |g|inf 7.27e-03 step 6.89e-04 rho +0.049 radius 1.7e-04 shift 5.6e-06 | B_min +2.33e-06 lam_min 9.86e-06 lam_k 1.03e+00 S_sub_min -3.05e-02
  it  76 cost 1.1304649601e-07 |g|inf 4.26e-03 step 1.72e-04 rho +0.977 radius 3.4e-04 shift 3.5e-04 | B_min -2.07e-05 lam_min 9.87e-06 lam_k 1.03e+00 S_sub_min -3.12e-02
  it  77 cost 1.1302678759e-07 |g|inf 2.04e-03 step 3.44e-04 rho +0.892 radius 6.9e-04 shift 1.4e-04 | B_min +8.74e-06 lam_min 9.88e-06 lam_k 1.03e+00 S_sub_min -3.18e-02
  it  78 cost 1.1300915677e-07 |g|inf 2.84e-03 step 6.89e-04 rho +0.690 radius 6.9e-04 shift 1.4e-05 | B_min +1.52e-05 lam_min 9.91e-06 lam_k 1.03e+00 S_sub_min -3.15e-02
  it  79 cost 1.1298125901e-07 |g|inf 6.84e-03 step 1.72e-04 rho +1.060 radius 3.4e-04 shift 2.0e-04 | B_min +7.27e-06 lam_min 9.97e-06 lam_k 1.03e+00 S_sub_min -3.02e-02
  it  80 cost 1.1296903950e-07 |g|inf 7.36e-04 step 3.44e-04 rho +0.621 radius 3.4e-04 shift 1.2e-04 | B_min +8.78e-06 lam_min 9.98e-06 lam_k 1.03e+00 S_sub_min -3.28e-02
  it  81 cost 1.1294512503e-07 |g|inf 6.04e-03 step 3.44e-04 rho +1.122 radius 6.9e-04 shift 3.2e-05 | B_min +9.74e-06 lam_min 1.00e-05 lam_k 1.03e+00 S_sub_min -3.02e-02
  it  82 cost 1.1293278289e-07 |g|inf 1.20e-03 step 1.72e-04 rho +0.947 radius 3.4e-04 shift 2.8e-04 | B_min +2.18e-05 lam_min 1.00e-05 lam_k 1.03e+00 S_sub_min -3.31e-02
  it  83 cost 1.1291762051e-07 |g|inf 2.15e-03 step 3.44e-04 rho +0.880 radius 6.9e-04 shift 9.2e-05 | B_min +8.23e-06 lam_min 1.01e-05 lam_k 1.03e+00 S_sub_min -3.17e-02
  it  84 cost 1.1290660099e-07 |g|inf 3.05e-03 step 5.75e-04 rho +0.660 radius 6.9e-04 shift 0.0e+00 | B_min +1.36e-05 lam_min 1.01e-05 lam_k 1.03e+00 S_sub_min -3.20e-02
  it  85 cost 1.1288408628e-07 |g|inf 5.28e-03 step 1.72e-04 rho +1.038 radius 3.4e-04 shift 2.0e-04 | B_min +8.49e-06 lam_min 1.02e-05 lam_k 1.03e+00 S_sub_min -3.05e-02
  it  86 cost 1.1287613289e-07 |g|inf 5.86e-04 step 3.44e-04 rho +0.467 radius 3.4e-04 shift 1.0e-04 | B_min +8.38e-06 lam_min 1.02e-05 lam_k 1.03e+00 S_sub_min -3.31e-02
  it  87 cost 1.1285410064e-07 |g|inf 5.94e-03 step 3.44e-04 rho +1.101 radius 6.9e-04 shift 1.0e-05 | B_min +6.84e-06 lam_min 1.02e-05 lam_k 1.03e+00 S_sub_min -3.02e-02
  it  88 cost 1.1284315405e-07 |g|inf 9.85e-04 step 1.72e-04 rho +0.885 radius 3.4e-04 shift 2.7e-04 | B_min +2.20e-05 lam_min 1.02e-05 lam_k 1.03e+00 S_sub_min -3.35e-02
  it  89 cost 1.1283073461e-07 |g|inf 2.11e-03 step 3.44e-04 rho +0.797 radius 6.9e-04 shift 7.7e-05 | B_min +8.16e-06 lam_min 1.03e-05 lam_k 1.03e+00 S_sub_min -3.16e-02
  it  90 cost 1.1282240495e-07 |g|inf 2.65e-03 step 3.97e-04 rho +0.554 radius 6.9e-04 shift 0.0e+00 | B_min +9.29e-06 lam_min 1.03e-05 lam_k 1.03e+00 S_sub_min -3.21e-02
  it  91 cost 1.1280182386e-07 |g|inf 6.21e-03 step 1.72e-04 rho +0.993 radius 3.4e-04 shift 2.2e-04 | B_min +9.04e-06 lam_min 1.03e-05 lam_k 1.03e+00 S_sub_min -3.03e-02
  it  92 cost 1.1279626313e-07 |g|inf 4.01e-04 step 3.44e-04 rho +0.350 radius 3.4e-04 shift 9.9e-05 | B_min +8.14e-06 lam_min 1.03e-05 lam_k 1.03e+00 S_sub_min -3.33e-02
  it  93 cost 1.1277496260e-07 |g|inf 5.86e-03 step 3.44e-04 rho +1.063 radius 6.9e-04 shift 6.0e-06 | B_min +6.97e-06 lam_min 1.04e-05 lam_k 1.02e+00 S_sub_min -3.01e-02
  it  94 cost 1.1276473517e-07 |g|inf 9.78e-04 step 1.72e-04 rho +0.842 radius 3.4e-04 shift 2.5e-04 | B_min +1.10e-05 lam_min 1.04e-05 lam_k 1.02e+00 S_sub_min -3.38e-02
  it  95 cost 1.1275361966e-07 |g|inf 2.20e-03 step 3.44e-04 rho +0.754 radius 6.9e-04 shift 7.3e-05 | B_min +8.35e-06 lam_min 1.04e-05 lam_k 1.02e+00 S_sub_min -3.15e-02
  it  96 cost 1.1274168619e-07 |g|inf 2.33e-03 step 1.11e-04 rho +1.046 radius 2.2e-04 shift 2.7e-04 | B_min +9.12e-06 lam_min 1.04e-05 lam_k 1.02e+00 S_sub_min -3.22e-02
  it  97 cost 1.1273206867e-07 |g|inf 9.95e-04 step 2.23e-04 rho +0.944 radius 4.5e-04 shift 1.7e-04 | B_min +9.03e-06 lam_min 1.05e-05 lam_k 1.02e+00 S_sub_min -3.25e-02
  it  98 cost 1.1272761512e-07 |g|inf 1.37e-03 step 4.46e-04 rho +0.371 radius 4.5e-04 shift 9.6e-06 | B_min +8.72e-06 lam_min 1.05e-05 lam_k 1.02e+00 S_sub_min -3.22e-02
  it  99 cost 1.1270588454e-07 |g|inf 6.11e-03 step 2.48e-04 rho +1.111 radius 4.5e-04 shift 0.0e+00 | B_min +1.74e-05 lam_min 1.05e-05 lam_k 1.02e+00 S_sub_min -3.04e-02
  it 100 cost 1.1269904783e-07 |g|inf 7.87e-04 step 1.11e-04 rho +1.013 radius 2.2e-04 shift 3.7e-04 | B_min +1.25e-05 lam_min 1.06e-05 lam_k 1.02e+00 S_sub_min -3.23e-02
  it 101 cost 1.1268998846e-07 |g|inf 8.51e-04 step 2.23e-04 rho +0.945 radius 4.5e-04 shift 1.6e-04 | B_min +8.62e-06 lam_min 1.06e-05 lam_k 1.02e+00 S_sub_min -3.27e-02
  it 102 cost 1.1268517283e-07 |g|inf 1.56e-03 step 4.46e-04 rho +0.438 radius 4.5e-04 shift 5.8e-06 | B_min +8.54e-06 lam_min 1.06e-05 lam_k 1.02e+00 S_sub_min -3.20e-02
  it 103 cost 1.1266554505e-07 |g|inf 5.59e-03 step 2.40e-04 rho +1.107 radius 4.5e-04 shift 0.0e+00 | B_min +1.91e-05 lam_min 1.06e-05 lam_k 1.02e+00 S_sub_min -3.06e-02
  it 104 cost 1.1265869175e-07 |g|inf 1.02e-03 step 1.11e-04 rho +1.033 radius 2.2e-04 shift 3.3e-04 | B_min +1.16e-05 lam_min 1.07e-05 lam_k 1.02e+00 S_sub_min -3.19e-02
  it 105 cost 1.1265014711e-07 |g|inf 8.17e-04 step 2.23e-04 rho +0.938 radius 4.5e-04 shift 1.5e-04 | B_min +8.54e-06 lam_min 1.07e-05 lam_k 1.02e+00 S_sub_min -3.27e-02
  it 106 cost 1.1264571273e-07 |g|inf 1.62e-03 step 4.46e-04 rho +0.433 radius 4.5e-04 shift 3.2e-06 | B_min +8.53e-06 lam_min 1.07e-05 lam_k 1.02e+00 S_sub_min -3.19e-02
  it 107 cost 1.1262740669e-07 |g|inf 5.46e-03 step 2.53e-04 rho +1.080 radius 4.5e-04 shift 0.0e+00 | B_min +1.75e-05 lam_min 1.08e-05 lam_k 1.02e+00 S_sub_min -3.07e-02
  it 108 cost 1.1262038233e-07 |g|inf 1.19e-03 step 1.11e-04 rho +1.036 radius 2.2e-04 shift 3.1e-04 | B_min +1.26e-05 lam_min 1.08e-05 lam_k 1.02e+00 S_sub_min -3.16e-02
  it 109 cost 1.1261233647e-07 |g|inf 8.13e-04 step 2.23e-04 rho +0.932 radius 4.5e-04 shift 1.5e-04 | B_min +8.42e-06 lam_min 1.08e-05 lam_k 1.02e+00 S_sub_min -3.27e-02
  it 110 cost 1.1260860271e-07 |g|inf 1.65e-03 step 4.46e-04 rho +0.394 radius 4.5e-04 shift 1.1e-06 | B_min +8.54e-06 lam_min 1.08e-05 lam_k 1.02e+00 S_sub_min -3.19e-02
  it 111 cost 1.1259226515e-07 |g|inf 5.53e-03 step 2.91e-04 rho +0.989 radius 4.5e-04 shift 0.0e+00 | B_min +1.57e-05 lam_min 1.09e-05 lam_k 1.02e+00 S_sub_min -3.07e-02
  it 112 cost 1.1258419129e-07 |g|inf 1.40e-03 step 1.11e-04 rho +1.022 radius 2.2e-04 shift 2.9e-04 | B_min +1.24e-05 lam_min 1.09e-05 lam_k 1.02e+00 S_sub_min -3.12e-02
  it 113 cost 1.1257664646e-07 |g|inf 8.33e-04 step 2.23e-04 rho +0.927 radius 4.5e-04 shift 1.4e-04 | B_min +8.23e-06 lam_min 1.09e-05 lam_k 1.02e+00 S_sub_min -3.26e-02
  it 114 cost 1.1257351186e-07 |g|inf 1.64e-03 step 4.42e-04 rho +0.358 radius 4.5e-04 shift 0.0e+00 | B_min +8.56e-06 lam_min 1.10e-05 lam_k 1.02e+00 S_sub_min -3.19e-02
  it 115 cost 1.1256529556e-07 |g|inf 5.69e-03 step 4.10e-04 rho +0.510 radius 4.5e-04 shift 0.0e+00 | B_min +1.30e-05 lam_min 1.10e-05 lam_k 1.02e+00 S_sub_min -3.05e-02
  it 116 cost 1.1255029084e-07 |g|inf 2.23e-03 step 1.11e-04 rho +0.992 radius 2.2e-04 shift 2.9e-04 | B_min +8.96e-06 lam_min 1.10e-05 lam_k 1.02e+00 S_sub_min -3.08e-02
  it 117 cost 1.1254319218e-07 |g|inf 8.87e-04 step 2.23e-04 rho +0.925 radius 4.5e-04 shift 1.3e-04 | B_min +7.88e-06 lam_min 1.11e-05 lam_k 1.02e+00 S_sub_min -3.24e-02
  it 118 cost 1.1254107368e-07 |g|inf 1.56e-03 step 4.46e-04 rho +0.257 radius 4.5e-04 shift 7.1e-07 | B_min +8.54e-06 lam_min 1.11e-05 lam_k 1.02e+00 S_sub_min -3.19e-02
  it 119 cost 1.1253911014e-07 |g|inf 6.16e-03 step 4.46e-04 rho +0.118 radius 1.1e-04 shift 7.7e-06 | B_min +8.62e-06 lam_min 1.12e-05 lam_k 1.02e+00 S_sub_min -3.04e-02
  it 120 cost 1.1251874361e-07 |g|inf 2.49e-03 step 1.11e-04 rho +0.976 radius 2.2e-04 shift 2.9e-04 | B_min +3.44e-06 lam_min 1.12e-05 lam_k 1.02e+00 S_sub_min -3.08e-02
  it 121 cost 1.1251225685e-07 |g|inf 1.02e-03 step 2.23e-04 rho +0.930 radius 4.5e-04 shift 1.1e-04 | B_min +7.83e-06 lam_min 1.12e-05 lam_k 1.02e+00 S_sub_min -3.21e-02
  it 122 cost 1.1251197960e-07 |g|inf 1.47e-03 step 4.46e-04 rho +0.037 radius 1.1e-04 shift 1.2e-06 | B_min +9.08e-06 lam_min 1.13e-05 lam_k 1.02e+00 S_sub_min -3.22e-02
  it 123 cost 1.1249676684e-07 |g|inf 6.54e-03 step 1.11e-04 rho +1.041 radius 2.2e-04 shift 1.2e-04 | B_min +7.43e-06 lam_min 1.14e-05 lam_k 1.02e+00 S_sub_min -3.04e-02
  it 124 cost 1.1249218815e-07 |g|inf 3.18e-04 step 2.23e-04 rho +0.699 radius 2.2e-04 shift 1.1e-04 | B_min +7.52e-06 lam_min 1.14e-05 lam_k 1.02e+00 S_sub_min -3.29e-02
  it 125 cost 1.1248501154e-07 |g|inf 2.76e-03 step 2.23e-04 rho +1.123 radius 4.5e-04 shift 3.3e-05 | B_min +1.00e-05 lam_min 1.14e-05 lam_k 1.02e+00 S_sub_min -3.08e-02
  it 126 cost 1.1248105287e-07 |g|inf 9.63e-04 step 1.11e-04 rho +0.992 radius 2.2e-04 shift 1.9e-04 | B_min +1.24e-05 lam_min 1.15e-05 lam_k 1.02e+00 S_sub_min -3.30e-02
  it 127 cost 1.1247604032e-07 |g|inf 9.27e-04 step 2.23e-04 rho +0.943 radius 4.5e-04 shift 7.9e-05 | B_min +9.13e-06 lam_min 1.15e-05 lam_k 1.02e+00 S_sub_min -3.22e-02
  it 128 cost 1.1247197154e-07 |g|inf 1.45e-03 step 3.22e-04 rho +0.831 radius 4.5e-04 shift 0.0e+00 | B_min +1.13e-05 lam_min 1.15e-05 lam_k 1.02e+00 S_sub_min -3.23e-02
  it 129 cost 1.1246539902e-07 |g|inf 3.70e-03 step 1.01e-04 rho +1.093 radius 2.0e-04 shift 1.0e-04 | B_min +1.45e-05 lam_min 1.16e-05 lam_k 1.02e+00 S_sub_min -3.09e-02
  it 130 cost 1.1246188299e-07 |g|inf 2.82e-04 step 2.02e-04 rho +0.769 radius 4.0e-04 shift 9.0e-05 | B_min +8.30e-06 lam_min 1.16e-05 lam_k 1.02e+00 S_sub_min -3.31e-02
  it 131 cost 1.1245761272e-07 |g|inf 2.07e-03 step 3.14e-04 rho +0.928 radius 4.0e-04 shift 0.0e+00 | B_min +1.12e-05 lam_min 1.17e-05 lam_k 1.02e+00 S_sub_min -3.14e-02
  it 132 cost 1.1245297307e-07 |g|inf 1.74e-03 step 1.01e-04 rho +0.949 radius 2.0e-04 shift 1.6e-04 | B_min +1.72e-05 lam_min 1.17e-05 lam_k 1.02e+00 S_sub_min -3.30e-02
  it 133 cost 1.1244936689e-07 |g|inf 9.64e-04 step 2.02e-04 rho +0.934 radius 4.0e-04 shift 6.5e-05 | B_min +9.43e-06 lam_min 1.18e-05 lam_k 1.02e+00 S_sub_min -3.21e-02
  it 134 cost 1.1244816299e-07 |g|inf 1.11e-03 step 3.21e-04 rho +0.341 radius 4.0e-04 shift 0.0e+00 | B_min +1.14e-05 lam_min 1.18e-05 lam_k 1.02e+00 S_sub_min -3.27e-02
  it 135 cost 1.1244188230e-07 |g|inf 4.24e-03 step 1.01e-04 rho +1.044 radius 2.0e-04 shift 7.4e-05 | B_min +1.18e-05 lam_min 1.19e-05 lam_k 1.02e+00 S_sub_min -3.09e-02
  it 136 cost 1.1243998226e-07 |g|inf 2.13e-04 step 2.02e-04 rho +0.555 radius 2.0e-04 shift 6.5e-05 | B_min +8.68e-06 lam_min 1.19e-05 lam_k 1.02e+00 S_sub_min -3.33e-02
  it 137 cost 1.1243617185e-07 |g|inf 2.30e-03 step 2.02e-04 rho +1.078 radius 4.0e-04 shift 1.1e-05 | B_min +1.21e-05 lam_min 1.20e-05 lam_k 1.02e+00 S_sub_min -3.14e-02
  it 138 cost 1.1243419105e-07 |g|inf 7.37e-04 step 1.01e-04 rho +0.903 radius 2.0e-04 shift 1.2e-04 | B_min +1.28e-05 lam_min 1.20e-05 lam_k 1.02e+00 S_sub_min -3.34e-02
  it 139 cost 1.1243182708e-07 |g|inf 8.80e-04 step 2.02e-04 rho +0.952 radius 4.0e-04 shift 3.6e-05 | B_min +1.03e-05 lam_min 1.20e-05 lam_k 1.02e+00 S_sub_min -3.24e-02
  it 140 cost 1.1242997054e-07 |g|inf 1.09e-03 step 2.40e-04 rho +0.891 radius 4.0e-04 shift 0.0e+00 | B_min +1.27e-05 lam_min 1.21e-05 lam_k 1.02e+00 S_sub_min -3.30e-02
  it 141 cost 1.1242945000e-07 |g|inf 2.31e-03 step 3.14e-04 rho +0.182 radius 7.9e-05 shift 0.0e+00 | B_min +1.26e-05 lam_min 1.21e-05 lam_k 1.02e+00 S_sub_min -3.17e-02
  it 142 cost 1.1242563922e-07 |g|inf 1.20e-03 step 7.85e-05 rho +0.912 radius 1.6e-04 shift 1.6e-04 | B_min +1.29e-05 lam_min 1.22e-05 lam_k 1.02e+00 S_sub_min -3.25e-02
  it 143 cost 1.1242401111e-07 |g|inf 6.43e-04 step 1.57e-04 rho +1.034 radius 3.1e-04 shift 3.8e-05 | B_min +1.04e-05 lam_min 1.22e-05 lam_k 1.02e+00 S_sub_min -3.26e-02
  it 144 cost 1.1242302654e-07 |g|inf 6.97e-04 step 2.66e-04 rho +0.686 radius 3.1e-04 shift 0.0e+00 | B_min +1.17e-05 lam_min 1.22e-05 lam_k 1.02e+00 S_sub_min -3.32e-02
  it 145 cost 1.1242093978e-07 |g|inf 2.35e-03 step 1.50e-04 rho +1.064 radius 3.1e-04 shift 0.0e+00 | B_min +1.51e-05 lam_min 1.23e-05 lam_k 1.02e+00 S_sub_min -3.18e-02
  it 146 cost 1.1242002200e-07 |g|inf 4.17e-04 step 7.85e-05 rho +0.928 radius 1.6e-04 shift 9.1e-05 | B_min +1.15e-05 lam_min 1.23e-05 lam_k 1.02e+00 S_sub_min -3.34e-02
  it 147 cost 1.1241898337e-07 |g|inf 5.17e-04 step 1.57e-04 rho +1.060 radius 3.1e-04 shift 2.0e-05 | B_min +1.07e-05 lam_min 1.24e-05 lam_k 1.02e+00 S_sub_min -3.29e-02
  it 148 cost 1.1241800191e-07 |g|inf 7.90e-04 step 1.68e-04 rho +1.282 radius 3.1e-04 shift 0.0e+00 | B_min +1.23e-05 lam_min 1.24e-05 lam_k 1.02e+00 S_sub_min -3.32e-02
  it 149 cost 1.1241717087e-07 |g|inf 9.59e-04 step 1.45e-04 rho +1.231 radius 3.1e-04 shift 0.0e+00 | B_min +1.32e-05 lam_min 1.24e-05 lam_k 1.02e+00 S_sub_min -3.27e-02
  it 150 cost 1.1241649001e-07 |g|inf 6.24e-04 step 1.50e-04 rho +1.108 radius 3.1e-04 shift 0.0e+00 | B_min +1.23e-05 lam_min 1.25e-05 lam_k 1.02e+00 S_sub_min -3.33e-02
  it 151 cost 1.1241588867e-07 |g|inf 8.68e-04 step 1.35e-04 rho +1.107 radius 3.1e-04 shift 0.0e+00 | B_min +1.24e-05 lam_min 1.25e-05 lam_k 1.02e+00 S_sub_min -3.27e-02
  it 152 cost 1.1241549871e-07 |g|inf 4.66e-04 step 1.48e-04 rho +0.835 radius 3.1e-04 shift 0.0e+00 | B_min +1.19e-05 lam_min 1.25e-05 lam_k 1.02e+00 S_sub_min -3.34e-02
  it 153 cost 1.1241503284e-07 |g|inf 8.61e-04 step 1.01e-04 rho +1.062 radius 3.1e-04 shift 0.0e+00 | B_min +1.18e-05 lam_min 1.26e-05 lam_k 1.02e+00 S_sub_min -3.26e-02
  it 154 cost 1.1241494170e-07 |g|inf 2.15e-04 step 1.47e-04 rho +0.322 radius 3.1e-04 shift 0.0e+00 | B_min +1.11e-05 lam_min 1.26e-05 lam_k 1.02e+00 S_sub_min -3.35e-02
  it 155 cost 1.1241457063e-07 |g|inf 9.08e-04 step 5.34e-05 rho +1.015 radius 3.1e-04 shift 0.0e+00 | B_min +1.17e-05 lam_min 1.26e-05 lam_k 1.02e+00 S_sub_min -3.26e-02
  it 156 cost 1.1241450595e-07 |g|inf 4.37e-05 step 3.16e-05 rho +0.977 radius 6.3e-05 shift 4.1e-05 | B_min +9.72e-06 lam_min 1.26e-05 lam_k 1.02e+00 S_sub_min -3.35e-02
  it 157 cost 1.1241443627e-07 |g|inf 6.18e-05 step 6.32e-05 rho +1.178 radius 1.3e-04 shift 6.2e-06 | B_min +9.60e-06 lam_min 1.27e-05 lam_k 1.02e+00 S_sub_min -3.34e-02
  it 158 cost 1.1241439204e-07 |g|inf 1.45e-04 step 4.31e-05 rho +1.493 radius 1.3e-04 shift 0.0e+00 | B_min +1.04e-05 lam_min 1.27e-05 lam_k 1.02e+00 S_sub_min -3.34e-02
  it 159 cost 1.1241437027e-07 |g|inf 7.14e-05 step 3.44e-05 rho +1.517 radius 1.3e-04 shift 0.0e+00 | B_min +9.94e-06 lam_min 1.27e-05 lam_k 1.02e+00 S_sub_min -3.34e-02
  it 160 cost 1.1241436046e-07 |g|inf 4.97e-05 step 1.98e-05 rho +1.551 radius 1.3e-04 shift 0.0e+00 | B_min +9.70e-06 lam_min 1.27e-05 lam_k 1.02e+00 S_sub_min -3.34e-02
  it 161 cost 1.1241435646e-07 |g|inf 1.63e-05 step 1.45e-05 rho +1.580 radius 1.3e-04 shift 0.0e+00 | B_min +9.24e-06 lam_min 1.27e-05 lam_k 1.02e+00 S_sub_min -3.35e-02
  it 162 cost 1.1241435490e-07 |g|inf 8.83e-06 step 7.60e-06 rho +1.596 radius 1.3e-04 shift 0.0e+00 | B_min +9.12e-06 lam_min 1.27e-05 lam_k 1.02e+00 S_sub_min -3.35e-02
  it 163 cost 1.1241435430e-07 |g|inf 2.36e-06 step 5.36e-06 rho +1.604 radius 1.3e-04 shift 0.0e+00 | B_min +9.00e-06 lam_min 1.27e-05 lam_k 1.02e+00 S_sub_min -3.35e-02
  it 164 cost 1.1241435408e-07 |g|inf 1.17e-06 step 2.82e-06 rho +1.605 radius 1.3e-04 shift 0.0e+00 | B_min +8.99e-06 lam_min 1.27e-05 lam_k 1.02e+00 S_sub_min -3.35e-02
  it 165 cost 1.1241435399e-07 |g|inf 3.28e-07 step 1.99e-06 rho +1.611 radius 1.3e-04 shift 0.0e+00 | B_min +8.97e-06 lam_min 1.27e-05 lam_k 1.02e+00 S_sub_min -3.35e-02
  it 166 cost 1.1241435396e-07 |g|inf 1.66e-07 step 1.06e-06 rho +1.606 radius 1.3e-04 shift 0.0e+00 | B_min +8.97e-06 lam_min 1.27e-05 lam_k 1.02e+00 S_sub_min -3.35e-02
  it 167 cost 1.1241435395e-07 |g|inf 5.02e-08 step 7.44e-07 rho +1.619 radius 1.3e-04 shift 0.0e+00 | B_min +8.97e-06 lam_min 1.27e-05 lam_k 1.02e+00 S_sub_min -3.35e-02
  it 168 cost 1.1241435394e-07 |g|inf 2.69e-08 step 3.98e-07 rho +1.597 radius 1.3e-04 shift 0.0e+00 | B_min +8.97e-06 lam_min 1.27e-05 lam_k 1.02e+00 S_sub_min -3.35e-02
  it 169 cost 1.1241435394e-07 |g|inf 1.25e-08 step 2.80e-07 rho +1.384 radius 1.3e-04 shift 0.0e+00 | B_min +8.97e-06 lam_min 1.27e-05 lam_k 1.02e+00 S_sub_min -3.35e-02
  it 170 cost 1.1241435394e-07 |g|inf 8.85e-09 step 1.50e-07 rho +1.666 radius 1.3e-04 shift 0.0e+00 | B_min +8.97e-06 lam_min 1.27e-05 lam_k 1.02e+00 S_sub_min -3.35e-02
  it 171 cost 1.1241435394e-07 |g|inf 4.73e-09 step 1.05e-07 rho +2.148 radius 1.3e-04 shift 0.0e+00 | B_min +8.97e-06 lam_min 1.27e-05 lam_k 1.02e+00 S_sub_min -3.35e-02
  it 172 cost 1.1241435394e-07 |g|inf 3.27e-09 step 5.67e-08 rho +1.028 radius 1.3e-04 shift 0.0e+00 | B_min +8.97e-06 lam_min 1.27e-05 lam_k 1.02e+00 S_sub_min -3.35e-02
  it 173 cost 1.1241435394e-07 |g|inf 2.77e-09 step 3.96e-08 rho +5.331 radius 1.3e-04 shift 0.0e+00 | B_min +8.97e-06 lam_min 1.27e-05 lam_k 1.02e+00 S_sub_min -3.35e-02
  it 174 cost 1.1241435394e-07 |g|inf 1.22e-09 step 2.14e-08 rho +11.322 radius 1.3e-04 shift 0.0e+00 | B_min +8.97e-06 lam_min 1.27e-05 lam_k 1.02e+00 S_sub_min -3.35e-02
  it 175 cost 1.1241435394e-07 |g|inf 1.14e-09 step 9.31e-10 rho +35.101 radius 1.9e-09 shift 2.7e-04 | B_min +8.97e-06 lam_min 1.27e-05 lam_k 1.02e+00 S_sub_min -3.35e-02
  it 176 cost 1.1241435394e-07 |g|inf 1.04e-09 step 1.11e-16 rho +42421.534 radius 2.2e-16 shift 1.3e+06 | B_min +8.97e-06 lam_min 1.27e-05 lam_k 1.02e+00 S_sub_min -3.35e-02
  it 177 cost 1.1241435394e-07 |g|inf 3.26e-10 step 5.55e-17 rho +2943198.348 radius 1.1e-16 shift 2.4e+06 | B_min +8.97e-06 lam_min 1.27e-05 lam_k 1.02e+00 S_sub_min -3.35e-02
  it 178 cost 1.1241435394e-07 |g|inf 1.34e-10 step 1.08e-19 rho +222879043.767 radius 2.2e-19 shift 5.2e+09 | B_min +8.97e-06 lam_min 1.27e-05 lam_k 1.02e+00 S_sub_min -3.35e-02
  it 179 cost 1.1241435394e-07 |g|inf 1.34e-10 step 5.42e-20 rho +178606293.893 radius 1.1e-19 shift 1.1e+10 | B_min +8.97e-06 lam_min 1.27e-05 lam_k 1.02e+00 S_sub_min -3.35e-02
  it 180 cost 1.1241435394e-07 |g|inf 1.34e-10 step 2.71e-20 rho +9258265.212 radius 5.4e-20 shift 2.1e+10 | B_min +8.97e-06 lam_min 1.27e-05 lam_k 1.02e+00 S_sub_min -3.35e-02
  it 181 cost 1.1241435394e-07 |g|inf 1.34e-10 step 5.42e-20 rho +55130695.421 radius 1.1e-19 shift 1.1e+10 | B_min +8.97e-06 lam_min 1.27e-05 lam_k 1.02e+00 S_sub_min -3.35e-02
    [subspace-newton] call 2: 182 its, 48.1 s (converged (precision floor)); totals 185 its, 64 s
sd |h| 1.000e-02  pred +2.0893e-03  actual -2.3304e-01  paired -2.3304e-01  ratio -111.5417  (51 s)
    dc_act/dc_pred per term: Vacuum B.n +1.99e-03/+1.99e-03 e2.1e-03  QS two-ter -1.74e-02/+2.52e-05 e1.7e+01  aspect rat +0.00e+00/+0.00e+00 e0.0e+00  rotational +1.67e-03/-1.72e-06 e2.6e+02  volume +2.14e-08/+2.21e-08 e3.0e-02  coil lengt +3.79e-05/+3.86e-05 e1.6e-02  coil curva -2.19e-01/+4.67e-05 e1.6e+02 act5->7  coil mean  +0.00e+00/+0.00e+00 e0.0e+00  coil-coil  -1.09e-05/-1.09e-05 e3.0e-03  plasma-coi +0.00e+00/+0.00e+00 e0.0e+00
  it   0 cost 1.1616597700e-07 |g|inf 2.90e+00 step 1.00e-04 rho +0.997 radius 2.0e-04 shift 2.3e-01 | B_min -2.27e-01 lam_min 8.88e-06 lam_k 9.90e-01 S_sub_min -4.23e-01
  it   1 cost 1.1544696356e-07 |g|inf 1.15e-02 step 2.00e-04 rho +1.048 radius 4.0e-04 shift 5.4e-04 | B_min -7.95e-05 lam_min 9.12e-06 lam_k 9.89e-01 S_sub_min -3.15e-02
  it   2 cost 1.1542005982e-07 |g|inf 3.82e-03 step 4.00e-04 rho +0.824 radius 8.0e-04 shift 2.9e-05 | B_min -1.44e-05 lam_min 8.92e-06 lam_k 9.90e-01 S_sub_min -3.18e-02
  it   3 cost 1.1540985224e-07 |g|inf 3.22e-03 step 1.32e-04 rho +1.026 radius 2.6e-04 shift 5.7e-05 | B_min +1.52e-05 lam_min 8.94e-06 lam_k 9.91e-01 S_sub_min -3.07e-02
  it   4 cost 1.1540687565e-07 |g|inf 2.90e-04 step 2.64e-04 rho +0.819 radius 5.3e-04 shift 5.2e-05 | B_min -6.42e-06 lam_min 8.96e-06 lam_k 9.91e-01 S_sub_min -3.22e-02
  it   5 cost 1.1540319289e-07 |g|inf 1.12e-03 step 1.32e-04 rho +1.148 radius 2.6e-04 shift 1.0e-04 | B_min +1.22e-05 lam_min 9.00e-06 lam_k 9.92e-01 S_sub_min -3.18e-02
  it   6 cost 1.1539743807e-07 |g|inf 2.59e-04 step 2.64e-04 rho +0.937 radius 5.3e-04 shift 9.4e-05 | B_min -1.37e-05 lam_min 9.02e-06 lam_k 9.92e-01 S_sub_min -3.23e-02
  it   7 cost 1.1539030211e-07 |g|inf 1.13e-03 step 5.27e-04 rho +0.509 radius 5.3e-04 shift 3.8e-05 | B_min +9.98e-06 lam_min 9.07e-06 lam_k 9.93e-01 S_sub_min -3.19e-02
  it   8 cost 1.1536340566e-07 |g|inf 3.92e-03 step 3.65e-04 rho +1.155 radius 5.3e-04 shift 0.0e+00 | B_min +3.19e-05 lam_min 9.16e-06 lam_k 9.94e-01 S_sub_min -3.07e-02
  it   9 cost 1.1536143909e-07 |g|inf 2.96e-03 step 5.27e-04 rho +0.051 radius 1.3e-04 shift 1.0e-04 | B_min +4.22e-06 lam_min 9.23e-06 lam_k 9.95e-01 S_sub_min -3.17e-02
  it  10 cost 1.1530460517e-07 |g|inf 7.59e-03 step 1.32e-04 rho +1.028 radius 2.6e-04 shift 4.7e-04 | B_min +1.57e-05 lam_min 9.32e-06 lam_k 9.96e-01 S_sub_min -3.08e-02
  it  11 cost 1.1528138042e-07 |g|inf 5.66e-04 step 2.64e-04 rho +0.894 radius 5.3e-04 shift 3.7e-04 | B_min -1.29e-05 lam_min 9.34e-06 lam_k 9.96e-01 S_sub_min -3.31e-02
  it  12 cost 1.1526391791e-07 |g|inf 1.97e-03 step 5.27e-04 rho +0.509 radius 5.3e-04 shift 4.5e-05 | B_min +1.23e-05 lam_min 9.39e-06 lam_k 9.96e-01 S_sub_min -3.26e-02
  it  13 cost 1.1522150161e-07 |g|inf 5.73e-03 step 4.64e-04 rho +0.983 radius 5.3e-04 shift 0.0e+00 | B_min +2.31e-05 lam_min 9.46e-06 lam_k 9.97e-01 S_sub_min -3.15e-02
  it  14 cost 1.1521356305e-07 |g|inf 4.46e-03 step 5.27e-04 rho +0.222 radius 1.3e-04 shift 2.5e-05 | B_min +3.18e-05 lam_min 9.43e-06 lam_k 9.97e-01 S_sub_min -3.21e-02
  it  15 cost 1.1516864603e-07 |g|inf 6.39e-03 step 1.32e-04 rho +1.018 radius 2.6e-04 shift 3.0e-04 | B_min +1.44e-05 lam_min 9.48e-06 lam_k 9.97e-01 S_sub_min -3.24e-02
  it  16 cost 1.1515509020e-07 |g|inf 9.10e-04 step 2.64e-04 rho +0.870 radius 5.3e-04 shift 1.8e-04 | B_min +1.34e-05 lam_min 9.47e-06 lam_k 9.97e-01 S_sub_min -3.38e-02
  it  17 cost 1.1514657251e-07 |g|inf 2.03e-03 step 5.27e-04 rho +0.502 radius 5.3e-04 shift 1.7e-05 | B_min +1.72e-05 lam_min 9.47e-06 lam_k 9.96e-01 S_sub_min -3.35e-02
  it  18 cost 1.1512497598e-07 |g|inf 6.18e-03 step 3.45e-04 rho +0.858 radius 5.3e-04 shift 0.0e+00 | B_min +1.96e-05 lam_min 9.43e-06 lam_k 9.97e-01 S_sub_min -3.25e-02
  it  19 cost 1.1512333530e-07 |g|inf 4.41e-03 step 5.27e-04 rho +0.067 radius 1.3e-04 shift 2.9e-05 | B_min +4.25e-06 lam_min 9.43e-06 lam_k 9.97e-01 S_sub_min -3.28e-02
  it  20 cost 1.1509117150e-07 |g|inf 9.38e-03 step 1.32e-04 rho +0.997 radius 2.6e-04 shift 3.5e-04 | B_min +3.00e-06 lam_min 9.39e-06 lam_k 9.97e-01 S_sub_min -3.19e-02
  it  21 cost 1.1508043572e-07 |g|inf 9.37e-04 step 2.64e-04 rho +0.956 radius 5.3e-04 shift 1.2e-04 | B_min +6.77e-06 lam_min 9.40e-06 lam_k 9.97e-01 S_sub_min -3.42e-02
  it  22 cost 1.1507610791e-07 |g|inf 1.74e-03 step 5.27e-04 rho +0.373 radius 5.3e-04 shift 2.3e-06 | B_min +1.85e-05 lam_min 9.39e-06 lam_k 9.97e-01 S_sub_min -3.38e-02
  it  23 cost 1.1505398151e-07 |g|inf 5.45e-03 step 2.76e-04 rho +1.079 radius 5.3e-04 shift 0.0e+00 | B_min +2.08e-05 lam_min 9.35e-06 lam_k 9.98e-01 S_sub_min -3.28e-02
  it  24 cost 1.1504407006e-07 |g|inf 2.25e-03 step 1.32e-04 rho +1.163 radius 2.6e-04 shift 1.5e-04 | B_min +7.62e-06 lam_min 9.34e-06 lam_k 9.98e-01 S_sub_min -3.36e-02
  it  25 cost 1.1503637898e-07 |g|inf 4.17e-04 step 2.64e-04 rho +0.773 radius 5.3e-04 shift 1.1e-04 | B_min +1.29e-05 lam_min 9.34e-06 lam_k 9.98e-01 S_sub_min -3.45e-02
  it  26 cost 1.1502741043e-07 |g|inf 2.38e-03 step 1.32e-04 rho +1.148 radius 2.6e-04 shift 1.4e-04 | B_min +1.44e-05 lam_min 9.34e-06 lam_k 9.98e-01 S_sub_min -3.35e-02
  it  27 cost 1.1502044979e-07 |g|inf 3.07e-04 step 2.64e-04 rho +0.736 radius 2.6e-04 shift 1.1e-04 | B_min +1.22e-05 lam_min 9.33e-06 lam_k 9.98e-01 S_sub_min -3.47e-02
  it  28 cost 1.1500978145e-07 |g|inf 2.24e-03 step 2.64e-04 rho +1.167 radius 5.3e-04 shift 3.6e-05 | B_min +1.50e-05 lam_min 9.32e-06 lam_k 9.97e-01 S_sub_min -3.36e-02
  it  29 cost 1.1500389947e-07 |g|inf 1.21e-03 step 1.32e-04 rho +1.053 radius 2.6e-04 shift 2.1e-04 | B_min +2.07e-05 lam_min 9.30e-06 lam_k 9.98e-01 S_sub_min -3.44e-02
  it  30 cost 1.1499637137e-07 |g|inf 7.42e-04 step 2.64e-04 rho +0.958 radius 5.3e-04 shift 7.9e-05 | B_min +8.93e-06 lam_min 9.30e-06 lam_k 9.98e-01 S_sub_min -3.45e-02
  it  31 cost 1.1498810245e-07 |g|inf 1.45e-03 step 3.72e-04 rho +1.136 radius 5.3e-04 shift 0.0e+00 | B_min +1.81e-05 lam_min 9.29e-06 lam_k 9.98e-01 S_sub_min -3.39e-02
  it  32 cost 1.1497966327e-07 |g|inf 2.78e-03 step 2.80e-04 rho +1.028 radius 5.3e-04 shift 0.0e+00 | B_min +1.97e-05 lam_min 9.26e-06 lam_k 9.98e-01 S_sub_min -3.35e-02
  it  33 cost 1.1497155820e-07 |g|inf 2.36e-03 step 1.32e-04 rho +1.127 radius 2.6e-04 shift 1.2e-04 | B_min +1.05e-05 lam_min 9.25e-06 lam_k 9.98e-01 S_sub_min -3.35e-02
  it  34 cost 1.1496595258e-07 |g|inf 3.67e-04 step 2.64e-04 rho +0.763 radius 5.3e-04 shift 7.9e-05 | B_min +1.22e-05 lam_min 9.25e-06 lam_k 9.98e-01 S_sub_min -3.46e-02
  it  35 cost 1.1496221118e-07 |g|inf 1.94e-03 step 4.47e-04 rho +0.472 radius 5.3e-04 shift 0.0e+00 | B_min +1.42e-05 lam_min 9.24e-06 lam_k 9.97e-01 S_sub_min -3.36e-02
  it  36 cost 1.1494944031e-07 |g|inf 4.66e-03 step 1.32e-04 rho +1.038 radius 2.6e-04 shift 1.5e-04 | B_min +1.02e-05 lam_min 9.20e-06 lam_k 9.97e-01 S_sub_min -3.29e-02
  it  37 cost 1.1494281106e-07 |g|inf 7.82e-04 step 2.64e-04 rho +0.949 radius 5.3e-04 shift 7.0e-05 | B_min +7.01e-06 lam_min 9.21e-06 lam_k 9.97e-01 S_sub_min -3.43e-02
  it  38 cost 1.1493390063e-07 |g|inf 1.20e-03 step 3.36e-04 rho +1.337 radius 5.3e-04 shift 0.0e+00 | B_min +1.45e-05 lam_min 9.20e-06 lam_k 9.97e-01 S_sub_min -3.35e-02
  it  39 cost 1.1492458770e-07 |g|inf 1.27e-03 step 3.00e-04 rho +1.339 radius 5.3e-04 shift 0.0e+00 | B_min +1.39e-05 lam_min 9.18e-06 lam_k 9.97e-01 S_sub_min -3.34e-02
  it  40 cost 1.1491534340e-07 |g|inf 1.78e-03 step 3.49e-04 rho +1.155 radius 5.3e-04 shift 0.0e+00 | B_min +1.67e-05 lam_min 9.17e-06 lam_k 9.96e-01 S_sub_min -3.30e-02
  it  41 cost 1.1490568463e-07 |g|inf 1.78e-03 step 1.28e-04 rho +1.156 radius 2.6e-04 shift 1.5e-04 | B_min +9.64e-06 lam_min 9.16e-06 lam_k 9.96e-01 S_sub_min -3.30e-02
  it  42 cost 1.1489710854e-07 |g|inf 4.46e-04 step 2.57e-04 rho +0.928 radius 5.1e-04 shift 1.2e-04 | B_min +9.35e-06 lam_min 9.16e-06 lam_k 9.96e-01 S_sub_min -3.42e-02
  it  43 cost 1.1488704910e-07 |g|inf 1.14e-03 step 5.13e-04 rho +0.813 radius 1.0e-03 shift 1.1e-05 | B_min +1.06e-05 lam_min 9.16e-06 lam_k 9.95e-01 S_sub_min -3.30e-02
  it  44 cost 1.1486674076e-07 |g|inf 3.98e-03 step 2.95e-04 rho +1.177 radius 1.0e-03 shift 0.0e+00 | B_min +1.52e-05 lam_min 9.14e-06 lam_k 9.95e-01 S_sub_min -3.17e-02
  it  45 cost 1.1485165286e-07 |g|inf 1.65e-03 step 2.57e-04 rho +1.001 radius 5.1e-04 shift 1.3e-04 | B_min +7.72e-06 lam_min 9.13e-06 lam_k 9.94e-01 S_sub_min -3.29e-02
  it  46 cost 1.1484132663e-07 |g|inf 1.84e-03 step 5.13e-04 rho +0.512 radius 5.1e-04 shift 3.0e-05 | B_min +9.60e-06 lam_min 9.13e-06 lam_k 9.94e-01 S_sub_min -3.30e-02
  it  47 cost 1.1480961403e-07 |g|inf 3.69e-03 step 5.13e-04 rho +0.949 radius 1.0e-03 shift 1.3e-05 | B_min +4.11e-07 lam_min 9.13e-06 lam_k 9.93e-01 S_sub_min -3.09e-02
  it  48 cost 1.1477910492e-07 |g|inf 5.80e-03 step 2.57e-04 rho +1.080 radius 5.1e-04 shift 1.7e-04 | B_min +7.03e-06 lam_min 9.10e-06 lam_k 9.92e-01 S_sub_min -3.13e-02
  it  49 cost 1.1476078817e-07 |g|inf 1.22e-03 step 5.13e-04 rho +0.520 radius 5.1e-04 shift 9.2e-05 | B_min +8.16e-06 lam_min 9.13e-06 lam_k 9.92e-01 S_sub_min -3.25e-02
  it  50 cost 1.1470519433e-07 |g|inf 5.44e-03 step 5.13e-04 rho +1.109 radius 1.0e-03 shift 3.1e-05 | B_min +6.52e-06 lam_min 9.13e-06 lam_k 9.91e-01 S_sub_min -3.13e-02
  it  51 cost 1.1466984651e-07 |g|inf 2.11e-03 step 2.57e-04 rho +1.002 radius 5.1e-04 shift 3.5e-04 | B_min +3.43e-06 lam_min 9.15e-06 lam_k 9.92e-01 S_sub_min -3.17e-02
  it  52 cost 1.1462191016e-07 |g|inf 2.03e-03 step 5.13e-04 rho +0.965 radius 1.0e-03 shift 1.3e-04 | B_min +8.06e-06 lam_min 9.17e-06 lam_k 9.91e-01 S_sub_min -3.30e-02
  it  53 cost 1.1460868094e-07 |g|inf 3.71e-03 step 1.03e-03 rho +0.203 radius 2.6e-04 shift 1.2e-05 | B_min +7.70e-06 lam_min 9.20e-06 lam_k 9.92e-01 S_sub_min -3.06e-02
  it  54 cost 1.1447528023e-07 |g|inf 1.54e-02 step 2.57e-04 rho +1.082 radius 5.1e-04 shift 3.1e-04 | B_min -6.80e-05 lam_min 9.21e-06 lam_k 9.95e-01 S_sub_min -2.98e-02
  it  55 cost 1.1441121104e-07 |g|inf 1.41e-03 step 5.13e-04 rho +0.853 radius 1.0e-03 shift 2.2e-04 | B_min +8.88e-06 lam_min 9.26e-06 lam_k 9.95e-01 S_sub_min -3.21e-02
  it  56 cost 1.1432485191e-07 |g|inf 5.25e-03 step 1.03e-03 rho +0.907 radius 2.1e-03 shift 2.4e-05 | B_min +8.73e-06 lam_min 9.31e-06 lam_k 9.97e-01 S_sub_min -3.10e-02
  it  57 cost 1.1421625774e-07 |g|inf 8.13e-03 step 4.51e-04 rho +0.970 radius 9.0e-04 shift 1.8e-04 | B_min +1.88e-06 lam_min 9.36e-06 lam_k 1.00e+00 S_sub_min -2.94e-02
  it  58 cost 1.1415639156e-07 |g|inf 4.96e-03 step 9.01e-04 rho +0.524 radius 9.0e-04 shift 7.4e-05 | B_min +4.86e-06 lam_min 9.39e-06 lam_k 1.00e+00 S_sub_min -3.22e-02
  it  59 cost 1.1405936793e-07 |g|inf 1.32e-02 step 9.01e-04 rho +0.619 radius 9.0e-04 shift 4.6e-05 | B_min -1.52e-05 lam_min 9.47e-06 lam_k 1.01e+00 S_sub_min -2.92e-02
  it  60 cost 1.1394228055e-07 |g|inf 1.22e-02 step 2.25e-04 rho +0.980 radius 4.5e-04 shift 6.2e-04 | B_min -5.08e-05 lam_min 9.43e-06 lam_k 1.01e+00 S_sub_min -3.50e-02
  it  61 cost 1.1387884655e-07 |g|inf 2.27e-03 step 4.51e-04 rho +0.964 radius 9.0e-04 shift 2.5e-04 | B_min +8.90e-06 lam_min 9.46e-06 lam_k 1.01e+00 S_sub_min -3.04e-02
  it  62 cost 1.1381800402e-07 |g|inf 3.80e-03 step 9.01e-04 rho +0.696 radius 9.0e-04 shift 5.9e-05 | B_min +1.20e-05 lam_min 9.49e-06 lam_k 1.01e+00 S_sub_min -3.16e-02
  it  63 cost 1.1373391368e-07 |g|inf 9.88e-03 step 9.01e-04 rho +0.824 radius 1.8e-03 shift 2.6e-05 | B_min -1.44e-05 lam_min 9.53e-06 lam_k 1.02e+00 S_sub_min -2.87e-02
  it  64 cost 1.1367861692e-07 |g|inf 1.17e-02 step 4.51e-04 rho +0.563 radius 4.5e-04 shift 2.8e-04 | B_min -4.71e-05 lam_min 9.50e-06 lam_k 1.02e+00 S_sub_min -3.43e-02
  it  65 cost 1.1359489809e-07 |g|inf 9.50e-03 step 4.51e-04 rho +1.015 radius 9.0e-04 shift 1.6e-04 | B_min -6.19e-06 lam_min 9.53e-06 lam_k 1.02e+00 S_sub_min -2.85e-02
  it  66 cost 1.1356397411e-07 |g|inf 2.97e-03 step 2.25e-04 rho +1.016 radius 4.5e-04 shift 4.2e-04 | B_min +1.29e-05 lam_min 9.56e-06 lam_k 1.03e+00 S_sub_min -3.26e-02
  it  67 cost 1.1351949576e-07 |g|inf 1.85e-03 step 4.51e-04 rho +0.993 radius 9.0e-04 shift 1.8e-04 | B_min +9.22e-06 lam_min 9.57e-06 lam_k 1.03e+00 S_sub_min -3.08e-02
  it  68 cost 1.1346616174e-07 |g|inf 4.02e-03 step 9.01e-04 rho +0.871 radius 1.8e-03 shift 3.9e-05 | B_min +1.57e-05 lam_min 9.59e-06 lam_k 1.03e+00 S_sub_min -3.08e-02
  it  69 cost 1.1342192523e-07 |g|inf 7.64e-03 step 7.13e-04 rho +0.810 radius 1.8e-03 shift 0.0e+00 | B_min +2.35e-05 lam_min 9.61e-06 lam_k 1.03e+00 S_sub_min -2.80e-02
  it  70 cost 1.1336530927e-07 |g|inf 7.73e-03 step 4.51e-04 rho +0.815 radius 9.0e-04 shift 1.1e-04 | B_min -1.95e-05 lam_min 9.62e-06 lam_k 1.03e+00 S_sub_min -3.05e-02
  it  71 cost 1.1332808122e-07 |g|inf 4.47e-03 step 2.25e-04 rho +1.012 radius 4.5e-04 shift 3.3e-04 | B_min +9.38e-06 lam_min 9.65e-06 lam_k 1.03e+00 S_sub_min -2.89e-02
  it  72 cost 1.1330014154e-07 |g|inf 1.40e-03 step 4.51e-04 rho +0.767 radius 9.0e-04 shift 1.4e-04 | B_min +1.19e-05 lam_min 9.66e-06 lam_k 1.03e+00 S_sub_min -3.25e-02
  it  73 cost 1.1328139723e-07 |g|inf 7.24e-03 step 9.01e-04 rho +0.426 radius 9.0e-04 shift 7.8e-06 | B_min +1.74e-05 lam_min 9.69e-06 lam_k 1.03e+00 S_sub_min -2.94e-02
  it  74 cost 1.1322135883e-07 |g|inf 9.85e-03 step 2.25e-04 rho +0.994 radius 4.5e-04 shift 2.5e-04 | B_min -3.69e-06 lam_min 9.73e-06 lam_k 1.03e+00 S_sub_min -3.18e-02
  it  75 cost 1.1319174296e-07 |g|inf 3.73e-03 step 4.51e-04 rho +0.978 radius 9.0e-04 shift 9.0e-05 | B_min +7.29e-06 lam_min 9.75e-06 lam_k 1.03e+00 S_sub_min -3.06e-02
  it  76 cost 1.1318759873e-07 |g|inf 4.57e-03 step 9.01e-04 rho +0.134 radius 2.3e-04 shift 1.9e-06 | B_min +1.50e-05 lam_min 9.78e-06 lam_k 1.03e+00 S_sub_min -3.19e-02
  it  77 cost 1.1313254824e-07 |g|inf 7.54e-03 step 2.25e-04 rho +0.992 radius 4.5e-04 shift 2.4e-04 | B_min -8.93e-06 lam_min 9.83e-06 lam_k 1.03e+00 S_sub_min -2.91e-02
  it  78 cost 1.1312651318e-07 |g|inf 1.12e-03 step 4.51e-04 rho +0.194 radius 1.1e-04 shift 1.1e-04 | B_min +1.04e-05 lam_min 9.85e-06 lam_k 1.03e+00 S_sub_min -3.31e-02
  it  79 cost 1.1308906266e-07 |g|inf 1.01e-02 step 1.13e-04 rho +1.022 radius 2.3e-04 shift 4.2e-04 | B_min +1.14e-05 lam_min 9.89e-06 lam_k 1.03e+00 S_sub_min -2.89e-02
  it  80 cost 1.1307445835e-07 |g|inf 1.82e-04 step 2.25e-04 rho +0.907 radius 4.5e-04 shift 3.0e-04 | B_min +9.28e-06 lam_min 9.90e-06 lam_k 1.03e+00 S_sub_min -3.32e-02
  it  81 cost 1.1305250112e-07 |g|inf 2.42e-03 step 4.51e-04 rho +0.925 radius 9.0e-04 shift 6.9e-05 | B_min +1.00e-05 lam_min 9.91e-06 lam_k 1.03e+00 S_sub_min -3.16e-02
  it  82 cost 1.1302794119e-07 |g|inf 4.38e-03 step 4.58e-04 rho +1.207 radius 9.0e-04 shift 0.0e+00 | B_min +2.18e-05 lam_min 9.95e-06 lam_k 1.03e+00 S_sub_min -3.18e-02
  it  83 cost 1.1300834676e-07 |g|inf 4.24e-03 step 2.25e-04 rho +1.102 radius 4.5e-04 shift 1.6e-04 | B_min +1.76e-05 lam_min 9.99e-06 lam_k 1.03e+00 S_sub_min -3.09e-02
  it  84 cost 1.1299912602e-07 |g|inf 1.26e-03 step 4.51e-04 rho +0.411 radius 4.5e-04 shift 6.3e-05 | B_min +1.07e-05 lam_min 1.00e-05 lam_k 1.03e+00 S_sub_min -3.27e-02
  it  85 cost 1.1296842013e-07 |g|inf 8.04e-03 step 4.51e-04 rho +1.027 radius 9.0e-04 shift 2.1e-06 | B_min +2.13e-05 lam_min 1.00e-05 lam_k 1.03e+00 S_sub_min -2.96e-02
  it  86 cost 1.1295196582e-07 |g|inf 2.16e-03 step 2.25e-04 rho +0.811 radius 4.5e-04 shift 2.4e-04 | B_min +1.56e-05 lam_min 1.01e-05 lam_k 1.03e+00 S_sub_min -3.31e-02
  it  87 cost 1.1293697357e-07 |g|inf 3.27e-03 step 4.51e-04 rho +0.685 radius 4.5e-04 shift 4.5e-05 | B_min +7.19e-06 lam_min 1.01e-05 lam_k 1.03e+00 S_sub_min -3.09e-02
  it  88 cost 1.1291744512e-07 |g|inf 3.52e-03 step 1.13e-04 rho +0.984 radius 2.3e-04 shift 4.2e-04 | B_min +1.89e-05 lam_min 1.01e-05 lam_k 1.03e+00 S_sub_min -3.27e-02
  it  89 cost 1.1290462137e-07 |g|inf 1.21e-03 step 2.25e-04 rho +0.955 radius 4.5e-04 shift 2.2e-04 | B_min +8.49e-06 lam_min 1.02e-05 lam_k 1.03e+00 S_sub_min -3.23e-02
  it  90 cost 1.1289378565e-07 |g|inf 1.37e-03 step 4.51e-04 rho +0.625 radius 4.5e-04 shift 3.2e-05 | B_min +8.83e-06 lam_min 1.02e-05 lam_k 1.03e+00 S_sub_min -3.22e-02
  it  91 cost 1.1286935901e-07 |g|inf 6.85e-03 step 3.02e-04 rho +1.164 radius 4.5e-04 shift 0.0e+00 | B_min +2.22e-05 lam_min 1.02e-05 lam_k 1.03e+00 S_sub_min -3.03e-02
  it  92 cost 1.1286046009e-07 |g|inf 9.67e-04 step 1.13e-04 rho +1.006 radius 2.3e-04 shift 4.7e-04 | B_min +2.45e-05 lam_min 1.02e-05 lam_k 1.03e+00 S_sub_min -3.25e-02
  it  93 cost 1.1284870632e-07 |g|inf 9.54e-04 step 2.25e-04 rho +0.960 radius 4.5e-04 shift 2.1e-04 | B_min +8.39e-06 lam_min 1.03e-05 lam_k 1.03e+00 S_sub_min -3.26e-02
  it  94 cost 1.1283862795e-07 |g|inf 1.62e-03 step 4.51e-04 rho +0.658 radius 4.5e-04 shift 1.9e-05 | B_min +8.31e-06 lam_min 1.03e-05 lam_k 1.03e+00 S_sub_min -3.21e-02
  it  95 cost 1.1281576865e-07 |g|inf 6.53e-03 step 2.37e-04 rho +1.189 radius 4.5e-04 shift 0.0e+00 | B_min +2.08e-05 lam_min 1.03e-05 lam_k 1.02e+00 S_sub_min -3.07e-02
  it  96 cost 1.1280800449e-07 |g|inf 1.00e-03 step 1.13e-04 rho +1.042 radius 2.3e-04 shift 4.2e-04 | B_min +2.00e-05 lam_min 1.04e-05 lam_k 1.02e+00 S_sub_min -3.23e-02
  it  97 cost 1.1279695959e-07 |g|inf 8.36e-04 step 2.25e-04 rho +0.951 radius 4.5e-04 shift 2.0e-04 | B_min +8.41e-06 lam_min 1.04e-05 lam_k 1.02e+00 S_sub_min -3.28e-02
  it  98 cost 1.1278831873e-07 |g|inf 1.72e-03 step 4.51e-04 rho +0.613 radius 4.5e-04 shift 1.2e-05 | B_min +8.10e-06 lam_min 1.04e-05 lam_k 1.02e+00 S_sub_min -3.20e-02
  it  99 cost 1.1276565163e-07 |g|inf 6.26e-03 step 2.13e-04 rho +1.184 radius 4.5e-04 shift 0.0e+00 | B_min +1.71e-05 lam_min 1.04e-05 lam_k 1.02e+00 S_sub_min -3.09e-02
  it 100 cost 1.1275839115e-07 |g|inf 1.10e-03 step 1.13e-04 rho +1.061 radius 2.3e-04 shift 4.0e-04 | B_min +1.84e-05 lam_min 1.05e-05 lam_k 1.02e+00 S_sub_min -3.23e-02
  it 101 cost 1.1274791687e-07 |g|inf 7.56e-04 step 2.25e-04 rho +0.942 radius 4.5e-04 shift 1.9e-04 | B_min +8.42e-06 lam_min 1.05e-05 lam_k 1.02e+00 S_sub_min -3.29e-02
  it 102 cost 1.1274006325e-07 |g|inf 1.77e-03 step 4.51e-04 rho +0.593 radius 4.5e-04 shift 9.6e-06 | B_min +8.07e-06 lam_min 1.05e-05 lam_k 1.02e+00 S_sub_min -3.19e-02
  it 103 cost 1.1271797373e-07 |g|inf 5.68e-03 step 1.97e-04 rho +1.184 radius 4.5e-04 shift 0.0e+00 | B_min +1.72e-05 lam_min 1.06e-05 lam_k 1.02e+00 S_sub_min -3.11e-02
  it 104 cost 1.1271644877e-07 |g|inf 1.16e-03 step 4.51e-04 rho +0.093 radius 1.1e-04 shift 4.4e-05 | B_min +1.57e-05 lam_min 1.06e-05 lam_k 1.02e+00 S_sub_min -3.22e-02
  it 105 cost 1.1268996873e-07 |g|inf 7.59e-03 step 1.13e-04 rho +1.092 radius 2.3e-04 shift 5.6e-05 | B_min +9.60e-06 lam_min 1.06e-05 lam_k 1.02e+00 S_sub_min -3.02e-02
  it 106 cost 1.1268052428e-07 |g|inf 3.64e-04 step 2.25e-04 rho +0.856 radius 4.5e-04 shift 1.9e-04 | B_min +8.07e-06 lam_min 1.07e-05 lam_k 1.02e+00 S_sub_min -3.30e-02
  it 107 cost 1.1267243911e-07 |g|inf 2.48e-03 step 4.51e-04 rho +0.646 radius 4.5e-04 shift 5.0e-06 | B_min +7.97e-06 lam_min 1.07e-05 lam_k 1.02e+00 S_sub_min -3.14e-02
  it 108 cost 1.1267150473e-07 |g|inf 3.62e-03 step 4.51e-04 rho +0.044 radius 1.1e-04 shift 6.7e-06 | B_min +1.62e-05 lam_min 1.07e-05 lam_k 1.02e+00 S_sub_min -3.22e-02
  it 109 cost 1.1264334408e-07 |g|inf 6.32e-03 step 1.13e-04 rho +0.976 radius 2.3e-04 shift 4.5e-04 | B_min -1.87e-05 lam_min 1.08e-05 lam_k 1.02e+00 S_sub_min -3.04e-02
  it 110 cost 1.1263441073e-07 |g|inf 1.17e-04 step 2.25e-04 rho +0.844 radius 4.5e-04 shift 1.9e-04 | B_min +7.99e-06 lam_min 1.08e-05 lam_k 1.02e+00 S_sub_min -3.35e-02
  it 111 cost 1.1262529623e-07 |g|inf 2.24e-03 step 4.51e-04 rho +0.712 radius 4.5e-04 shift 1.3e-05 | B_min +8.57e-06 lam_min 1.09e-05 lam_k 1.02e+00 S_sub_min -3.16e-02
  it 112 cost 1.1261020439e-07 |g|inf 2.98e-03 step 1.13e-04 rho +1.025 radius 2.3e-04 shift 2.4e-04 | B_min +1.64e-05 lam_min 1.09e-05 lam_k 1.02e+00 S_sub_min -3.28e-02
  it 113 cost 1.1260096421e-07 |g|inf 1.00e-03 step 2.25e-04 rho +0.937 radius 4.5e-04 shift 1.6e-04 | B_min +8.03e-06 lam_min 1.09e-05 lam_k 1.02e+00 S_sub_min -3.23e-02
  it 114 cost 1.1259967208e-07 |g|inf 1.25e-03 step 4.51e-04 rho +0.114 radius 1.1e-04 shift 7.9e-06 | B_min +8.78e-06 lam_min 1.09e-05 lam_k 1.02e+00 S_sub_min -3.23e-02
  it 115 cost 1.1257732616e-07 |g|inf 6.74e-03 step 1.13e-04 rho +1.064 radius 2.3e-04 shift 1.3e-04 | B_min +1.83e-05 lam_min 1.10e-05 lam_k 1.02e+00 S_sub_min -3.01e-02
  it 116 cost 1.1256947383e-07 |g|inf 2.71e-04 step 2.25e-04 rho +0.818 radius 4.5e-04 shift 1.6e-04 | B_min +7.41e-06 lam_min 1.10e-05 lam_k 1.02e+00 S_sub_min -3.31e-02
  it 117 cost 1.1256287309e-07 |g|inf 2.49e-03 step 4.51e-04 rho +0.614 radius 4.5e-04 shift 2.0e-06 | B_min +8.37e-06 lam_min 1.11e-05 lam_k 1.02e+00 S_sub_min -3.11e-02
  it 118 cost 1.1254815299e-07 |g|inf 2.94e-03 step 1.13e-04 rho +0.968 radius 2.3e-04 shift 2.8e-04 | B_min +1.82e-05 lam_min 1.11e-05 lam_k 1.02e+00 S_sub_min -3.27e-02
  it 119 cost 1.1253975223e-07 |g|inf 1.19e-03 step 2.25e-04 rho +0.904 radius 4.5e-04 shift 1.5e-04 | B_min +7.84e-06 lam_min 1.11e-05 lam_k 1.02e+00 S_sub_min -3.19e-02
  it 120 cost 1.1253359506e-07 |g|inf 1.12e-03 step 1.13e-04 rho +1.105 radius 2.3e-04 shift 2.4e-04 | B_min +8.51e-06 lam_min 1.12e-05 lam_k 1.02e+00 S_sub_min -3.22e-02
  it 121 cost 1.1252609896e-07 |g|inf 6.92e-04 step 2.25e-04 rho +0.925 radius 4.5e-04 shift 1.3e-04 | B_min +8.73e-06 lam_min 1.12e-05 lam_k 1.02e+00 S_sub_min -3.26e-02
  it 122 cost 1.1252026295e-07 |g|inf 1.58e-03 step 4.17e-04 rho +0.684 radius 4.5e-04 shift 0.0e+00 | B_min +9.47e-06 lam_min 1.12e-05 lam_k 1.02e+00 S_sub_min -3.18e-02
  it 123 cost 1.1250610452e-07 |g|inf 4.72e-03 step 1.99e-04 rho +1.160 radius 4.5e-04 shift 0.0e+00 | B_min +2.12e-05 lam_min 1.13e-05 lam_k 1.02e+00 S_sub_min -3.11e-02
  it 124 cost 1.1250074603e-07 |g|inf 1.10e-03 step 1.13e-04 rho +1.077 radius 2.3e-04 shift 2.4e-04 | B_min +1.03e-05 lam_min 1.13e-05 lam_k 1.02e+00 S_sub_min -3.17e-02
  it 125 cost 1.1249424624e-07 |g|inf 7.49e-04 step 2.25e-04 rho +0.911 radius 4.5e-04 shift 1.1e-04 | B_min +8.64e-06 lam_min 1.13e-05 lam_k 1.02e+00 S_sub_min -3.26e-02
  it 126 cost 1.1248846058e-07 |g|inf 1.69e-03 step 3.76e-04 rho +0.818 radius 4.5e-04 shift 0.0e+00 | B_min +9.53e-06 lam_min 1.14e-05 lam_k 1.02e+00 S_sub_min -3.17e-02
  it 127 cost 1.1247823086e-07 |g|inf 3.72e-03 step 2.45e-04 rho +1.078 radius 4.5e-04 shift 0.0e+00 | B_min +1.97e-05 lam_min 1.15e-05 lam_k 1.02e+00 S_sub_min -3.15e-02
  it 128 cost 1.1247245371e-07 |g|inf 1.57e-03 step 1.13e-04 rho +1.074 radius 2.3e-04 shift 1.8e-04 | B_min +1.34e-05 lam_min 1.15e-05 lam_k 1.02e+00 S_sub_min -3.10e-02
  it 129 cost 1.1246715515e-07 |g|inf 7.31e-04 step 2.25e-04 rho +0.889 radius 4.5e-04 shift 9.1e-05 | B_min +9.20e-06 lam_min 1.15e-05 lam_k 1.02e+00 S_sub_min -3.26e-02
  it 130 cost 1.1246189451e-07 |g|inf 1.77e-03 step 3.33e-04 rho +0.945 radius 4.5e-04 shift 0.0e+00 | B_min +1.01e-05 lam_min 1.15e-05 lam_k 1.02e+00 S_sub_min -3.17e-02
  it 131 cost 1.1245583047e-07 |g|inf 3.09e-03 step 2.82e-04 rho +0.878 radius 4.5e-04 shift 0.0e+00 | B_min +1.74e-05 lam_min 1.16e-05 lam_k 1.02e+00 S_sub_min -3.19e-02
  it 132 cost 1.1244969757e-07 |g|inf 1.93e-03 step 1.13e-04 rho +1.053 radius 2.3e-04 shift 1.4e-04 | B_min +1.61e-05 lam_min 1.16e-05 lam_k 1.02e+00 S_sub_min -3.07e-02
  it 133 cost 1.1244564427e-07 |g|inf 6.92e-04 step 2.25e-04 rho +0.878 radius 4.5e-04 shift 6.6e-05 | B_min +1.01e-05 lam_min 1.17e-05 lam_k 1.02e+00 S_sub_min -3.26e-02
  it 134 cost 1.1244118175e-07 |g|inf 1.83e-03 step 2.82e-04 rho +1.103 radius 4.5e-04 shift 0.0e+00 | B_min +1.10e-05 lam_min 1.17e-05 lam_k 1.02e+00 S_sub_min -3.19e-02
  it 135 cost 1.1243817576e-07 |g|inf 2.57e-03 step 2.95e-04 rho +0.671 radius 4.5e-04 shift 0.0e+00 | B_min +1.58e-05 lam_min 1.18e-05 lam_k 1.02e+00 S_sub_min -3.21e-02
  it 136 cost 1.1243279726e-07 |g|inf 1.98e-03 step 9.96e-05 rho +1.050 radius 2.0e-04 shift 1.1e-04 | B_min +1.79e-05 lam_min 1.18e-05 lam_k 1.02e+00 S_sub_min -3.12e-02
  it 137 cost 1.1242985188e-07 |g|inf 6.54e-04 step 1.99e-04 rho +0.936 radius 4.0e-04 shift 5.7e-05 | B_min +1.08e-05 lam_min 1.19e-05 lam_k 1.02e+00 S_sub_min -3.27e-02
  it 138 cost 1.1242665550e-07 |g|inf 1.49e-03 step 2.69e-04 rho +1.156 radius 4.0e-04 shift 0.0e+00 | B_min +1.17e-05 lam_min 1.19e-05 lam_k 1.02e+00 S_sub_min -3.23e-02
  it 139 cost 1.1242336316e-07 |g|inf 2.33e-03 step 2.05e-04 rho +1.160 radius 4.0e-04 shift 0.0e+00 | B_min +1.71e-05 lam_min 1.20e-05 lam_k 1.02e+00 S_sub_min -3.23e-02
  it 140 cost 1.1242272264e-07 |g|inf 1.40e-03 step 3.26e-04 rho +0.222 radius 8.1e-05 shift 0.0e+00 | B_min +1.35e-05 lam_min 1.20e-05 lam_k 1.02e+00 S_sub_min -3.23e-02
  it 141 cost 1.1241762327e-07 |g|inf 4.22e-03 step 8.15e-05 rho +1.064 radius 1.6e-04 shift 6.4e-05 | B_min +1.81e-05 lam_min 1.21e-05 lam_k 1.02e+00 S_sub_min -3.17e-02
  it 142 cost 1.1241594734e-07 |g|inf 3.19e-04 step 1.63e-04 rho +0.793 radius 3.3e-04 shift 6.0e-05 | B_min +9.10e-06 lam_min 1.21e-05 lam_k 1.02e+00 S_sub_min -3.31e-02
  it 143 cost 1.1241365508e-07 |g|inf 1.49e-03 step 2.16e-04 rho +1.168 radius 3.3e-04 shift 0.0e+00 | B_min +1.21e-05 lam_min 1.21e-05 lam_k 1.02e+00 S_sub_min -3.22e-02
  it 144 cost 1.1241307744e-07 |g|inf 1.10e-03 step 2.51e-04 rho +0.280 radius 3.3e-04 shift 0.0e+00 | B_min +1.32e-05 lam_min 1.22e-05 lam_k 1.02e+00 S_sub_min -3.33e-02
  it 145 cost 1.1241228111e-07 |g|inf 2.75e-03 step 3.26e-04 rho +0.197 radius 8.1e-05 shift 3.8e-06 | B_min +1.31e-05 lam_min 1.23e-05 lam_k 1.02e+00 S_sub_min -3.12e-02
  it 146 cost 1.1240829641e-07 |g|inf 1.45e-03 step 8.15e-05 rho +0.844 radius 1.6e-04 shift 1.9e-04 | B_min +6.69e-06 lam_min 1.23e-05 lam_k 1.02e+00 S_sub_min -3.33e-02
  it 147 cost 1.1240681166e-07 |g|inf 7.70e-04 step 1.63e-04 rho +1.035 radius 3.3e-04 shift 2.2e-05 | B_min +1.08e-05 lam_min 1.23e-05 lam_k 1.02e+00 S_sub_min -3.24e-02
  it 148 cost 1.1240594059e-07 |g|inf 6.93e-04 step 2.22e-04 rho +0.792 radius 3.3e-04 shift 0.0e+00 | B_min +1.25e-05 lam_min 1.24e-05 lam_k 1.02e+00 S_sub_min -3.33e-02
  it 149 cost 1.1240465098e-07 |g|inf 1.58e-03 step 1.77e-04 rho +0.949 radius 3.3e-04 shift 0.0e+00 | B_min +1.23e-05 lam_min 1.24e-05 lam_k 1.02e+00 S_sub_min -3.19e-02
  it 150 cost 1.1240382889e-07 |g|inf 4.74e-04 step 6.84e-05 rho +0.942 radius 1.4e-04 shift 7.7e-05 | B_min +1.42e-05 lam_min 1.25e-05 lam_k 1.02e+00 S_sub_min -3.34e-02
  it 151 cost 1.1240313772e-07 |g|inf 3.86e-04 step 1.37e-04 rho +1.091 radius 2.7e-04 shift 1.6e-05 | B_min +1.05e-05 lam_min 1.25e-05 lam_k 1.02e+00 S_sub_min -3.30e-02
  it 152 cost 1.1240252516e-07 |g|inf 6.24e-04 step 1.34e-04 rho +1.346 radius 2.7e-04 shift 0.0e+00 | B_min +1.21e-05 lam_min 1.25e-05 lam_k 1.02e+00 S_sub_min -3.32e-02
  it 153 cost 1.1240205421e-07 |g|inf 6.10e-04 step 1.16e-04 rho +1.325 radius 2.7e-04 shift 0.0e+00 | B_min +1.20e-05 lam_min 1.25e-05 lam_k 1.02e+00 S_sub_min -3.29e-02
  it 154 cost 1.1240168798e-07 |g|inf 4.90e-04 step 9.97e-05 rho +1.333 radius 2.7e-04 shift 0.0e+00 | B_min +1.21e-05 lam_min 1.26e-05 lam_k 1.02e+00 S_sub_min -3.32e-02
  it 155 cost 1.1240142726e-07 |g|inf 4.01e-04 step 9.69e-05 rho +1.323 radius 2.7e-04 shift 0.0e+00 | B_min +1.12e-05 lam_min 1.26e-05 lam_k 1.02e+00 S_sub_min -3.31e-02
  it 156 cost 1.1240124204e-07 |g|inf 3.43e-04 step 7.44e-05 rho +1.362 radius 2.7e-04 shift 0.0e+00 | B_min +1.17e-05 lam_min 1.26e-05 lam_k 1.02e+00 S_sub_min -3.33e-02
  it 157 cost 1.1240112621e-07 |g|inf 2.30e-04 step 7.05e-05 rho +1.386 radius 2.7e-04 shift 0.0e+00 | B_min +1.06e-05 lam_min 1.26e-05 lam_k 1.02e+00 S_sub_min -3.32e-02
  it 158 cost 1.1240105738e-07 |g|inf 1.94e-04 step 4.96e-05 rho +1.434 radius 2.7e-04 shift 0.0e+00 | B_min +1.10e-05 lam_min 1.27e-05 lam_k 1.02e+00 S_sub_min -3.33e-02
  it 159 cost 1.1240102148e-07 |g|inf 1.03e-04 step 4.15e-05 rho +1.475 radius 2.7e-04 shift 0.0e+00 | B_min +1.01e-05 lam_min 1.27e-05 lam_k 1.02e+00 S_sub_min -3.33e-02
  it 160 cost 1.1240100479e-07 |g|inf 7.21e-05 step 2.68e-05 rho +1.514 radius 2.7e-04 shift 0.0e+00 | B_min +1.01e-05 lam_min 1.27e-05 lam_k 1.02e+00 S_sub_min -3.34e-02
  it 161 cost 1.1240099782e-07 |g|inf 3.03e-05 step 1.78e-05 rho +1.558 radius 2.7e-04 shift 0.0e+00 | B_min +9.52e-06 lam_min 1.27e-05 lam_k 1.02e+00 S_sub_min -3.34e-02
  it 162 cost 1.1240099513e-07 |g|inf 1.35e-05 step 1.09e-05 rho +1.582 radius 2.7e-04 shift 0.0e+00 | B_min +9.30e-06 lam_min 1.27e-05 lam_k 1.02e+00 S_sub_min -3.34e-02
  it 163 cost 1.1240099413e-07 |g|inf 4.84e-06 step 6.28e-06 rho +1.597 radius 2.7e-04 shift 0.0e+00 | B_min +9.15e-06 lam_min 1.27e-05 lam_k 1.02e+00 S_sub_min -3.34e-02
  it 164 cost 1.1240099376e-07 |g|inf 1.63e-06 step 3.93e-06 rho +1.601 radius 2.7e-04 shift 0.0e+00 | B_min +9.10e-06 lam_min 1.27e-05 lam_k 1.02e+00 S_sub_min -3.34e-02
  it 165 cost 1.1240099362e-07 |g|inf 6.27e-07 step 2.24e-06 rho +1.602 radius 2.7e-04 shift 0.0e+00 | B_min +9.09e-06 lam_min 1.27e-05 lam_k 1.02e+00 S_sub_min -3.34e-02
  it 166 cost 1.1240099357e-07 |g|inf 2.10e-07 step 1.43e-06 rho +1.604 radius 2.7e-04 shift 0.0e+00 | B_min +9.08e-06 lam_min 1.27e-05 lam_k 1.02e+00 S_sub_min -3.34e-02
  it 167 cost 1.1240099356e-07 |g|inf 8.74e-08 step 8.14e-07 rho +1.616 radius 2.7e-04 shift 0.0e+00 | B_min +9.08e-06 lam_min 1.27e-05 lam_k 1.02e+00 S_sub_min -3.34e-02
  it 168 cost 1.1240099355e-07 |g|inf 3.14e-08 step 5.21e-07 rho +1.611 radius 2.7e-04 shift 0.0e+00 | B_min +9.08e-06 lam_min 1.27e-05 lam_k 1.02e+00 S_sub_min -3.34e-02
  it 169 cost 1.1240099355e-07 |g|inf 1.67e-08 step 2.98e-07 rho +1.653 radius 2.7e-04 shift 0.0e+00 | B_min +9.08e-06 lam_min 1.27e-05 lam_k 1.02e+00 S_sub_min -3.34e-02
  it 170 cost 1.1240099355e-07 |g|inf 9.51e-09 step 1.90e-07 rho +1.250 radius 2.7e-04 shift 0.0e+00 | B_min +9.08e-06 lam_min 1.27e-05 lam_k 1.02e+00 S_sub_min -3.34e-02
  it 171 cost 1.1240099354e-07 |g|inf 6.11e-09 step 1.09e-07 rho +1.164 radius 2.7e-04 shift 0.0e+00 | B_min +9.08e-06 lam_min 1.27e-05 lam_k 1.02e+00 S_sub_min -3.34e-02
  it 172 cost 1.1240099354e-07 |g|inf 5.55e-09 step 6.96e-08 rho +3.039 radius 2.7e-04 shift 0.0e+00 | B_min +9.08e-06 lam_min 1.27e-05 lam_k 1.02e+00 S_sub_min -3.34e-02
  it 173 cost 1.1240099354e-07 |g|inf 2.25e-09 step 3.99e-08 rho +6.133 radius 2.7e-04 shift 0.0e+00 | B_min +9.08e-06 lam_min 1.27e-05 lam_k 1.02e+00 S_sub_min -3.34e-02
  it 174 cost 1.1240099354e-07 |g|inf 1.94e-09 step 2.55e-08 rho +3.418 radius 2.7e-04 shift 0.0e+00 | B_min +9.08e-06 lam_min 1.27e-05 lam_k 1.02e+00 S_sub_min -3.34e-02
  it 175 cost 1.1240099354e-07 |g|inf 8.32e-10 step 3.66e-09 rho +10.930 radius 7.3e-09 shift 4.3e-05 | B_min +9.08e-06 lam_min 1.27e-05 lam_k 1.02e+00 S_sub_min -3.34e-02
  it 176 cost 1.1240099354e-07 |g|inf 1.59e-09 step 1.14e-10 rho +103.106 radius 2.3e-10 shift 4.0e-03 | B_min +9.08e-06 lam_min 1.27e-05 lam_k 1.02e+00 S_sub_min -3.34e-02
  it 177 cost 1.1240099354e-07 |g|inf 1.01e-09 step 2.18e-16 rho +385310.030 radius 4.4e-16 shift 8.1e+04 | B_min +9.08e-06 lam_min 1.27e-05 lam_k 1.02e+00 S_sub_min -3.34e-02
  it 178 cost 1.1240099354e-07 |g|inf 4.78e-10 step 4.26e-19 rho +4814189.369 radius 8.5e-19 shift 4.2e+09 | B_min +9.08e-06 lam_min 1.27e-05 lam_k 1.02e+00 S_sub_min -3.34e-02
  it 179 cost 1.1240099354e-07 |g|inf 4.78e-10 step 1.33e-20 rho +84019803.795 radius 2.7e-20 shift 1.4e+11 | B_min +9.08e-06 lam_min 1.27e-05 lam_k 1.02e+00 S_sub_min -3.34e-02
  it 180 cost 1.1240099354e-07 |g|inf 4.78e-10 step 1.66e-21 rho +4618412.521 radius 3.3e-21 shift 1.1e+12 | B_min +9.08e-06 lam_min 1.27e-05 lam_k 1.02e+00 S_sub_min -3.34e-02
    [subspace-newton] call 3: 181 its, 49.2 s (converged (precision floor)); totals 366 its, 113 s
sd |h| 3.000e-03  pred +6.5983e-04  actual -3.1660e-02  paired -3.1660e-02  ratio -47.9812  (50 s)
    dc_act/dc_pred per term: Vacuum B.n +6.25e-04/+6.24e-04 e6.4e-04  QS two-ter -1.75e-02/+1.17e-05 e5.6e+01  aspect rat +0.00e+00/+0.00e+00 e0.0e+00  rotational +1.67e-03/-5.15e-07 e8.7e+02  volume +6.57e-09/+6.63e-09 e9.1e-03  coil lengt +1.15e-05/+1.16e-05 e4.7e-03  coil curva -1.65e-02/+1.58e-05 e1.5e+02 act5->7  coil mean  +0.00e+00/+0.00e+00 e0.0e+00  coil-coil  -3.26e-06/-3.25e-06 e9.0e-04  plasma-coi +0.00e+00/+0.00e+00 e0.0e+00
  it   0 cost 1.1557180133e-07 |g|inf 9.67e-01 step 1.00e-04 rho +0.996 radius 2.0e-04 shift 2.6e-02 | B_min -2.56e-02 lam_min 8.89e-06 lam_k 9.90e-01 S_sub_min -1.40e-01
  it   1 cost 1.1538755538e-07 |g|inf 5.93e-03 step 2.00e-04 rho +1.020 radius 4.0e-04 shift 1.3e-04 | B_min -9.08e-06 lam_min 8.82e-06 lam_k 9.91e-01 S_sub_min -3.18e-02
  it   2 cost 1.1538537132e-07 |g|inf 2.19e-03 step 3.68e-04 rho +0.414 radius 4.0e-04 shift 0.0e+00 | B_min +1.91e-06 lam_min 8.92e-06 lam_k 9.90e-01 S_sub_min -3.20e-02
  it   3 cost 1.1538188628e-07 |g|inf 1.61e-03 step 1.49e-04 rho +0.987 radius 4.0e-04 shift 0.0e+00 | B_min +1.17e-05 lam_min 8.92e-06 lam_k 9.91e-01 S_sub_min -3.21e-02
  it   4 cost 1.1538144948e-07 |g|inf 3.88e-04 step 8.58e-05 rho +1.199 radius 4.0e-04 shift 0.0e+00 | B_min +6.68e-06 lam_min 8.93e-06 lam_k 9.91e-01 S_sub_min -3.20e-02
  it   5 cost 1.1538118566e-07 |g|inf 1.77e-04 step 1.00e-04 rho +1.060 radius 2.0e-04 shift 1.8e-05 | B_min +4.08e-06 lam_min 8.94e-06 lam_k 9.91e-01 S_sub_min -3.22e-02
  it   6 cost 1.1538073602e-07 |g|inf 2.25e-04 step 2.00e-04 rho +1.057 radius 4.0e-04 shift 6.0e-06 | B_min +3.28e-06 lam_min 8.95e-06 lam_k 9.91e-01 S_sub_min -3.22e-02
  it   7 cost 1.1537942261e-07 |g|inf 6.31e-04 step 2.69e-04 rho +1.473 radius 4.0e-04 shift 0.0e+00 | B_min +9.95e-06 lam_min 8.97e-06 lam_k 9.91e-01 S_sub_min -3.20e-02
  it   8 cost 1.1537669102e-07 |g|inf 1.03e-03 step 3.76e-04 rho +1.035 radius 4.0e-04 shift 0.0e+00 | B_min +2.01e-05 lam_min 9.01e-06 lam_k 9.92e-01 S_sub_min -3.19e-02
  it   9 cost 1.1536879897e-07 |g|inf 2.29e-03 step 4.00e-04 rho +1.029 radius 8.0e-04 shift 5.1e-06 | B_min +1.66e-05 lam_min 9.06e-06 lam_k 9.93e-01 S_sub_min -3.14e-02
  it  10 cost 1.1535615955e-07 |g|inf 2.16e-03 step 2.00e-04 rho +1.095 radius 4.0e-04 shift 1.4e-04 | B_min +1.12e-05 lam_min 9.14e-06 lam_k 9.94e-01 S_sub_min -3.16e-02
  it  11 cost 1.1534105283e-07 |g|inf 8.05e-04 step 4.00e-04 rho +0.820 radius 8.0e-04 shift 1.1e-04 | B_min -9.00e-06 lam_min 9.17e-06 lam_k 9.94e-01 S_sub_min -3.23e-02
  it  12 cost 1.1531730704e-07 |g|inf 2.35e-03 step 5.23e-04 rho +1.027 radius 8.0e-04 shift 0.0e+00 | B_min +2.85e-05 lam_min 9.25e-06 lam_k 9.95e-01 S_sub_min -3.15e-02
  it  13 cost 1.1529024412e-07 |g|inf 3.93e-03 step 4.13e-04 rho +0.792 radius 8.0e-04 shift 0.0e+00 | B_min +3.05e-05 lam_min 9.34e-06 lam_k 9.97e-01 S_sub_min -3.13e-02
  it  14 cost 1.1525084574e-07 |g|inf 5.44e-03 step 2.00e-04 rho +1.048 radius 4.0e-04 shift 2.5e-04 | B_min +2.83e-06 lam_min 9.41e-06 lam_k 9.97e-01 S_sub_min -3.17e-02
  it  15 cost 1.1524283434e-07 |g|inf 1.27e-03 step 4.00e-04 rho +0.250 radius 1.0e-04 shift 1.6e-04 | B_min +1.30e-05 lam_min 9.42e-06 lam_k 9.97e-01 S_sub_min -3.31e-02
  it  16 cost 1.1520715882e-07 |g|inf 5.96e-03 step 1.00e-04 rho +1.045 radius 2.0e-04 shift 4.0e-04 | B_min +5.35e-06 lam_min 9.47e-06 lam_k 9.97e-01 S_sub_min -3.20e-02
  it  17 cost 1.1519347712e-07 |g|inf 2.09e-04 step 2.00e-04 rho +0.916 radius 4.0e-04 shift 3.4e-04 | B_min +1.11e-05 lam_min 9.47e-06 lam_k 9.97e-01 S_sub_min -3.39e-02
  it  18 cost 1.1517505778e-07 |g|inf 1.48e-03 step 4.00e-04 rho +0.937 radius 8.0e-04 shift 6.7e-05 | B_min +1.08e-05 lam_min 9.49e-06 lam_k 9.97e-01 S_sub_min -3.34e-02
  it  19 cost 1.1515412757e-07 |g|inf 2.86e-03 step 3.43e-04 rho +1.301 radius 8.0e-04 shift 0.0e+00 | B_min +2.85e-05 lam_min 9.48e-06 lam_k 9.97e-01 S_sub_min -3.30e-02
  it  20 cost 1.1514307264e-07 |g|inf 2.07e-03 step 4.85e-04 rho +0.708 radius 8.0e-04 shift 0.0e+00 | B_min +3.30e-05 lam_min 9.47e-06 lam_k 9.97e-01 S_sub_min -3.32e-02
  it  21 cost 1.1513360438e-07 |g|inf 5.80e-03 step 4.78e-04 rho +0.403 radius 8.0e-04 shift 0.0e+00 | B_min +2.01e-05 lam_min 9.45e-06 lam_k 9.97e-01 S_sub_min -3.25e-02
  it  22 cost 1.1510510316e-07 |g|inf 5.24e-03 step 2.00e-04 rho +0.996 radius 4.0e-04 shift 1.8e-04 | B_min +1.45e-05 lam_min 9.46e-06 lam_k 9.97e-01 S_sub_min -3.19e-02
  it  23 cost 1.1510236144e-07 |g|inf 7.01e-04 step 4.00e-04 rho +0.173 radius 1.0e-04 shift 6.5e-05 | B_min +1.76e-05 lam_min 9.45e-06 lam_k 9.97e-01 S_sub_min -3.42e-02
  it  24 cost 1.1508114922e-07 |g|inf 5.11e-03 step 1.00e-04 rho +1.040 radius 2.0e-04 shift 2.3e-04 | B_min +2.66e-05 lam_min 9.44e-06 lam_k 9.97e-01 S_sub_min -3.25e-02
  it  25 cost 1.1507328916e-07 |g|inf 1.64e-04 step 2.00e-04 rho +0.890 radius 4.0e-04 shift 2.0e-04 | B_min +1.15e-05 lam_min 9.43e-06 lam_k 9.97e-01 S_sub_min -3.46e-02
  it  26 cost 1.1506255664e-07 |g|inf 1.31e-03 step 4.00e-04 rho +0.887 radius 8.0e-04 shift 3.9e-05 | B_min +1.40e-05 lam_min 9.43e-06 lam_k 9.97e-01 S_sub_min -3.39e-02
  it  27 cost 1.1504946562e-07 |g|inf 2.99e-03 step 2.66e-04 rho +1.241 radius 8.0e-04 shift 0.0e+00 | B_min +2.30e-05 lam_min 9.39e-06 lam_k 9.97e-01 S_sub_min -3.35e-02
  it  28 cost 1.1504055879e-07 |g|inf 1.66e-03 step 1.76e-04 rho +1.159 radius 3.5e-04 shift 1.1e-04 | B_min +1.73e-05 lam_min 9.38e-06 lam_k 9.97e-01 S_sub_min -3.37e-02
  it  29 cost 1.1503527101e-07 |g|inf 7.32e-04 step 3.51e-04 rho +0.500 radius 3.5e-04 shift 5.3e-05 | B_min +1.77e-05 lam_min 9.37e-06 lam_k 9.98e-01 S_sub_min -3.44e-02
  it  30 cost 1.1502156984e-07 |g|inf 3.31e-03 step 3.35e-04 rho +1.080 radius 3.5e-04 shift 0.0e+00 | B_min +2.40e-05 lam_min 9.36e-06 lam_k 9.98e-01 S_sub_min -3.30e-02
  it  31 cost 1.1501553506e-07 |g|inf 2.60e-03 step 8.79e-05 rho +1.020 radius 1.8e-04 shift 3.8e-04 | B_min +1.98e-05 lam_min 9.32e-06 lam_k 9.98e-01 S_sub_min -3.42e-02
  it  32 cost 1.1500975800e-07 |g|inf 4.00e-04 step 1.76e-04 rho +0.991 radius 3.5e-04 shift 1.6e-04 | B_min +8.51e-06 lam_min 9.33e-06 lam_k 9.98e-01 S_sub_min -3.46e-02
  it  33 cost 1.1500256586e-07 |g|inf 8.26e-04 step 3.51e-04 rho +0.872 radius 7.0e-04 shift 3.4e-05 | B_min +1.35e-05 lam_min 9.32e-06 lam_k 9.98e-01 S_sub_min -3.43e-02
  it  34 cost 1.1499279572e-07 |g|inf 2.47e-03 step 2.08e-04 rho +1.342 radius 7.0e-04 shift 0.0e+00 | B_min +2.32e-05 lam_min 9.30e-06 lam_k 9.98e-01 S_sub_min -3.34e-02
  it  35 cost 1.1498794958e-07 |g|inf 7.39e-04 step 1.32e-04 rho +1.119 radius 2.6e-04 shift 1.6e-04 | B_min +1.70e-05 lam_min 9.28e-06 lam_k 9.98e-01 S_sub_min -3.44e-02
  it  36 cost 1.1498176725e-07 |g|inf 5.69e-04 step 2.64e-04 rho +0.933 radius 5.3e-04 shift 6.6e-05 | B_min +1.15e-05 lam_min 9.28e-06 lam_k 9.98e-01 S_sub_min -3.45e-02
  it  37 cost 1.1497424434e-07 |g|inf 1.44e-03 step 3.33e-04 rho +1.229 radius 5.3e-04 shift 0.0e+00 | B_min +1.86e-05 lam_min 9.27e-06 lam_k 9.98e-01 S_sub_min -3.38e-02
  it  38 cost 1.1497029764e-07 |g|inf 2.23e-03 step 3.23e-04 rho +0.580 radius 5.3e-04 shift 0.0e+00 | B_min +1.81e-05 lam_min 9.24e-06 lam_k 9.98e-01 S_sub_min -3.37e-02
  it  39 cost 1.1495993311e-07 |g|inf 3.10e-03 step 1.32e-04 rho +1.083 radius 2.6e-04 shift 9.1e-05 | B_min +1.15e-05 lam_min 9.24e-06 lam_k 9.98e-01 S_sub_min -3.30e-02
  it  40 cost 1.1495544841e-07 |g|inf 4.80e-04 step 2.64e-04 rho +0.664 radius 2.6e-04 shift 7.6e-05 | B_min +1.26e-05 lam_min 9.23e-06 lam_k 9.97e-01 S_sub_min -3.46e-02
  it  41 cost 1.1494718993e-07 |g|inf 1.84e-03 step 2.64e-04 rho +1.140 radius 5.3e-04 shift 2.5e-05 | B_min +1.40e-05 lam_min 9.22e-06 lam_k 9.97e-01 S_sub_min -3.33e-02
  it  42 cost 1.1494222248e-07 |g|inf 1.50e-03 step 1.32e-04 rho +1.068 radius 2.6e-04 shift 1.6e-04 | B_min +1.61e-05 lam_min 9.20e-06 lam_k 9.97e-01 S_sub_min -3.40e-02
  it  43 cost 1.1493600623e-07 |g|inf 5.93e-04 step 2.64e-04 rho +0.953 radius 5.3e-04 shift 7.1e-05 | B_min +8.91e-06 lam_min 9.20e-06 lam_k 9.97e-01 S_sub_min -3.43e-02
  it  44 cost 1.1492752834e-07 |g|inf 1.33e-03 step 4.03e-04 rho +1.238 radius 5.3e-04 shift 0.0e+00 | B_min +1.49e-05 lam_min 9.19e-06 lam_k 9.96e-01 S_sub_min -3.35e-02
  it  45 cost 1.1491695636e-07 |g|inf 1.77e-03 step 2.60e-04 rho +1.362 radius 5.3e-04 shift 0.0e+00 | B_min +1.43e-05 lam_min 9.17e-06 lam_k 9.96e-01 S_sub_min -3.29e-02
  it  46 cost 1.1491360827e-07 |g|inf 1.45e-03 step 5.29e-04 rho +0.323 radius 5.3e-04 shift 7.7e-06 | B_min +1.57e-05 lam_min 9.15e-06 lam_k 9.96e-01 S_sub_min -3.35e-02
  it  47 cost 1.1489271347e-07 |g|inf 3.50e-03 step 1.32e-04 rho +1.110 radius 2.6e-04 shift 8.0e-05 | B_min +3.14e-06 lam_min 9.15e-06 lam_k 9.95e-01 S_sub_min -3.11e-02
  it  48 cost 1.1488260758e-07 |g|inf 4.55e-04 step 2.64e-04 rho +0.866 radius 5.3e-04 shift 1.5e-04 | B_min +4.14e-06 lam_min 9.15e-06 lam_k 9.95e-01 S_sub_min -3.43e-02
  it  49 cost 1.1486670219e-07 |g|inf 1.51e-03 step 5.29e-04 rho +1.086 radius 1.1e-03 shift 8.5e-06 | B_min +9.79e-06 lam_min 9.15e-06 lam_k 9.94e-01 S_sub_min -3.27e-02
  it  50 cost 1.1484355860e-07 |g|inf 3.25e-03 step 3.11e-04 rho +1.331 radius 1.1e-03 shift 0.0e+00 | B_min +1.25e-05 lam_min 9.13e-06 lam_k 9.94e-01 S_sub_min -3.18e-02
  it  51 cost 1.1482459046e-07 |g|inf 1.71e-03 step 2.64e-04 rho +1.151 radius 5.3e-04 shift 1.3e-04 | B_min +1.43e-05 lam_min 9.12e-06 lam_k 9.93e-01 S_sub_min -3.25e-02
  it  52 cost 1.1480488120e-07 |g|inf 1.56e-03 step 5.29e-04 rho +0.798 radius 1.1e-03 shift 3.9e-05 | B_min +9.06e-06 lam_min 9.13e-06 lam_k 9.92e-01 S_sub_min -3.30e-02
  it  53 cost 1.1476669995e-07 |g|inf 4.06e-03 step 2.64e-04 rho +1.234 radius 5.3e-04 shift 6.5e-05 | B_min +1.47e-06 lam_min 9.13e-06 lam_k 9.92e-01 S_sub_min -3.05e-02
  it  54 cost 1.1474776142e-07 |g|inf 1.10e-03 step 5.29e-04 rho +0.470 radius 5.3e-04 shift 1.1e-04 | B_min +8.99e-06 lam_min 9.13e-06 lam_k 9.92e-01 S_sub_min -3.35e-02
  it  55 cost 1.1468412486e-07 |g|inf 5.46e-03 step 5.29e-04 rho +1.137 radius 1.1e-03 shift 3.5e-05 | B_min +7.25e-07 lam_min 9.16e-06 lam_k 9.91e-01 S_sub_min -2.99e-02
  it  56 cost 1.1464803542e-07 |g|inf 3.36e-03 step 2.64e-04 rho +0.982 radius 5.3e-04 shift 4.0e-04 | B_min +1.35e-05 lam_min 9.16e-06 lam_k 9.92e-01 S_sub_min -3.28e-02
  it  57 cost 1.1459347966e-07 |g|inf 2.06e-03 step 5.29e-04 rho +1.002 radius 1.1e-03 shift 1.3e-04 | B_min +8.39e-06 lam_min 9.19e-06 lam_k 9.92e-01 S_sub_min -3.22e-02
  it  58 cost 1.1453697396e-07 |g|inf 4.13e-03 step 1.06e-03 rho +0.824 radius 2.1e-03 shift 8.5e-06 | B_min +1.20e-05 lam_min 9.23e-06 lam_k 9.93e-01 S_sub_min -3.12e-02
  it  59 cost 1.1442608071e-07 |g|inf 8.48e-03 step 5.29e-04 rho +1.045 radius 1.1e-03 shift 9.8e-05 | B_min -7.58e-05 lam_min 9.24e-06 lam_k 9.96e-01 S_sub_min -2.94e-02
  it  60 cost 1.1436061417e-07 |g|inf 5.62e-03 step 2.64e-04 rho +1.138 radius 5.3e-04 shift 3.9e-04 | B_min +1.63e-08 lam_min 9.32e-06 lam_k 9.97e-01 S_sub_min -3.13e-02
  it  61 cost 1.1429035534e-07 |g|inf 1.86e-03 step 5.29e-04 rho +0.910 radius 1.1e-03 shift 2.1e-04 | B_min +9.32e-06 lam_min 9.35e-06 lam_k 9.98e-01 S_sub_min -3.22e-02
  it  62 cost 1.1420814399e-07 |g|inf 5.02e-03 step 1.06e-03 rho +0.834 radius 2.1e-03 shift 3.1e-05 | B_min +9.31e-06 lam_min 9.39e-06 lam_k 1.00e+00 S_sub_min -3.10e-02
  it  63 cost 1.1409991034e-07 |g|inf 1.11e-02 step 5.29e-04 rho +0.954 radius 1.1e-03 shift 1.0e-04 | B_min -6.61e-05 lam_min 9.41e-06 lam_k 1.00e+00 S_sub_min -2.95e-02
  it  64 cost 1.1402960045e-07 |g|inf 6.77e-03 step 2.64e-04 rho +1.086 radius 5.3e-04 shift 3.6e-04 | B_min -4.48e-06 lam_min 9.43e-06 lam_k 1.01e+00 S_sub_min -3.15e-02
  it  65 cost 1.1396669789e-07 |g|inf 1.59e-03 step 5.29e-04 rho +0.895 radius 1.1e-03 shift 2.0e-04 | B_min +9.95e-06 lam_min 9.46e-06 lam_k 1.01e+00 S_sub_min -3.15e-02
  it  66 cost 1.1389317325e-07 |g|inf 5.22e-03 step 1.06e-03 rho +0.801 radius 2.1e-03 shift 3.6e-05 | B_min +8.72e-06 lam_min 9.49e-06 lam_k 1.01e+00 S_sub_min -3.06e-02
  it  67 cost 1.1380256812e-07 |g|inf 8.83e-03 step 5.29e-04 rho +0.963 radius 1.1e-03 shift 8.0e-05 | B_min -3.95e-05 lam_min 9.51e-06 lam_k 1.01e+00 S_sub_min -2.91e-02
  it  68 cost 1.1374948653e-07 |g|inf 6.71e-03 step 2.64e-04 rho +1.016 radius 5.3e-04 shift 3.6e-04 | B_min +8.37e-06 lam_min 9.52e-06 lam_k 1.02e+00 S_sub_min -3.15e-02
  it  69 cost 1.1369410052e-07 |g|inf 2.46e-03 step 5.29e-04 rho +0.982 radius 1.1e-03 shift 1.5e-04 | B_min +7.48e-06 lam_min 9.53e-06 lam_k 1.02e+00 S_sub_min -3.07e-02
  it  70 cost 1.1364068159e-07 |g|inf 4.46e-03 step 1.06e-03 rho +0.713 radius 1.1e-03 shift 3.0e-05 | B_min +1.15e-05 lam_min 9.55e-06 lam_k 1.02e+00 S_sub_min -3.05e-02
  it  71 cost 1.1356462749e-07 |g|inf 9.21e-03 step 2.64e-04 rho +1.074 radius 5.3e-04 shift 2.1e-04 | B_min -3.14e-05 lam_min 9.57e-06 lam_k 1.02e+00 S_sub_min -2.82e-02
  it  72 cost 1.1353249262e-07 |g|inf 1.67e-03 step 5.29e-04 rho +0.603 radius 5.3e-04 shift 1.5e-04 | B_min +1.36e-05 lam_min 9.58e-06 lam_k 1.03e+00 S_sub_min -3.24e-02
  it  73 cost 1.1346559879e-07 |g|inf 9.11e-03 step 5.29e-04 rho +1.091 radius 1.1e-03 shift 7.0e-05 | B_min -2.87e-06 lam_min 9.61e-06 lam_k 1.03e+00 S_sub_min -2.84e-02
  it  74 cost 1.1343692038e-07 |g|inf 2.64e-03 step 2.64e-04 rho +0.916 radius 5.3e-04 shift 3.1e-04 | B_min +2.13e-05 lam_min 9.62e-06 lam_k 1.03e+00 S_sub_min -3.24e-02
  it  75 cost 1.1339338885e-07 |g|inf 4.04e-03 step 5.29e-04 rho +1.007 radius 1.1e-03 shift 9.9e-05 | B_min +6.40e-06 lam_min 9.64e-06 lam_k 1.03e+00 S_sub_min -3.01e-02
  it  76 cost 1.1338780448e-07 |g|inf 4.83e-03 step 1.06e-03 rho +0.104 radius 2.6e-04 shift 1.9e-05 | B_min +8.74e-06 lam_min 9.66e-06 lam_k 1.03e+00 S_sub_min -3.15e-02
  it  77 cost 1.1330728289e-07 |g|inf 1.09e-02 step 2.64e-04 rho +0.977 radius 5.3e-04 shift 2.6e-04 | B_min -7.57e-05 lam_min 9.70e-06 lam_k 1.03e+00 S_sub_min -2.85e-02
  it  78 cost 1.1330053479e-07 |g|inf 1.96e-03 step 5.29e-04 rho +0.161 radius 1.3e-04 shift 9.8e-05 | B_min +1.21e-05 lam_min 9.71e-06 lam_k 1.03e+00 S_sub_min -3.30e-02
  it  79 cost 1.1324827531e-07 |g|inf 1.20e-02 step 1.32e-04 rho +1.018 radius 2.6e-04 shift 4.1e-04 | B_min +8.40e-06 lam_min 9.75e-06 lam_k 1.03e+00 S_sub_min -2.83e-02
  it  80 cost 1.1322916853e-07 |g|inf 2.86e-04 step 2.64e-04 rho +0.873 radius 5.3e-04 shift 2.9e-04 | B_min +9.78e-06 lam_min 9.76e-06 lam_k 1.03e+00 S_sub_min -3.31e-02
  it  81 cost 1.1319898071e-07 |g|inf 3.55e-03 step 5.29e-04 rho +0.955 radius 1.1e-03 shift 6.3e-05 | B_min +9.95e-06 lam_min 9.77e-06 lam_k 1.03e+00 S_sub_min -3.10e-02
  it  82 cost 1.1317108563e-07 |g|inf 5.39e-03 step 2.64e-04 rho +1.162 radius 5.3e-04 shift 1.0e-04 | B_min +1.03e-05 lam_min 9.81e-06 lam_k 1.03e+00 S_sub_min -3.19e-02
  it  83 cost 1.1314951976e-07 |g|inf 2.85e-03 step 5.29e-04 rho +0.733 radius 5.3e-04 shift 5.9e-05 | B_min +1.23e-05 lam_min 9.83e-06 lam_k 1.03e+00 S_sub_min -3.13e-02
  it  84 cost 1.1311767072e-07 |g|inf 7.05e-03 step 5.29e-04 rho +1.031 radius 1.1e-03 shift 1.3e-05 | B_min +1.15e-05 lam_min 9.86e-06 lam_k 1.03e+00 S_sub_min -3.13e-02
  it  85 cost 1.1309529474e-07 |g|inf 2.82e-03 step 2.64e-04 rho +0.984 radius 5.3e-04 shift 2.0e-04 | B_min +1.33e-05 lam_min 9.90e-06 lam_k 1.03e+00 S_sub_min -3.10e-02
  it  86 cost 1.1308377080e-07 |g|inf 2.12e-03 step 5.29e-04 rho +0.446 radius 5.3e-04 shift 4.1e-05 | B_min +1.09e-05 lam_min 9.91e-06 lam_k 1.03e+00 S_sub_min -3.26e-02
  it  87 cost 1.1304921662e-07 |g|inf 9.45e-03 step 4.50e-04 rho +0.991 radius 5.3e-04 shift 0.0e+00 | B_min +1.93e-05 lam_min 9.96e-06 lam_k 1.03e+00 S_sub_min -2.93e-02
  it  88 cost 1.1303244642e-07 |g|inf 1.63e-03 step 1.32e-04 rho +0.937 radius 2.6e-04 shift 5.1e-04 | B_min +1.38e-05 lam_min 9.98e-06 lam_k 1.03e+00 S_sub_min -3.31e-02
  it  89 cost 1.1301632740e-07 |g|inf 1.55e-03 step 2.64e-04 rho +0.958 radius 5.3e-04 shift 2.0e-04 | B_min +8.38e-06 lam_min 9.99e-06 lam_k 1.03e+00 S_sub_min -3.21e-02
  it  90 cost 1.1300091461e-07 |g|inf 1.97e-03 step 5.29e-04 rho +0.733 radius 5.3e-04 shift 2.6e-05 | B_min +1.05e-05 lam_min 1.00e-05 lam_k 1.03e+00 S_sub_min -3.20e-02
  it  91 cost 1.1298346944e-07 |g|inf 7.45e-03 step 4.73e-04 rho +0.729 radius 5.3e-04 shift 0.0e+00 | B_min +1.26e-05 lam_min 1.01e-05 lam_k 1.03e+00 S_sub_min -3.03e-02
  it  92 cost 1.1296216962e-07 |g|inf 2.00e-03 step 1.32e-04 rho +0.970 radius 2.6e-04 shift 4.5e-04 | B_min +8.92e-06 lam_min 1.01e-05 lam_k 1.03e+00 S_sub_min -3.16e-02
  it  93 cost 1.1294725582e-07 |g|inf 1.42e-03 step 2.64e-04 rho +0.940 radius 5.3e-04 shift 1.8e-04 | B_min +8.41e-06 lam_min 1.01e-05 lam_k 1.03e+00 S_sub_min -3.23e-02
  it  94 cost 1.1293342833e-07 |g|inf 1.94e-03 step 5.29e-04 rho +0.736 radius 5.3e-04 shift 1.7e-05 | B_min +9.25e-06 lam_min 1.01e-05 lam_k 1.03e+00 S_sub_min -3.19e-02
  it  95 cost 1.1292951611e-07 |g|inf 7.29e-03 step 5.29e-04 rho +0.164 radius 1.3e-04 shift 6.5e-06 | B_min +8.84e-06 lam_min 1.02e-05 lam_k 1.03e+00 S_sub_min -3.05e-02
  it  96 cost 1.1289681189e-07 |g|inf 3.20e-03 step 1.32e-04 rho +0.971 radius 2.6e-04 shift 4.4e-04 | B_min +3.30e-06 lam_min 1.02e-05 lam_k 1.02e+00 S_sub_min -3.11e-02
  it  97 cost 1.1288268241e-07 |g|inf 1.48e-03 step 2.64e-04 rho +0.928 radius 5.3e-04 shift 1.7e-04 | B_min +8.35e-06 lam_min 1.02e-05 lam_k 1.02e+00 S_sub_min -3.23e-02
  it  98 cost 1.1287201597e-07 |g|inf 1.90e-03 step 5.29e-04 rho +0.613 radius 5.3e-04 shift 1.1e-05 | B_min +8.40e-06 lam_min 1.02e-05 lam_k 1.02e+00 S_sub_min -3.20e-02
  it  99 cost 1.1287149452e-07 |g|inf 7.69e-03 step 5.29e-04 rho +0.020 radius 1.3e-04 shift 1.4e-05 | B_min +6.49e-06 lam_min 1.03e-05 lam_k 1.02e+00 S_sub_min -3.03e-02
  it 100 cost 1.1283429683e-07 |g|inf 3.40e-03 step 1.32e-04 rho +0.963 radius 2.6e-04 shift 4.3e-04 | B_min +4.28e-06 lam_min 1.03e-05 lam_k 1.02e+00 S_sub_min -3.11e-02
  it 101 cost 1.1282082478e-07 |g|inf 1.62e-03 step 2.64e-04 rho +0.919 radius 5.3e-04 shift 1.6e-04 | B_min +8.20e-06 lam_min 1.03e-05 lam_k 1.02e+00 S_sub_min -3.22e-02
  it 102 cost 1.1281563796e-07 |g|inf 1.85e-03 step 5.29e-04 rho +0.317 radius 5.3e-04 shift 7.6e-06 | B_min +7.99e-06 lam_min 1.04e-05 lam_k 1.02e+00 S_sub_min -3.21e-02
  it 103 cost 1.1281321325e-07 |g|inf 8.19e-03 step 5.29e-04 rho +0.076 radius 1.3e-04 shift 2.1e-05 | B_min +4.95e-06 lam_min 1.04e-05 lam_k 1.02e+00 S_sub_min -3.01e-02
  it 104 cost 1.1277394822e-07 |g|inf 3.21e-03 step 1.32e-04 rho +0.949 radius 2.6e-04 shift 4.3e-04 | B_min -8.65e-07 lam_min 1.04e-05 lam_k 1.02e+00 S_sub_min -3.12e-02
  it 105 cost 1.1276097833e-07 |g|inf 1.78e-03 step 2.64e-04 rho +0.903 radius 5.3e-04 shift 1.6e-04 | B_min +7.85e-06 lam_min 1.05e-05 lam_k 1.02e+00 S_sub_min -3.20e-02
  it 106 cost 1.1275112510e-07 |g|inf 1.75e-03 step 1.32e-04 rho +1.102 radius 2.6e-04 shift 2.7e-04 | B_min +7.85e-06 lam_min 1.05e-05 lam_k 1.02e+00 S_sub_min -3.23e-02
  it 107 cost 1.1273939312e-07 |g|inf 1.04e-03 step 2.64e-04 rho +0.915 radius 5.3e-04 shift 1.5e-04 | B_min +8.68e-06 lam_min 1.05e-05 lam_k 1.02e+00 S_sub_min -3.27e-02
  it 108 cost 1.1272738037e-07 |g|inf 2.35e-03 step 4.55e-04 rho +0.922 radius 5.3e-04 shift 0.0e+00 | B_min +8.50e-06 lam_min 1.05e-05 lam_k 1.02e+00 S_sub_min -3.18e-02
  it 109 cost 1.1271044611e-07 |g|inf 5.65e-03 step 1.32e-04 rho +1.132 radius 2.6e-04 shift 1.4e-04 | B_min +1.18e-05 lam_min 1.06e-05 lam_k 1.02e+00 S_sub_min -3.11e-02
  it 110 cost 1.1269977554e-07 |g|inf 6.70e-04 step 2.64e-04 rho +0.858 radius 5.3e-04 shift 1.4e-04 | B_min +7.65e-06 lam_min 1.06e-05 lam_k 1.02e+00 S_sub_min -3.27e-02
  it 111 cost 1.1268639520e-07 |g|inf 3.24e-03 step 3.80e-04 rho +1.117 radius 5.3e-04 shift 0.0e+00 | B_min +8.61e-06 lam_min 1.07e-05 lam_k 1.02e+00 S_sub_min -3.13e-02
  it 112 cost 1.1267385062e-07 |g|inf 2.66e-03 step 1.31e-04 rho +1.040 radius 2.6e-04 shift 2.3e-04 | B_min +2.02e-05 lam_min 1.07e-05 lam_k 1.02e+00 S_sub_min -3.25e-02
  it 113 cost 1.1266282674e-07 |g|inf 1.36e-03 step 2.63e-04 rho +0.904 radius 5.3e-04 shift 1.4e-04 | B_min +8.11e-06 lam_min 1.07e-05 lam_k 1.02e+00 S_sub_min -3.21e-02
  it 114 cost 1.1266227840e-07 |g|inf 1.85e-03 step 4.76e-04 rho +0.046 radius 1.2e-04 shift 0.0e+00 | B_min +8.21e-06 lam_min 1.08e-05 lam_k 1.02e+00 S_sub_min -3.20e-02
  it 115 cost 1.1263701488e-07 |g|inf 8.88e-03 step 1.19e-04 rho +1.041 radius 2.4e-04 shift 2.1e-04 | B_min +8.30e-06 lam_min 1.08e-05 lam_k 1.02e+00 S_sub_min -3.00e-02
  it 116 cost 1.1262801912e-07 |g|inf 3.60e-04 step 2.38e-04 rho +0.803 radius 4.8e-04 shift 1.7e-04 | B_min +7.39e-06 lam_min 1.08e-05 lam_k 1.02e+00 S_sub_min -3.31e-02
  it 117 cost 1.1262091230e-07 |g|inf 2.93e-03 step 4.74e-04 rho +0.574 radius 4.8e-04 shift 0.0e+00 | B_min +8.18e-06 lam_min 1.09e-05 lam_k 1.02e+00 S_sub_min -3.11e-02
  it 118 cost 1.1260329937e-07 |g|inf 2.94e-03 step 1.19e-04 rho +0.949 radius 2.4e-04 shift 3.1e-04 | B_min +1.79e-05 lam_min 1.09e-05 lam_k 1.02e+00 S_sub_min -3.29e-02
  it 119 cost 1.1259332357e-07 |g|inf 1.41e-03 step 2.38e-04 rho +0.889 radius 4.8e-04 shift 1.6e-04 | B_min +7.77e-06 lam_min 1.10e-05 lam_k 1.02e+00 S_sub_min -3.19e-02
  it 120 cost 1.1258587921e-07 |g|inf 1.24e-03 step 1.19e-04 rho +1.099 radius 2.4e-04 shift 2.6e-04 | B_min +8.01e-06 lam_min 1.10e-05 lam_k 1.02e+00 S_sub_min -3.22e-02
  it 121 cost 1.1257694679e-07 |g|inf 8.17e-04 step 2.38e-04 rho +0.919 radius 4.8e-04 shift 1.4e-04 | B_min +8.61e-06 lam_min 1.10e-05 lam_k 1.02e+00 S_sub_min -3.25e-02
  it 122 cost 1.1257090285e-07 |g|inf 1.74e-03 step 4.37e-04 rho +0.596 radius 4.8e-04 shift 0.0e+00 | B_min +8.97e-06 lam_min 1.10e-05 lam_k 1.02e+00 S_sub_min -3.17e-02
  it 123 cost 1.1255451059e-07 |g|inf 5.19e-03 step 2.81e-04 rho +1.031 radius 4.8e-04 shift 0.0e+00 | B_min +1.85e-05 lam_min 1.11e-05 lam_k 1.02e+00 S_sub_min -3.07e-02
  it 124 cost 1.1254583913e-07 |g|inf 1.57e-03 step 1.19e-04 rho +1.042 radius 2.4e-04 shift 2.6e-04 | B_min +1.15e-05 lam_min 1.11e-05 lam_k 1.02e+00 S_sub_min -3.10e-02
  it 125 cost 1.1253782241e-07 |g|inf 9.35e-04 step 2.38e-04 rho +0.896 radius 4.8e-04 shift 1.3e-04 | B_min +8.17e-06 lam_min 1.12e-05 lam_k 1.02e+00 S_sub_min -3.25e-02
  it 126 cost 1.1253464776e-07 |g|inf 1.77e-03 step 4.38e-04 rho +0.347 radius 4.8e-04 shift 0.0e+00 | B_min +8.55e-06 lam_min 1.12e-05 lam_k 1.02e+00 S_sub_min -3.16e-02
  it 127 cost 1.1251793503e-07 |g|inf 5.92e-03 step 1.19e-04 rho +1.067 radius 2.4e-04 shift 1.4e-04 | B_min +1.28e-05 lam_min 1.13e-05 lam_k 1.02e+00 S_sub_min -3.05e-02
  it 128 cost 1.1251100113e-07 |g|inf 5.76e-04 step 2.38e-04 rho +0.842 radius 4.8e-04 shift 1.1e-04 | B_min +7.10e-06 lam_min 1.13e-05 lam_k 1.02e+00 S_sub_min -3.26e-02
  it 129 cost 1.1250303709e-07 |g|inf 2.68e-03 step 3.73e-04 rho +1.000 radius 4.8e-04 shift 0.0e+00 | B_min +9.91e-06 lam_min 1.13e-05 lam_k 1.02e+00 S_sub_min -3.11e-02
  it 130 cost 1.1249456602e-07 |g|inf 1.82e-03 step 1.19e-04 rho +0.996 radius 2.4e-04 shift 1.9e-04 | B_min +2.24e-05 lam_min 1.14e-05 lam_k 1.02e+00 S_sub_min -3.23e-02
  it 131 cost 1.1248793537e-07 |g|inf 1.21e-03 step 2.38e-04 rho +0.882 radius 4.8e-04 shift 9.7e-05 | B_min +8.77e-06 lam_min 1.14e-05 lam_k 1.02e+00 S_sub_min -3.18e-02
  it 132 cost 1.1248274997e-07 |g|inf 1.45e-03 step 1.07e-04 rho +1.105 radius 2.1e-04 shift 1.9e-04 | B_min +9.73e-06 lam_min 1.14e-05 lam_k 1.02e+00 S_sub_min -3.21e-02
  it 133 cost 1.1247717771e-07 |g|inf 6.69e-04 step 2.13e-04 rho +0.937 radius 4.3e-04 shift 1.1e-04 | B_min +9.50e-06 lam_min 1.15e-05 lam_k 1.02e+00 S_sub_min -3.25e-02
  it 134 cost 1.1247260742e-07 |g|inf 1.51e-03 step 3.70e-04 rho +0.763 radius 4.3e-04 shift 0.0e+00 | B_min +1.09e-05 lam_min 1.15e-05 lam_k 1.02e+00 S_sub_min -3.20e-02
  it 135 cost 1.1246349512e-07 |g|inf 3.75e-03 step 1.98e-04 rho +1.146 radius 4.3e-04 shift 0.0e+00 | B_min +1.87e-05 lam_min 1.16e-05 lam_k 1.02e+00 S_sub_min -3.14e-02
  it 136 cost 1.1245977491e-07 |g|inf 9.15e-04 step 1.07e-04 rho +1.044 radius 2.1e-04 shift 1.9e-04 | B_min +1.15e-05 lam_min 1.16e-05 lam_k 1.02e+00 S_sub_min -3.19e-02
  it 137 cost 1.1245537016e-07 |g|inf 7.14e-04 step 2.13e-04 rho +0.945 radius 4.3e-04 shift 7.7e-05 | B_min +9.79e-06 lam_min 1.16e-05 lam_k 1.02e+00 S_sub_min -3.25e-02
  it 138 cost 1.1245096756e-07 |g|inf 1.56e-03 step 3.06e-04 rho +1.038 radius 4.3e-04 shift 0.0e+00 | B_min +1.16e-05 lam_min 1.17e-05 lam_k 1.02e+00 S_sub_min -3.21e-02
  it 139 cost 1.1244581240e-07 |g|inf 2.92e-03 step 2.33e-04 rho +1.087 radius 4.3e-04 shift 0.0e+00 | B_min +1.59e-05 lam_min 1.18e-05 lam_k 1.02e+00 S_sub_min -3.18e-02
  it 140 cost 1.1244233853e-07 |g|inf 1.09e-03 step 1.07e-04 rho +1.035 radius 2.1e-04 shift 1.4e-04 | B_min +1.46e-05 lam_min 1.18e-05 lam_k 1.02e+00 S_sub_min -3.19e-02
  it 141 cost 1.1243898270e-07 |g|inf 7.80e-04 step 2.13e-04 rho +0.954 radius 4.3e-04 shift 5.2e-05 | B_min +1.07e-05 lam_min 1.18e-05 lam_k 1.02e+00 S_sub_min -3.25e-02
  it 142 cost 1.1243549135e-07 |g|inf 1.49e-03 step 2.68e-04 rho +1.157 radius 4.3e-04 shift 0.0e+00 | B_min +1.23e-05 lam_min 1.19e-05 lam_k 1.02e+00 S_sub_min -3.24e-02
  it 143 cost 1.1243244644e-07 |g|inf 2.50e-03 step 2.50e-04 rho +0.955 radius 4.3e-04 shift 0.0e+00 | B_min +1.62e-05 lam_min 1.19e-05 lam_k 1.02e+00 S_sub_min -3.19e-02
  it 144 cost 1.1242929752e-07 |g|inf 1.38e-03 step 1.01e-04 rho +1.018 radius 2.0e-04 shift 1.0e-04 | B_min +1.44e-05 lam_min 1.20e-05 lam_k 1.02e+00 S_sub_min -3.23e-02
  it 145 cost 1.1242677780e-07 |g|inf 8.24e-04 step 2.02e-04 rho +0.979 radius 4.0e-04 shift 3.8e-05 | B_min +1.14e-05 lam_min 1.20e-05 lam_k 1.02e+00 S_sub_min -3.25e-02
  it 146 cost 1.1242427454e-07 |g|inf 1.21e-03 step 2.56e-04 rho +1.135 radius 4.0e-04 shift 0.0e+00 | B_min +1.27e-05 lam_min 1.21e-05 lam_k 1.02e+00 S_sub_min -3.27e-02
  it 147 cost 1.1242211267e-07 |g|inf 2.22e-03 step 2.40e-04 rho +0.907 radius 4.0e-04 shift 0.0e+00 | B_min +1.84e-05 lam_min 1.21e-05 lam_k 1.02e+00 S_sub_min -3.19e-02
  it 148 cost 1.1241974853e-07 |g|inf 1.38e-03 step 8.44e-05 rho +1.004 radius 1.7e-04 shift 1.0e-04 | B_min +1.32e-05 lam_min 1.22e-05 lam_k 1.02e+00 S_sub_min -3.29e-02
  it 149 cost 1.1241798190e-07 |g|inf 6.44e-04 step 1.69e-04 rho +1.021 radius 3.4e-04 shift 3.8e-05 | B_min +1.13e-05 lam_min 1.22e-05 lam_k 1.02e+00 S_sub_min -3.27e-02
  it 150 cost 1.1241626830e-07 |g|inf 9.72e-04 step 2.40e-04 rho +1.137 radius 3.4e-04 shift 0.0e+00 | B_min +1.27e-05 lam_min 1.22e-05 lam_k 1.02e+00 S_sub_min -3.30e-02
  it 151 cost 1.1241443567e-07 |g|inf 1.88e-03 step 1.59e-04 rho +1.215 radius 3.4e-04 shift 0.0e+00 | B_min +1.82e-05 lam_min 1.23e-05 lam_k 1.02e+00 S_sub_min -3.22e-02
  it 152 cost 1.1241339455e-07 |g|inf 7.03e-04 step 6.81e-05 rho +1.072 radius 1.4e-04 shift 9.7e-05 | B_min +1.22e-05 lam_min 1.23e-05 lam_k 1.02e+00 S_sub_min -3.32e-02
  it 153 cost 1.1241230687e-07 |g|inf 3.94e-04 step 1.36e-04 rho +1.044 radius 2.7e-04 shift 3.8e-05 | B_min +1.09e-05 lam_min 1.23e-05 lam_k 1.02e+00 S_sub_min -3.30e-02
  it 154 cost 1.1241120104e-07 |g|inf 7.44e-04 step 2.14e-04 rho +1.158 radius 2.7e-04 shift 0.0e+00 | B_min +1.22e-05 lam_min 1.24e-05 lam_k 1.02e+00 S_sub_min -3.30e-02
  it 155 cost 1.1241003540e-07 |g|inf 1.47e-03 step 9.64e-05 rho +1.336 radius 2.7e-04 shift 0.0e+00 | B_min +1.73e-05 lam_min 1.24e-05 lam_k 1.02e+00 S_sub_min -3.27e-02
  it 156 cost 1.1240994487e-07 |g|inf 3.85e-04 step 2.31e-04 rho +0.115 radius 5.8e-05 shift 0.0e+00 | B_min +1.11e-05 lam_min 1.25e-05 lam_k 1.02e+00 S_sub_min -3.33e-02
  it 157 cost 1.1240838786e-07 |g|inf 2.25e-03 step 4.57e-05 rho +1.083 radius 5.8e-05 shift 0.0e+00 | B_min +1.71e-05 lam_min 1.25e-05 lam_k 1.02e+00 S_sub_min -3.23e-02
  it 158 cost 1.1240806297e-07 |g|inf 8.04e-05 step 5.78e-05 rho +1.012 radius 1.2e-04 shift 7.1e-05 | B_min +9.62e-06 lam_min 1.25e-05 lam_k 1.02e+00 S_sub_min -3.35e-02
  it 159 cost 1.1240764060e-07 |g|inf 2.38e-04 step 1.16e-04 rho +1.065 radius 2.3e-04 shift 1.7e-05 | B_min +1.05e-05 lam_min 1.25e-05 lam_k 1.02e+00 S_sub_min -3.32e-02
  it 160 cost 1.1240725046e-07 |g|inf 4.98e-04 step 1.12e-04 rho +1.395 radius 2.3e-04 shift 0.0e+00 | B_min +1.18e-05 lam_min 1.26e-05 lam_k 1.02e+00 S_sub_min -3.32e-02
  it 161 cost 1.1240697068e-07 |g|inf 4.48e-04 step 9.10e-05 rho +1.405 radius 2.3e-04 shift 0.0e+00 | B_min +1.23e-05 lam_min 1.26e-05 lam_k 1.02e+00 S_sub_min -3.32e-02
  it 162 cost 1.1240677416e-07 |g|inf 3.44e-04 step 7.87e-05 rho +1.428 radius 2.3e-04 shift 0.0e+00 | B_min +1.13e-05 lam_min 1.26e-05 lam_k 1.02e+00 S_sub_min -3.32e-02
  it 163 cost 1.1240664694e-07 |g|inf 2.62e-04 step 6.92e-05 rho +1.432 radius 2.3e-04 shift 0.0e+00 | B_min +1.13e-05 lam_min 1.26e-05 lam_k 1.02e+00 S_sub_min -3.33e-02
  it 164 cost 1.1240656967e-07 |g|inf 2.02e-04 step 5.27e-05 rho +1.464 radius 2.3e-04 shift 0.0e+00 | B_min +1.08e-05 lam_min 1.27e-05 lam_k 1.02e+00 S_sub_min -3.33e-02
  it 165 cost 1.1240652823e-07 |g|inf 1.20e-04 step 4.44e-05 rho +1.479 radius 2.3e-04 shift 0.0e+00 | B_min +1.04e-05 lam_min 1.27e-05 lam_k 1.02e+00 S_sub_min -3.33e-02
  it 166 cost 1.1240650828e-07 |g|inf 8.41e-05 step 2.83e-05 rho +1.515 radius 2.3e-04 shift 0.0e+00 | B_min +1.01e-05 lam_min 1.27e-05 lam_k 1.02e+00 S_sub_min -3.34e-02
  it 167 cost 1.1240649986e-07 |g|inf 3.43e-05 step 2.07e-05 rho +1.547 radius 2.3e-04 shift 0.0e+00 | B_min +9.62e-06 lam_min 1.27e-05 lam_k 1.02e+00 S_sub_min -3.34e-02
  it 168 cost 1.1240649659e-07 |g|inf 1.81e-05 step 1.12e-05 rho +1.575 radius 2.3e-04 shift 0.0e+00 | B_min +9.39e-06 lam_min 1.27e-05 lam_k 1.02e+00 S_sub_min -3.34e-02
  it 169 cost 1.1240649538e-07 |g|inf 5.25e-06 step 7.43e-06 rho +1.591 radius 2.3e-04 shift 0.0e+00 | B_min +9.19e-06 lam_min 1.27e-05 lam_k 1.02e+00 S_sub_min -3.34e-02
  it 170 cost 1.1240649493e-07 |g|inf 2.27e-06 step 3.99e-06 rho +1.597 radius 2.3e-04 shift 0.0e+00 | B_min +9.14e-06 lam_min 1.27e-05 lam_k 1.02e+00 S_sub_min -3.34e-02
  it 171 cost 1.1240649477e-07 |g|inf 6.49e-07 step 2.63e-06 rho +1.599 radius 2.3e-04 shift 0.0e+00 | B_min +9.12e-06 lam_min 1.27e-05 lam_k 1.02e+00 S_sub_min -3.34e-02
  it 172 cost 1.1240649471e-07 |g|inf 2.86e-07 step 1.43e-06 rho +1.598 radius 2.3e-04 shift 0.0e+00 | B_min +9.11e-06 lam_min 1.27e-05 lam_k 1.02e+00 S_sub_min -3.34e-02
  it 173 cost 1.1240649469e-07 |g|inf 8.81e-08 step 9.47e-07 rho +1.591 radius 2.3e-04 shift 0.0e+00 | B_min +9.11e-06 lam_min 1.27e-05 lam_k 1.02e+00 S_sub_min -3.34e-02
  it 174 cost 1.1240649468e-07 |g|inf 4.13e-08 step 5.19e-07 rho +1.665 radius 2.3e-04 shift 0.0e+00 | B_min +9.11e-06 lam_min 1.27e-05 lam_k 1.02e+00 S_sub_min -3.34e-02
  it 175 cost 1.1240649468e-07 |g|inf 1.67e-08 step 3.43e-07 rho +1.541 radius 2.3e-04 shift 0.0e+00 | B_min +9.11e-06 lam_min 1.27e-05 lam_k 1.02e+00 S_sub_min -3.34e-02
  it 176 cost 1.1240649468e-07 |g|inf 1.09e-08 step 1.88e-07 rho +1.528 radius 2.3e-04 shift 0.0e+00 | B_min +9.11e-06 lam_min 1.27e-05 lam_k 1.02e+00 S_sub_min -3.34e-02
  it 177 cost 1.1240649468e-07 |g|inf 6.08e-09 step 1.24e-07 rho +1.106 radius 2.3e-04 shift 0.0e+00 | B_min +9.11e-06 lam_min 1.27e-05 lam_k 1.02e+00 S_sub_min -3.34e-02
  it 178 cost 1.1240649468e-07 |g|inf 4.22e-09 step 6.85e-08 rho +4.718 radius 2.3e-04 shift 0.0e+00 | B_min +9.11e-06 lam_min 1.27e-05 lam_k 1.02e+00 S_sub_min -3.34e-02
  it 179 cost 1.1240649468e-07 |g|inf 2.19e-09 step 2.63e-18 rho +285957.552 radius 5.3e-18 shift 4.0e+09 | B_min +9.11e-06 lam_min 1.27e-05 lam_k 1.02e+00 S_sub_min -3.34e-02
  it 180 cost 1.1240649468e-07 |g|inf 2.20e-09 step 3.28e-19 rho +5285459.948 radius 6.6e-19 shift 3.2e+10 | B_min +9.11e-06 lam_min 1.27e-05 lam_k 1.02e+00 S_sub_min -3.34e-02
    [subspace-newton] call 4: 181 its, 48.5 s (converged (precision floor)); totals 547 its, 162 s
sd |h| 1.000e-03  pred +2.2309e-04  actual -1.6797e-02  paired -1.6797e-02  ratio -75.2908  (49 s)
    dc_act/dc_pred per term: Vacuum B.n +2.11e-04/+2.11e-04 e2.1e-04  QS two-ter -1.75e-02/+4.30e-06 e1.7e+02  aspect rat +0.00e+00/+0.00e+00 e0.0e+00  rotational +1.67e-03/-1.72e-07 e2.6e+03  volume +2.20e-09/+2.21e-09 e3.0e-03  coil lengt +3.86e-06/+3.87e-06 e1.6e-03  coil curva -1.21e-03/+5.44e-06 e1.2e+02 act5->7  coil mean  +0.00e+00/+0.00e+00 e0.0e+00  coil-coil  -1.08e-06/-1.08e-06 e3.0e-04  plasma-coi +0.00e+00/+0.00e+00 e0.0e+00
  it   0 cost 1.1537944368e-07 |g|inf 2.90e-01 step 1.00e-04 rho +0.998 radius 2.0e-04 shift 1.6e-03 | B_min -1.60e-03 lam_min 8.90e-06 lam_k 9.90e-01 S_sub_min -4.84e-02
  it   1 cost 1.1537163721e-07 |g|inf 9.32e-04 step 9.53e-05 rho +0.991 radius 2.0e-04 shift 0.0e+00 | B_min +9.05e-06 lam_min 8.90e-06 lam_k 9.90e-01 S_sub_min -3.22e-02
  it   2 cost 1.1537142842e-07 |g|inf 7.22e-04 step 4.80e-05 rho +1.037 radius 2.0e-04 shift 0.0e+00 | B_min +8.68e-06 lam_min 8.91e-06 lam_k 9.90e-01 S_sub_min -3.22e-02
  it   3 cost 1.1537140811e-07 |g|inf 2.12e-05 step 5.37e-05 rho +1.056 radius 2.0e-04 shift 0.0e+00 | B_min +6.88e-06 lam_min 8.91e-06 lam_k 9.90e-01 S_sub_min -3.23e-02
  it   4 cost 1.1537139746e-07 |g|inf 5.62e-05 step 1.09e-05 rho +1.238 radius 2.0e-04 shift 0.0e+00 | B_min +8.21e-06 lam_min 8.92e-06 lam_k 9.90e-01 S_sub_min -3.23e-02
  it   5 cost 1.1537139256e-07 |g|inf 1.61e-06 step 3.30e-05 rho +1.266 radius 2.0e-04 shift 0.0e+00 | B_min +6.04e-06 lam_min 8.91e-06 lam_k 9.90e-01 S_sub_min -3.23e-02
  it   6 cost 1.1537138900e-07 |g|inf 2.04e-05 step 8.49e-06 rho +1.412 radius 2.0e-04 shift 0.0e+00 | B_min +6.47e-06 lam_min 8.92e-06 lam_k 9.90e-01 S_sub_min -3.23e-02
  it   7 cost 1.1537138654e-07 |g|inf 1.21e-06 step 2.46e-05 rho +1.440 radius 2.0e-04 shift 0.0e+00 | B_min +4.95e-06 lam_min 8.92e-06 lam_k 9.90e-01 S_sub_min -3.23e-02
  it   8 cost 1.1537138436e-07 |g|inf 1.10e-05 step 8.86e-06 rho +1.589 radius 2.0e-04 shift 0.0e+00 | B_min +4.79e-06 lam_min 8.92e-06 lam_k 9.90e-01 S_sub_min -3.23e-02
  it   9 cost 1.1537138230e-07 |g|inf 1.36e-06 step 2.39e-05 rho +1.612 radius 2.0e-04 shift 0.0e+00 | B_min +3.84e-06 lam_min 8.92e-06 lam_k 9.90e-01 S_sub_min -3.23e-02
  it  10 cost 1.1537137977e-07 |g|inf 1.03e-05 step 1.26e-05 rho +1.810 radius 2.0e-04 shift 0.0e+00 | B_min +3.53e-06 lam_min 8.92e-06 lam_k 9.90e-01 S_sub_min -3.23e-02
  it  11 cost 1.1537137608e-07 |g|inf 2.73e-06 step 3.69e-05 rho +1.777 radius 2.0e-04 shift 0.0e+00 | B_min +2.57e-06 lam_min 8.92e-06 lam_k 9.90e-01 S_sub_min -3.23e-02
  it  12 cost 1.1537136671e-07 |g|inf 2.41e-05 step 3.31e-05 rho +2.206 radius 2.0e-04 shift 0.0e+00 | B_min +2.35e-06 lam_min 8.93e-06 lam_k 9.91e-01 S_sub_min -3.23e-02
  it  13 cost 1.1537134850e-07 |g|inf 1.83e-05 step 5.00e-05 rho +1.584 radius 1.0e-04 shift 3.3e-06 | B_min +6.45e-07 lam_min 8.93e-06 lam_k 9.91e-01 S_sub_min -3.23e-02
  it  14 cost 1.1537128678e-07 |g|inf 4.25e-05 step 1.00e-04 rho +1.350 radius 2.0e-04 shift 4.0e-06 | B_min -1.52e-07 lam_min 8.94e-06 lam_k 9.91e-01 S_sub_min -3.23e-02
  it  15 cost 1.1537106115e-07 |g|inf 1.63e-04 step 2.00e-04 rho +1.042 radius 4.0e-04 shift 3.9e-06 | B_min +9.42e-07 lam_min 8.95e-06 lam_k 9.91e-01 S_sub_min -3.23e-02
  it  16 cost 1.1536991881e-07 |g|inf 6.03e-04 step 2.89e-04 rho +1.405 radius 4.0e-04 shift 0.0e+00 | B_min +1.02e-05 lam_min 8.98e-06 lam_k 9.91e-01 S_sub_min -3.21e-02
  it  17 cost 1.1536581459e-07 |g|inf 1.22e-03 step 3.21e-04 rho +1.479 radius 4.0e-04 shift 0.0e+00 | B_min +2.09e-05 lam_min 9.02e-06 lam_k 9.92e-01 S_sub_min -3.18e-02
  it  18 cost 1.1535773077e-07 |g|inf 1.57e-03 step 4.00e-04 rho +1.162 radius 8.0e-04 shift 1.2e-05 | B_min +1.96e-05 lam_min 9.07e-06 lam_k 9.93e-01 S_sub_min -3.17e-02
  it  19 cost 1.1534644224e-07 |g|inf 2.24e-03 step 1.49e-04 rho +1.137 radius 3.0e-04 shift 1.7e-04 | B_min +2.91e-05 lam_min 9.14e-06 lam_k 9.94e-01 S_sub_min -3.14e-02
  it  20 cost 1.1533289394e-07 |g|inf 4.80e-04 step 2.98e-04 rho +0.927 radius 6.0e-04 shift 1.7e-04 | B_min -2.19e-05 lam_min 9.17e-06 lam_k 9.94e-01 S_sub_min -3.25e-02
  it  21 cost 1.1532214582e-07 |g|inf 1.45e-03 step 5.97e-04 rho +0.396 radius 6.0e-04 shift 3.8e-05 | B_min +2.06e-05 lam_min 9.23e-06 lam_k 9.95e-01 S_sub_min -3.20e-02
  it  22 cost 1.1527326116e-07 |g|inf 4.97e-03 step 2.05e-04 rho +1.189 radius 6.0e-04 shift 0.0e+00 | B_min +3.42e-05 lam_min 9.35e-06 lam_k 9.97e-01 S_sub_min -3.08e-02
  it  23 cost 1.1525849555e-07 |g|inf 1.03e-03 step 1.49e-04 rho +1.069 radius 3.0e-04 shift 5.1e-04 | B_min +1.12e-05 lam_min 9.37e-06 lam_k 9.97e-01 S_sub_min -3.29e-02
  it  24 cost 1.1523758247e-07 |g|inf 6.39e-04 step 2.98e-04 rho +0.859 radius 6.0e-04 shift 2.3e-04 | B_min +1.05e-05 lam_min 9.39e-06 lam_k 9.97e-01 S_sub_min -3.33e-02
  it  25 cost 1.1522757439e-07 |g|inf 2.65e-03 step 5.97e-04 rho +0.419 radius 6.0e-04 shift 1.3e-05 | B_min +1.09e-05 lam_min 9.44e-06 lam_k 9.97e-01 S_sub_min -3.27e-02
  it  26 cost 1.1519072899e-07 |g|inf 8.73e-03 step 1.49e-04 rho +1.045 radius 3.0e-04 shift 3.1e-04 | B_min +1.57e-05 lam_min 9.43e-06 lam_k 9.97e-01 S_sub_min -3.11e-02
  it  27 cost 1.1517448963e-07 |g|inf 1.09e-03 step 2.98e-04 rho +0.907 radius 6.0e-04 shift 1.4e-04 | B_min +6.69e-06 lam_min 9.44e-06 lam_k 9.97e-01 S_sub_min -3.36e-02
  it  28 cost 1.1517144318e-07 |g|inf 2.48e-03 step 5.97e-04 rho +0.178 radius 1.5e-04 shift 4.4e-06 | B_min +1.96e-05 lam_min 9.45e-06 lam_k 9.97e-01 S_sub_min -3.33e-02
  it  29 cost 1.1513911897e-07 |g|inf 6.88e-03 step 1.49e-04 rho +1.055 radius 3.0e-04 shift 2.1e-04 | B_min +1.89e-05 lam_min 9.42e-06 lam_k 9.97e-01 S_sub_min -3.21e-02
  it  30 cost 1.1512670322e-07 |g|inf 9.17e-04 step 2.98e-04 rho +0.912 radius 6.0e-04 shift 9.8e-05 | B_min +7.51e-06 lam_min 9.43e-06 lam_k 9.97e-01 S_sub_min -3.40e-02
  it  31 cost 1.1511611111e-07 |g|inf 2.50e-03 step 4.76e-04 rho +0.831 radius 6.0e-04 shift 0.0e+00 | B_min +2.36e-05 lam_min 9.42e-06 lam_k 9.97e-01 S_sub_min -3.34e-02
  it  32 cost 1.1510093227e-07 |g|inf 4.35e-03 step 1.08e-04 rho +1.053 radius 2.2e-04 shift 3.3e-04 | B_min +2.18e-05 lam_min 9.39e-06 lam_k 9.97e-01 S_sub_min -3.31e-02
  it  33 cost 1.1509173287e-07 |g|inf 5.87e-04 step 2.16e-04 rho +0.954 radius 4.3e-04 shift 1.7e-04 | B_min +7.92e-06 lam_min 9.39e-06 lam_k 9.97e-01 S_sub_min -3.43e-02
  it  34 cost 1.1508231908e-07 |g|inf 1.49e-03 step 4.31e-04 rho +0.819 radius 8.6e-04 shift 1.9e-05 | B_min +1.33e-05 lam_min 9.39e-06 lam_k 9.97e-01 S_sub_min -3.39e-02
  it  35 cost 1.1506700826e-07 |g|inf 3.74e-03 step 2.17e-04 rho +1.232 radius 8.6e-04 shift 0.0e+00 | B_min +2.40e-05 lam_min 9.36e-06 lam_k 9.98e-01 S_sub_min -3.32e-02
  it  36 cost 1.1505750397e-07 |g|inf 1.56e-03 step 2.16e-04 rho +1.160 radius 4.3e-04 shift 8.2e-05 | B_min +1.02e-05 lam_min 9.35e-06 lam_k 9.97e-01 S_sub_min -3.39e-02
  it  37 cost 1.1505393593e-07 |g|inf 9.97e-04 step 4.31e-04 rho +0.362 radius 4.3e-04 shift 7.2e-06 | B_min +1.88e-05 lam_min 9.35e-06 lam_k 9.98e-01 S_sub_min -3.41e-02
  it  38 cost 1.1503580025e-07 |g|inf 4.28e-03 step 1.81e-04 rho +1.141 radius 4.3e-04 shift 0.0e+00 | B_min +2.71e-05 lam_min 9.32e-06 lam_k 9.98e-01 S_sub_min -3.28e-02
  it  39 cost 1.1503109679e-07 |g|inf 6.65e-04 step 1.08e-04 rho +1.020 radius 2.2e-04 shift 3.2e-04 | B_min +1.80e-05 lam_min 9.31e-06 lam_k 9.98e-01 S_sub_min -3.46e-02
  it  40 cost 1.1502426294e-07 |g|inf 5.83e-04 step 2.16e-04 rho +0.964 radius 4.3e-04 shift 1.2e-04 | B_min +8.48e-06 lam_min 9.31e-06 lam_k 9.98e-01 S_sub_min -3.46e-02
  it  41 cost 1.1501908669e-07 |g|inf 1.29e-03 step 4.31e-04 rho +0.639 radius 4.3e-04 shift 7.8e-06 | B_min +1.35e-05 lam_min 9.31e-06 lam_k 9.98e-01 S_sub_min -3.41e-02
  it  42 cost 1.1500626600e-07 |g|inf 3.94e-03 step 2.07e-04 rho +1.161 radius 4.3e-04 shift 0.0e+00 | B_min +1.98e-05 lam_min 9.27e-06 lam_k 9.98e-01 S_sub_min -3.32e-02
  it  43 cost 1.1500367547e-07 |g|inf 1.44e-03 step 4.31e-04 rho +0.297 radius 4.3e-04 shift 1.7e-05 | B_min +8.76e-06 lam_min 9.27e-06 lam_k 9.98e-01 S_sub_min -3.40e-02
  it  44 cost 1.1499051912e-07 |g|inf 4.24e-03 step 1.06e-04 rho +1.072 radius 2.1e-04 shift 1.2e-04 | B_min +1.21e-05 lam_min 9.24e-06 lam_k 9.98e-01 S_sub_min -3.25e-02
  it  45 cost 1.1498505684e-07 |g|inf 4.84e-04 step 2.12e-04 rho +0.883 radius 4.2e-04 shift 1.1e-04 | B_min +7.47e-06 lam_min 9.24e-06 lam_k 9.98e-01 S_sub_min -3.47e-02
  it  46 cost 1.1498100223e-07 |g|inf 1.23e-03 step 4.25e-04 rho +0.627 radius 4.2e-04 shift 1.7e-07 | B_min +1.18e-05 lam_min 9.23e-06 lam_k 9.97e-01 S_sub_min -3.40e-02
  it  47 cost 1.1496946188e-07 |g|inf 3.74e-03 step 2.30e-04 rho +1.129 radius 4.2e-04 shift 0.0e+00 | B_min +1.56e-05 lam_min 9.20e-06 lam_k 9.97e-01 S_sub_min -3.32e-02
  it  48 cost 1.1496822464e-07 |g|inf 1.59e-03 step 4.25e-04 rho +0.160 radius 1.1e-04 shift 1.2e-05 | B_min +8.05e-06 lam_min 9.20e-06 lam_k 9.97e-01 S_sub_min -3.37e-02
  it  49 cost 1.1495468524e-07 |g|inf 4.57e-03 step 1.06e-04 rho +1.054 radius 2.1e-04 shift 1.6e-04 | B_min +1.01e-05 lam_min 9.17e-06 lam_k 9.97e-01 S_sub_min -3.26e-02
  it  50 cost 1.1494885190e-07 |g|inf 5.26e-04 step 2.12e-04 rho +0.965 radius 4.2e-04 shift 1.1e-04 | B_min +5.45e-06 lam_min 9.17e-06 lam_k 9.97e-01 S_sub_min -3.45e-02
  it  51 cost 1.1494235855e-07 |g|inf 8.95e-04 step 4.25e-04 rho +0.871 radius 8.5e-04 shift 7.8e-06 | B_min +1.06e-05 lam_min 9.17e-06 lam_k 9.96e-01 S_sub_min -3.38e-02
  it  52 cost 1.1493012552e-07 |g|inf 2.68e-03 step 2.06e-04 rho +1.269 radius 8.5e-04 shift 0.0e+00 | B_min +1.33e-05 lam_min 9.15e-06 lam_k 9.96e-01 S_sub_min -3.25e-02
  it  53 cost 1.1492235214e-07 |g|inf 8.52e-04 step 2.12e-04 rho +1.056 radius 4.2e-04 shift 1.1e-04 | B_min +9.24e-06 lam_min 9.15e-06 lam_k 9.96e-01 S_sub_min -3.40e-02
  it  54 cost 1.1491299654e-07 |g|inf 1.01e-03 step 4.25e-04 rho +0.910 radius 8.5e-04 shift 1.9e-05 | B_min +1.04e-05 lam_min 9.15e-06 lam_k 9.95e-01 S_sub_min -3.35e-02
  it  55 cost 1.1489698740e-07 |g|inf 2.17e-03 step 3.65e-04 rho +1.279 radius 8.5e-04 shift 0.0e+00 | B_min +9.66e-06 lam_min 9.13e-06 lam_k 9.95e-01 S_sub_min -3.22e-02
  it  56 cost 1.1488471165e-07 |g|inf 2.13e-03 step 2.12e-04 rho +1.100 radius 4.2e-04 shift 1.5e-04 | B_min +1.44e-05 lam_min 9.12e-06 lam_k 9.94e-01 S_sub_min -3.28e-02
  it  57 cost 1.1487147088e-07 |g|inf 8.99e-04 step 4.25e-04 rho +0.817 radius 8.5e-04 shift 5.1e-05 | B_min +8.61e-06 lam_min 9.13e-06 lam_k 9.93e-01 S_sub_min -3.33e-02
  it  58 cost 1.1484655169e-07 |g|inf 3.26e-03 step 5.09e-04 rho +1.262 radius 8.5e-04 shift 0.0e+00 | B_min +8.48e-06 lam_min 9.12e-06 lam_k 9.93e-01 S_sub_min -3.19e-02
  it  59 cost 1.1482761192e-07 |g|inf 1.97e-03 step 2.12e-04 rho +1.079 radius 4.2e-04 shift 2.3e-04 | B_min +2.36e-06 lam_min 9.11e-06 lam_k 9.93e-01 S_sub_min -3.27e-02
  it  60 cost 1.1480432942e-07 |g|inf 1.29e-03 step 4.25e-04 rho +0.927 radius 8.5e-04 shift 9.3e-05 | B_min +8.88e-06 lam_min 9.12e-06 lam_k 9.92e-01 S_sub_min -3.33e-02
  it  61 cost 1.1479811990e-07 |g|inf 2.84e-03 step 8.35e-04 rho +0.205 radius 2.1e-04 shift 0.0e+00 | B_min +6.92e-06 lam_min 9.14e-06 lam_k 9.92e-01 S_sub_min -3.14e-02
  it  62 cost 1.1472903304e-07 |g|inf 1.18e-02 step 2.09e-04 rho +1.088 radius 4.2e-04 shift 2.6e-04 | B_min -3.86e-05 lam_min 9.13e-06 lam_k 9.92e-01 S_sub_min -3.04e-02
  it  63 cost 1.1469179790e-07 |g|inf 9.72e-04 step 4.17e-04 rho +0.885 radius 8.3e-04 shift 2.0e-04 | B_min +7.13e-06 lam_min 9.16e-06 lam_k 9.92e-01 S_sub_min -3.30e-02
  it  64 cost 1.1463876019e-07 |g|inf 3.47e-03 step 8.35e-04 rho +0.953 radius 1.7e-03 shift 1.7e-05 | B_min +8.42e-06 lam_min 9.18e-06 lam_k 9.92e-01 S_sub_min -3.18e-02
  it  65 cost 1.1456951439e-07 |g|inf 6.30e-03 step 1.99e-04 rho +1.111 radius 4.0e-04 shift 4.3e-04 | B_min +4.45e-06 lam_min 9.23e-06 lam_k 9.94e-01 S_sub_min -2.98e-02
  it  66 cost 1.1451484782e-07 |g|inf 1.23e-03 step 3.98e-04 rho +0.949 radius 8.0e-04 shift 3.1e-04 | B_min +5.59e-06 lam_min 9.25e-06 lam_k 9.94e-01 S_sub_min -3.35e-02
  it  67 cost 1.1443241765e-07 |g|inf 3.25e-03 step 7.96e-04 rho +1.009 radius 1.6e-03 shift 5.4e-05 | B_min +8.67e-06 lam_min 9.29e-06 lam_k 9.95e-01 S_sub_min -3.15e-02
  it  68 cost 1.1433414674e-07 |g|inf 7.01e-03 step 3.98e-04 rho +1.262 radius 8.0e-04 shift 9.1e-05 | B_min +2.48e-06 lam_min 9.33e-06 lam_k 9.98e-01 S_sub_min -2.99e-02
  it  69 cost 1.1427778536e-07 |g|inf 2.59e-03 step 7.96e-04 rho +0.565 radius 8.0e-04 shift 9.3e-05 | B_min +7.56e-06 lam_min 9.35e-06 lam_k 9.99e-01 S_sub_min -3.22e-02
  it  70 cost 1.1414835189e-07 |g|inf 1.09e-02 step 7.96e-04 rho +1.008 radius 1.6e-03 shift 4.5e-05 | B_min -9.61e-06 lam_min 9.42e-06 lam_k 1.00e+00 S_sub_min -2.91e-02
  it  71 cost 1.1407505207e-07 |g|inf 5.91e-03 step 3.98e-04 rho +0.860 radius 8.0e-04 shift 3.8e-04 | B_min -2.92e-05 lam_min 9.39e-06 lam_k 1.00e+00 S_sub_min -3.37e-02
  it  72 cost 1.1397947452e-07 |g|inf 4.82e-03 step 7.96e-04 rho +1.105 radius 1.6e-03 shift 5.2e-05 | B_min +9.03e-06 lam_min 9.45e-06 lam_k 1.01e+00 S_sub_min -2.98e-02
  it  73 cost 1.1390338150e-07 |g|inf 6.63e-03 step 3.71e-04 rho +1.196 radius 7.4e-04 shift 1.5e-04 | B_min +1.71e-05 lam_min 9.48e-06 lam_k 1.01e+00 S_sub_min -2.99e-02
  it  74 cost 1.1384487478e-07 |g|inf 2.99e-03 step 7.43e-04 rho +0.735 radius 7.4e-04 shift 9.2e-05 | B_min +8.66e-06 lam_min 9.51e-06 lam_k 1.01e+00 S_sub_min -3.06e-02
  it  75 cost 1.1375681697e-07 |g|inf 1.09e-02 step 7.43e-04 rho +0.964 radius 1.5e-03 shift 4.9e-05 | B_min -2.33e-06 lam_min 9.54e-06 lam_k 1.02e+00 S_sub_min -2.90e-02
  it  76 cost 1.1369467545e-07 |g|inf 5.34e-03 step 3.71e-04 rho +0.933 radius 7.4e-04 shift 2.8e-04 | B_min -2.80e-05 lam_min 9.54e-06 lam_k 1.02e+00 S_sub_min -2.96e-02
  it  77 cost 1.1363019927e-07 |g|inf 5.40e-03 step 7.43e-04 rho +0.942 radius 1.5e-03 shift 6.8e-05 | B_min +5.86e-06 lam_min 9.56e-06 lam_k 1.02e+00 S_sub_min -2.99e-02
  it  78 cost 1.1357369260e-07 |g|inf 5.93e-03 step 3.71e-04 rho +1.061 radius 7.4e-04 shift 1.7e-04 | B_min +4.67e-06 lam_min 9.58e-06 lam_k 1.02e+00 S_sub_min -2.85e-02
  it  79 cost 1.1352378653e-07 |g|inf 4.82e-03 step 7.43e-04 rho +0.814 radius 1.5e-03 shift 6.7e-05 | B_min +5.37e-06 lam_min 9.59e-06 lam_k 1.03e+00 S_sub_min -3.04e-02
  it  80 cost 1.1347011416e-07 |g|inf 7.50e-03 step 3.10e-04 rho +1.092 radius 6.2e-04 shift 1.7e-04 | B_min +5.48e-06 lam_min 9.62e-06 lam_k 1.03e+00 S_sub_min -2.81e-02
  it  81 cost 1.1342803281e-07 |g|inf 3.27e-03 step 6.20e-04 rho +0.860 radius 1.2e-03 shift 8.6e-05 | B_min +8.10e-06 lam_min 9.63e-06 lam_k 1.03e+00 S_sub_min -3.13e-02
  it  82 cost 1.1338462052e-07 |g|inf 7.11e-03 step 3.10e-04 rho +1.158 radius 6.2e-04 shift 1.3e-04 | B_min +8.41e-06 lam_min 9.66e-06 lam_k 1.03e+00 S_sub_min -2.88e-02
  it  83 cost 1.1335671789e-07 |g|inf 2.08e-03 step 6.20e-04 rho +0.609 radius 6.2e-04 shift 8.0e-05 | B_min +1.33e-05 lam_min 9.66e-06 lam_k 1.03e+00 S_sub_min -3.21e-02
  it  84 cost 1.1330288944e-07 |g|inf 1.08e-02 step 6.20e-04 rho +1.056 radius 1.2e-03 shift 2.5e-05 | B_min +3.18e-06 lam_min 9.70e-06 lam_k 1.03e+00 S_sub_min -2.85e-02
  it  85 cost 1.1327612481e-07 |g|inf 2.63e-03 step 3.10e-04 rho +0.810 radius 6.2e-04 shift 2.4e-04 | B_min +1.65e-05 lam_min 9.72e-06 lam_k 1.03e+00 S_sub_min -3.24e-02
  it  86 cost 1.1324239840e-07 |g|inf 5.95e-03 step 6.20e-04 rho +0.935 radius 1.2e-03 shift 3.3e-05 | B_min +6.44e-06 lam_min 9.75e-06 lam_k 1.03e+00 S_sub_min -2.99e-02
  it  87 cost 1.1321025511e-07 |g|inf 4.93e-03 step 3.10e-04 rho +0.987 radius 6.2e-04 shift 9.5e-05 | B_min +5.09e-06 lam_min 9.78e-06 lam_k 1.03e+00 S_sub_min -3.21e-02
  it  88 cost 1.1318674515e-07 |g|inf 5.11e-03 step 6.20e-04 rho +0.667 radius 6.2e-04 shift 3.7e-05 | B_min +4.87e-06 lam_min 9.80e-06 lam_k 1.03e+00 S_sub_min -3.02e-02
  it  89 cost 1.1315362950e-07 |g|inf 6.26e-03 step 1.55e-04 rho +0.985 radius 3.1e-04 shift 3.4e-04 | B_min -4.00e-07 lam_min 9.84e-06 lam_k 1.03e+00 S_sub_min -3.27e-02
  it  90 cost 1.1313267983e-07 |g|inf 2.13e-03 step 3.10e-04 rho +0.936 radius 6.2e-04 shift 1.8e-04 | B_min +7.72e-06 lam_min 9.86e-06 lam_k 1.03e+00 S_sub_min -3.15e-02
  it  91 cost 1.1311351373e-07 |g|inf 2.72e-03 step 6.20e-04 rho +0.710 radius 6.2e-04 shift 2.4e-05 | B_min +1.13e-05 lam_min 9.88e-06 lam_k 1.03e+00 S_sub_min -3.20e-02
  it  92 cost 1.1308405297e-07 |g|inf 8.16e-03 step 1.55e-04 rho +1.078 radius 3.1e-04 shift 2.1e-04 | B_min +6.38e-06 lam_min 9.93e-06 lam_k 1.03e+00 S_sub_min -2.98e-02
  it  93 cost 1.1306905497e-07 |g|inf 5.86e-04 step 3.10e-04 rho +0.722 radius 3.1e-04 shift 1.8e-04 | B_min +8.75e-06 lam_min 9.94e-06 lam_k 1.03e+00 S_sub_min -3.30e-02
  it  94 cost 1.1304525049e-07 |g|inf 5.04e-03 step 3.10e-04 rho +1.145 radius 6.2e-04 shift 6.8e-05 | B_min +7.90e-06 lam_min 9.97e-06 lam_k 1.03e+00 S_sub_min -3.04e-02
  it  95 cost 1.1303279082e-07 |g|inf 1.66e-03 step 1.55e-04 rho +1.014 radius 3.1e-04 shift 3.5e-04 | B_min +2.20e-05 lam_min 1.00e-05 lam_k 1.03e+00 S_sub_min -3.31e-02
  it  96 cost 1.1301586176e-07 |g|inf 1.66e-03 step 3.10e-04 rho +0.934 radius 6.2e-04 shift 1.4e-04 | B_min +8.37e-06 lam_min 1.00e-05 lam_k 1.03e+00 S_sub_min -3.21e-02
  it  97 cost 1.1300420628e-07 |g|inf 2.84e-03 step 6.20e-04 rho +0.602 radius 6.2e-04 shift 6.3e-06 | B_min +1.16e-05 lam_min 1.00e-05 lam_k 1.03e+00 S_sub_min -3.18e-02
  it  98 cost 1.1300122276e-07 |g|inf 6.09e-03 step 6.20e-04 rho +0.096 radius 1.6e-04 shift 1.1e-05 | B_min +5.80e-06 lam_min 1.01e-05 lam_k 1.03e+00 S_sub_min -3.08e-02
  it  99 cost 1.1295867995e-07 |g|inf 3.66e-03 step 1.55e-04 rho +0.965 radius 3.1e-04 shift 3.5e-04 | B_min -1.61e-05 lam_min 1.01e-05 lam_k 1.03e+00 S_sub_min -3.14e-02
  it 100 cost 1.1294279330e-07 |g|inf 1.94e-03 step 3.10e-04 rho +0.853 radius 6.2e-04 shift 1.4e-04 | B_min +8.10e-06 lam_min 1.01e-05 lam_k 1.03e+00 S_sub_min -3.20e-02
  it 101 cost 1.1293412605e-07 |g|inf 2.20e-03 step 6.20e-04 rho +0.445 radius 6.2e-04 shift 4.1e-06 | B_min +8.74e-06 lam_min 1.02e-05 lam_k 1.03e+00 S_sub_min -3.18e-02
  it 102 cost 1.1290551093e-07 |g|inf 8.24e-03 step 1.55e-04 rho +1.027 radius 3.1e-04 shift 2.3e-04 | B_min +3.72e-06 lam_min 1.02e-05 lam_k 1.03e+00 S_sub_min -3.01e-02
  it 103 cost 1.1289527305e-07 |g|inf 4.40e-04 step 3.10e-04 rho +0.575 radius 3.1e-04 shift 1.4e-04 | B_min +7.94e-06 lam_min 1.02e-05 lam_k 1.03e+00 S_sub_min -3.32e-02
  it 104 cost 1.1287417628e-07 |g|inf 5.31e-03 step 3.10e-04 rho +1.109 radius 6.2e-04 shift 2.8e-05 | B_min +5.96e-06 lam_min 1.03e-05 lam_k 1.03e+00 S_sub_min -3.04e-02
  it 105 cost 1.1286273724e-07 |g|inf 1.22e-03 step 1.55e-04 rho +0.929 radius 3.1e-04 shift 3.1e-04 | B_min +1.51e-05 lam_min 1.03e-05 lam_k 1.02e+00 S_sub_min -3.34e-02
  it 106 cost 1.1284883260e-07 |g|inf 1.88e-03 step 3.10e-04 rho +0.867 radius 6.2e-04 shift 1.2e-04 | B_min +7.99e-06 lam_min 1.03e-05 lam_k 1.02e+00 S_sub_min -3.19e-02
  it 107 cost 1.1283937977e-07 |g|inf 2.26e-03 step 4.25e-04 rho +0.636 radius 6.2e-04 shift 0.0e+00 | B_min +8.56e-06 lam_min 1.03e-05 lam_k 1.02e+00 S_sub_min -3.21e-02
  it 108 cost 1.1281763484e-07 |g|inf 6.46e-03 step 1.55e-04 rho +1.037 radius 3.1e-04 shift 2.2e-04 | B_min +1.23e-05 lam_min 1.04e-05 lam_k 1.02e+00 S_sub_min -3.02e-02
  it 109 cost 1.1280820373e-07 |g|inf 4.13e-04 step 3.10e-04 rho +0.581 radius 3.1e-04 shift 1.3e-04 | B_min +7.81e-06 lam_min 1.04e-05 lam_k 1.02e+00 S_sub_min -3.32e-02
  it 110 cost 1.1278881235e-07 |g|inf 4.87e-03 step 3.10e-04 rho +1.113 radius 6.2e-04 shift 2.3e-05 | B_min +6.62e-06 lam_min 1.05e-05 lam_k 1.02e+00 S_sub_min -3.05e-02
  it 111 cost 1.1277817208e-07 |g|inf 1.11e-03 step 1.55e-04 rho +0.923 radius 3.1e-04 shift 2.9e-04 | B_min +1.22e-05 lam_min 1.05e-05 lam_k 1.02e+00 S_sub_min -3.35e-02
  it 112 cost 1.1276537996e-07 |g|inf 1.79e-03 step 3.10e-04 rho +0.850 radius 6.2e-04 shift 1.1e-04 | B_min +8.06e-06 lam_min 1.05e-05 lam_k 1.02e+00 S_sub_min -3.18e-02
  it 113 cost 1.1275983681e-07 |g|inf 2.09e-03 step 4.12e-04 rho +0.397 radius 6.2e-04 shift 0.0e+00 | B_min +8.55e-06 lam_min 1.05e-05 lam_k 1.02e+00 S_sub_min -3.21e-02
  it 114 cost 1.1273631855e-07 |g|inf 7.74e-03 step 1.55e-04 rho +1.021 radius 3.1e-04 shift 2.2e-04 | B_min +1.17e-05 lam_min 1.06e-05 lam_k 1.02e+00 S_sub_min -3.01e-02
  it 115 cost 1.1272785416e-07 |g|inf 3.80e-04 step 3.10e-04 rho +0.555 radius 3.1e-04 shift 1.2e-04 | B_min +7.61e-06 lam_min 1.06e-05 lam_k 1.02e+00 S_sub_min -3.32e-02
  it 116 cost 1.1270940331e-07 |g|inf 4.79e-03 step 3.10e-04 rho +1.102 radius 6.2e-04 shift 2.2e-05 | B_min +6.93e-06 lam_min 1.06e-05 lam_k 1.02e+00 S_sub_min -3.04e-02
  it 117 cost 1.1269949939e-07 |g|inf 9.82e-04 step 1.55e-04 rho +0.907 radius 3.1e-04 shift 2.8e-04 | B_min +1.24e-05 lam_min 1.07e-05 lam_k 1.02e+00 S_sub_min -3.35e-02
  it 118 cost 1.1268767476e-07 |g|inf 1.78e-03 step 3.10e-04 rho +0.832 radius 6.2e-04 shift 1.0e-04 | B_min +8.02e-06 lam_min 1.07e-05 lam_k 1.02e+00 S_sub_min -3.17e-02
  it 119 cost 1.1268732256e-07 |g|inf 1.97e-03 step 4.24e-04 rho +0.026 radius 1.1e-04 shift 0.0e+00 | B_min +8.80e-06 lam_min 1.07e-05 lam_k 1.02e+00 S_sub_min -3.21e-02
  it 120 cost 1.1266199264e-07 |g|inf 8.70e-03 step 1.06e-04 rho +1.008 radius 2.1e-04 shift 3.7e-04 | B_min +7.95e-06 lam_min 1.08e-05 lam_k 1.02e+00 S_sub_min -3.00e-02
  it 121 cost 1.1265284923e-07 |g|inf 1.59e-04 step 2.12e-04 rho +0.869 radius 4.2e-04 shift 2.1e-04 | B_min +7.51e-06 lam_min 1.08e-05 lam_k 1.02e+00 S_sub_min -3.34e-02
  it 122 cost 1.1264322147e-07 |g|inf 2.10e-03 step 4.24e-04 rho +0.730 radius 4.2e-04 shift 2.0e-05 | B_min +7.85e-06 lam_min 1.08e-05 lam_k 1.02e+00 S_sub_min -3.16e-02
  it 123 cost 1.1263805313e-07 |g|inf 3.29e-03 step 4.02e-04 rho +0.305 radius 4.2e-04 shift 0.0e+00 | B_min +1.52e-05 lam_min 1.09e-05 lam_k 1.02e+00 S_sub_min -3.24e-02
  it 124 cost 1.1261962378e-07 |g|inf 5.64e-03 step 4.24e-04 rho +0.523 radius 4.2e-04 shift 1.0e-04 | B_min -1.64e-06 lam_min 1.10e-05 lam_k 1.02e+00 S_sub_min -3.03e-02
  it 125 cost 1.1260140464e-07 |g|inf 2.01e-03 step 1.06e-04 rho +0.881 radius 2.1e-04 shift 5.2e-04 | B_min -2.21e-05 lam_min 1.10e-05 lam_k 1.02e+00 S_sub_min -3.31e-02
  it 126 cost 1.1259179908e-07 |g|inf 1.36e-03 step 2.12e-04 rho +0.913 radius 4.2e-04 shift 1.9e-04 | B_min +7.85e-06 lam_min 1.10e-05 lam_k 1.02e+00 S_sub_min -3.18e-02
  it 127 cost 1.1258974946e-07 |g|inf 8.60e-04 step 4.24e-04 rho +0.160 radius 1.1e-04 shift 2.9e-05 | B_min +8.45e-06 lam_min 1.10e-05 lam_k 1.02e+00 S_sub_min -3.26e-02
  it 128 cost 1.1256890835e-07 |g|inf 6.69e-03 step 1.06e-04 rho +1.048 radius 2.1e-04 shift 1.9e-04 | B_min +1.73e-05 lam_min 1.11e-05 lam_k 1.02e+00 S_sub_min -3.00e-02
  it 129 cost 1.1256116009e-07 |g|inf 1.74e-04 step 2.12e-04 rho +0.851 radius 4.2e-04 shift 1.8e-04 | B_min +7.30e-06 lam_min 1.11e-05 lam_k 1.02e+00 S_sub_min -3.33e-02
  it 130 cost 1.1255304518e-07 |g|inf 2.09e-03 step 4.24e-04 rho +0.733 radius 4.2e-04 shift 1.4e-05 | B_min +8.58e-06 lam_min 1.12e-05 lam_k 1.02e+00 S_sub_min -3.13e-02
  it 131 cost 1.1254035013e-07 |g|inf 2.95e-03 step 1.06e-04 rho +1.019 radius 2.1e-04 shift 2.4e-04 | B_min +1.94e-05 lam_min 1.12e-05 lam_k 1.02e+00 S_sub_min -3.25e-02
  it 132 cost 1.1253251160e-07 |g|inf 9.36e-04 step 2.12e-04 rho +0.935 radius 4.2e-04 shift 1.5e-04 | B_min +7.99e-06 lam_min 1.12e-05 lam_k 1.02e+00 S_sub_min -3.22e-02
  it 133 cost 1.1253094230e-07 |g|inf 1.11e-03 step 4.24e-04 rho +0.162 radius 1.1e-04 shift 1.1e-05 | B_min +8.88e-06 lam_min 1.13e-05 lam_k 1.02e+00 S_sub_min -3.22e-02
  it 134 cost 1.1251299106e-07 |g|inf 6.19e-03 step 1.06e-04 rho +1.060 radius 2.1e-04 shift 1.3e-04 | B_min +1.97e-05 lam_min 1.13e-05 lam_k 1.02e+00 S_sub_min -3.02e-02
  it 135 cost 1.1250664686e-07 |g|inf 2.51e-04 step 2.12e-04 rho +0.822 radius 4.2e-04 shift 1.5e-04 | B_min +7.21e-06 lam_min 1.14e-05 lam_k 1.02e+00 S_sub_min -3.31e-02
  it 136 cost 1.1250097045e-07 |g|inf 2.25e-03 step 4.24e-04 rho +0.660 radius 4.2e-04 shift 2.5e-06 | B_min +9.02e-06 lam_min 1.14e-05 lam_k 1.02e+00 S_sub_min -3.11e-02
  it 137 cost 1.1248995698e-07 |g|inf 2.70e-03 step 1.06e-04 rho +0.966 radius 2.1e-04 shift 2.4e-04 | B_min +1.77e-05 lam_min 1.15e-05 lam_k 1.02e+00 S_sub_min -3.26e-02
  it 138 cost 1.1248361377e-07 |g|inf 1.06e-03 step 2.12e-04 rho +0.909 radius 4.2e-04 shift 1.2e-04 | B_min +8.32e-06 lam_min 1.15e-05 lam_k 1.02e+00 S_sub_min -3.19e-02
  it 139 cost 1.1247910341e-07 |g|inf 1.06e-03 step 1.06e-04 rho +1.100 radius 2.1e-04 shift 2.0e-04 | B_min +9.46e-06 lam_min 1.15e-05 lam_k 1.02e+00 S_sub_min -3.23e-02
  it 140 cost 1.1247369193e-07 |g|inf 6.26e-04 step 2.12e-04 rho +0.936 radius 4.2e-04 shift 1.0e-04 | B_min +9.37e-06 lam_min 1.15e-05 lam_k 1.02e+00 S_sub_min -3.26e-02
  it 141 cost 1.1246870378e-07 |g|inf 1.45e-03 step 3.63e-04 rho +0.866 radius 4.2e-04 shift 0.0e+00 | B_min +1.10e-05 lam_min 1.16e-05 lam_k 1.02e+00 S_sub_min -3.20e-02
  it 142 cost 1.1246036811e-07 |g|inf 3.65e-03 step 1.69e-04 rho +1.199 radius 4.2e-04 shift 0.0e+00 | B_min +2.04e-05 lam_min 1.17e-05 lam_k 1.02e+00 S_sub_min -3.16e-02
  it 143 cost 1.1245705274e-07 |g|inf 7.71e-04 step 1.06e-04 rho +1.064 radius 2.1e-04 shift 1.8e-04 | B_min +9.94e-06 lam_min 1.17e-05 lam_k 1.02e+00 S_sub_min -3.22e-02
  it 144 cost 1.1245286586e-07 |g|inf 6.76e-04 step 2.12e-04 rho +0.939 radius 4.2e-04 shift 7.4e-05 | B_min +9.78e-06 lam_min 1.17e-05 lam_k 1.02e+00 S_sub_min -3.26e-02
  it 145 cost 1.1244834525e-07 |g|inf 1.55e-03 step 2.85e-04 rho +1.141 radius 4.2e-04 shift 0.0e+00 | B_min +1.16e-05 lam_min 1.18e-05 lam_k 1.02e+00 S_sub_min -3.21e-02
  it 146 cost 1.1244349708e-07 |g|inf 2.32e-03 step 2.03e-04 rho +1.217 radius 4.2e-04 shift 0.0e+00 | B_min +1.70e-05 lam_min 1.18e-05 lam_k 1.02e+00 S_sub_min -3.21e-02
  it 147 cost 1.1244056768e-07 |g|inf 9.71e-04 step 1.06e-04 rho +1.091 radius 2.1e-04 shift 1.2e-04 | B_min +1.34e-05 lam_min 1.19e-05 lam_k 1.02e+00 S_sub_min -3.21e-02
  it 148 cost 1.1243750457e-07 |g|inf 6.87e-04 step 2.12e-04 rho +0.934 radius 4.2e-04 shift 4.9e-05 | B_min +1.07e-05 lam_min 1.19e-05 lam_k 1.02e+00 S_sub_min -3.27e-02
  it 149 cost 1.1243401996e-07 |g|inf 1.56e-03 step 2.33e-04 rho +1.277 radius 4.2e-04 shift 0.0e+00 | B_min +1.23e-05 lam_min 1.19e-05 lam_k 1.02e+00 S_sub_min -3.23e-02
  it 150 cost 1.1243120879e-07 |g|inf 1.83e-03 step 2.30e-04 rho +1.089 radius 4.2e-04 shift 0.0e+00 | B_min +1.54e-05 lam_min 1.20e-05 lam_k 1.02e+00 S_sub_min -3.24e-02
  it 151 cost 1.1242889387e-07 |g|inf 1.61e-03 step 2.73e-04 rho +0.793 radius 4.2e-04 shift 0.0e+00 | B_min +1.42e-05 lam_min 1.20e-05 lam_k 1.02e+00 S_sub_min -3.23e-02
  it 152 cost 1.1242658782e-07 |g|inf 3.13e-03 step 2.69e-04 rho +0.653 radius 4.2e-04 shift 0.0e+00 | B_min +1.83e-05 lam_min 1.21e-05 lam_k 1.02e+00 S_sub_min -3.17e-02
  it 153 cost 1.1242319326e-07 |g|inf 1.67e-03 step 1.06e-04 rho +0.929 radius 2.1e-04 shift 9.3e-05 | B_min +1.24e-05 lam_min 1.21e-05 lam_k 1.02e+00 S_sub_min -3.27e-02
  it 154 cost 1.1242123944e-07 |g|inf 9.84e-04 step 2.12e-04 rho +0.936 radius 4.2e-04 shift 2.0e-05 | B_min +1.17e-05 lam_min 1.22e-05 lam_k 1.02e+00 S_sub_min -3.24e-02
  it 155 cost 1.1241955924e-07 |g|inf 1.11e-03 step 2.36e-04 rho +0.911 radius 4.2e-04 shift 0.0e+00 | B_min +1.29e-05 lam_min 1.22e-05 lam_k 1.02e+00 S_sub_min -3.31e-02
  it 156 cost 1.1241770390e-07 |g|inf 1.82e-03 step 7.85e-05 rho +1.082 radius 1.6e-04 shift 6.9e-05 | B_min +1.50e-05 lam_min 1.23e-05 lam_k 1.02e+00 S_sub_min -3.16e-02
  it 157 cost 1.1241666766e-07 |g|inf 1.91e-04 step 1.57e-04 rho +0.723 radius 1.6e-04 shift 4.2e-05 | B_min +1.03e-05 lam_min 1.23e-05 lam_k 1.02e+00 S_sub_min -3.34e-02
  it 158 cost 1.1241510566e-07 |g|inf 1.38e-03 step 1.57e-04 rho +1.204 radius 3.1e-04 shift 4.5e-06 | B_min +1.26e-05 lam_min 1.23e-05 lam_k 1.02e+00 S_sub_min -3.24e-02
  it 159 cost 1.1241434661e-07 |g|inf 4.98e-04 step 6.40e-05 rho +1.049 radius 1.3e-04 shift 9.6e-05 | B_min +1.39e-05 lam_min 1.24e-05 lam_k 1.02e+00 S_sub_min -3.34e-02
  it 160 cost 1.1241346820e-07 |g|inf 3.41e-04 step 1.28e-04 rho +1.045 radius 2.6e-04 shift 3.5e-05 | B_min +1.06e-05 lam_min 1.24e-05 lam_k 1.02e+00 S_sub_min -3.31e-02
  it 161 cost 1.1241261095e-07 |g|inf 6.25e-04 step 1.93e-04 rho +1.145 radius 2.6e-04 shift 0.0e+00 | B_min +1.20e-05 lam_min 1.24e-05 lam_k 1.02e+00 S_sub_min -3.31e-02
  it 162 cost 1.1241170879e-07 |g|inf 1.27e-03 step 8.53e-05 rho +1.326 radius 2.6e-04 shift 0.0e+00 | B_min +1.56e-05 lam_min 1.25e-05 lam_k 1.02e+00 S_sub_min -3.28e-02
  it 163 cost 1.1241133815e-07 |g|inf 2.95e-04 step 5.41e-05 rho +1.138 radius 1.1e-04 shift 6.9e-05 | B_min +1.09e-05 lam_min 1.25e-05 lam_k 1.02e+00 S_sub_min -3.33e-02
  it 164 cost 1.1241088084e-07 |g|inf 1.98e-04 step 1.08e-04 rho +1.036 radius 2.2e-04 shift 2.5e-05 | B_min +1.05e-05 lam_min 1.25e-05 lam_k 1.02e+00 S_sub_min -3.33e-02
  it 165 cost 1.1241042212e-07 |g|inf 4.82e-04 step 1.39e-04 rho +1.305 radius 2.2e-04 shift 0.0e+00 | B_min +1.16e-05 lam_min 1.26e-05 lam_k 1.02e+00 S_sub_min -3.32e-02
  it 166 cost 1.1241005465e-07 |g|inf 6.51e-04 step 7.90e-05 rho +1.407 radius 2.2e-04 shift 0.0e+00 | B_min +1.37e-05 lam_min 1.26e-05 lam_k 1.02e+00 S_sub_min -3.31e-02
  it 167 cost 1.1240982884e-07 |g|inf 2.72e-04 step 1.16e-04 rho +1.192 radius 2.2e-04 shift 0.0e+00 | B_min +1.08e-05 lam_min 1.26e-05 lam_k 1.02e+00 S_sub_min -3.33e-02
  it 168 cost 1.1240963133e-07 |g|inf 5.50e-04 step 4.78e-05 rho +1.329 radius 2.2e-04 shift 0.0e+00 | B_min +1.27e-05 lam_min 1.26e-05 lam_k 1.02e+00 S_sub_min -3.31e-02
  it 169 cost 1.1240954915e-07 |g|inf 9.79e-05 step 1.01e-04 rho +0.897 radius 2.2e-04 shift 0.0e+00 | B_min +1.01e-05 lam_min 1.26e-05 lam_k 1.02e+00 S_sub_min -3.34e-02
  it 170 cost 1.1240945542e-07 |g|inf 4.37e-04 step 2.06e-05 rho +1.169 radius 2.2e-04 shift 0.0e+00 | B_min +1.19e-05 lam_min 1.27e-05 lam_k 1.02e+00 S_sub_min -3.32e-02
  it 171 cost 1.1240942890e-07 |g|inf 1.74e-05 step 6.23e-05 rho +0.985 radius 2.2e-04 shift 0.0e+00 | B_min +9.29e-06 lam_min 1.27e-05 lam_k 1.02e+00 S_sub_min -3.34e-02
  it 172 cost 1.1240940991e-07 |g|inf 1.65e-04 step 6.98e-06 rho +1.141 radius 2.2e-04 shift 0.0e+00 | B_min +1.07e-05 lam_min 1.27e-05 lam_k 1.02e+00 S_sub_min -3.33e-02
  it 173 cost 1.1240940502e-07 |g|inf 1.90e-06 step 2.35e-05 rho +1.191 radius 2.2e-04 shift 0.0e+00 | B_min +9.11e-06 lam_min 1.27e-05 lam_k 1.02e+00 S_sub_min -3.34e-02
  it 174 cost 1.1240940307e-07 |g|inf 2.29e-05 step 2.52e-06 rho +1.209 radius 2.2e-04 shift 0.0e+00 | B_min +9.47e-06 lam_min 1.27e-05 lam_k 1.02e+00 S_sub_min -3.34e-02
  it 175 cost 1.1240940241e-07 |g|inf 2.57e-07 step 8.16e-06 rho +1.229 radius 2.2e-04 shift 0.0e+00 | B_min +9.11e-06 lam_min 1.27e-05 lam_k 1.02e+00 S_sub_min -3.34e-02
  it 176 cost 1.1240940216e-07 |g|inf 2.66e-06 step 9.45e-07 rho +1.236 radius 2.2e-04 shift 0.0e+00 | B_min +9.16e-06 lam_min 1.27e-05 lam_k 1.02e+00 S_sub_min -3.34e-02
  it 177 cost 1.1240940208e-07 |g|inf 4.03e-08 step 2.89e-06 rho +1.243 radius 2.2e-04 shift 0.0e+00 | B_min +9.12e-06 lam_min 1.27e-05 lam_k 1.02e+00 S_sub_min -3.34e-02
  it 178 cost 1.1240940204e-07 |g|inf 3.39e-07 step 3.57e-07 rho +1.241 radius 2.2e-04 shift 0.0e+00 | B_min +9.12e-06 lam_min 1.27e-05 lam_k 1.02e+00 S_sub_min -3.34e-02
  it 179 cost 1.1240940203e-07 |g|inf 1.17e-08 step 1.03e-06 rho +1.262 radius 2.2e-04 shift 0.0e+00 | B_min +9.12e-06 lam_min 1.27e-05 lam_k 1.02e+00 S_sub_min -3.34e-02
  it 180 cost 1.1240940203e-07 |g|inf 4.82e-08 step 1.35e-07 rho +1.221 radius 2.2e-04 shift 0.0e+00 | B_min +9.12e-06 lam_min 1.27e-05 lam_k 1.02e+00 S_sub_min -3.34e-02
  it 181 cost 1.1240940203e-07 |g|inf 4.53e-09 step 3.71e-07 rho +1.448 radius 2.2e-04 shift 0.0e+00 | B_min +9.12e-06 lam_min 1.27e-05 lam_k 1.02e+00 S_sub_min -3.34e-02
  it 182 cost 1.1240940203e-07 |g|inf 1.17e-08 step 5.08e-08 rho +1.042 radius 2.2e-04 shift 0.0e+00 | B_min +9.12e-06 lam_min 1.27e-05 lam_k 1.02e+00 S_sub_min -3.34e-02
  it 183 cost 1.1240940203e-07 |g|inf 1.67e-09 step 1.33e-07 rho +2.546 radius 2.2e-04 shift 0.0e+00 | B_min +9.12e-06 lam_min 1.27e-05 lam_k 1.02e+00 S_sub_min -3.34e-02
  it 184 cost 1.1240940203e-07 |g|inf 4.09e-09 step 4.78e-09 rho +0.003 radius 1.2e-09 shift 4.5e-05 | B_min +9.12e-06 lam_min 1.27e-05 lam_k 1.02e+00 S_sub_min -3.34e-02
  it 185 cost 1.1240940203e-07 |g|inf 1.47e-09 step 1.19e-09 rho +3.274 radius 2.4e-09 shift 1.2e-03 | B_min +9.12e-06 lam_min 1.27e-05 lam_k 1.02e+00 S_sub_min -3.34e-02
  it 186 cost 1.1240940203e-07 |g|inf 3.37e-09 step 5.56e-19 rho +155289.450 radius 1.1e-18 shift 2.2e+10 | B_min +9.12e-06 lam_min 1.27e-05 lam_k 1.02e+00 S_sub_min -3.34e-02
  it 187 cost 1.1240940203e-07 |g|inf 3.37e-09 step 2.78e-19 rho +314912.071 radius 5.6e-19 shift 4.4e+10 | B_min +9.12e-06 lam_min 1.27e-05 lam_k 1.02e+00 S_sub_min -3.34e-02
  it 188 cost 1.1240940203e-07 |g|inf 3.37e-09 step 5.56e-19 rho +295195.537 radius 1.1e-18 shift 2.2e+10 | B_min +9.12e-06 lam_min 1.27e-05 lam_k 1.02e+00 S_sub_min -3.34e-02
    [subspace-newton] call 5: 189 its, 51.4 s (converged (precision floor)); totals 736 its, 213 s
sd |h| 3.000e-04  pred +6.7258e-05  actual -1.5840e-02  paired -1.5840e-02  ratio -235.5134  (52 s)
    dc_act/dc_pred per term: Vacuum B.n +6.35e-05/+6.35e-05 e6.4e-05  QS two-ter -1.75e-02/+1.33e-06 e5.6e+02  aspect rat +0.00e+00/+0.00e+00 e0.0e+00  rotational +1.67e-03/-5.15e-08 e8.7e+03  volume +6.62e-10/+6.63e-10 e9.1e-04  coil lengt +1.16e-06/+1.16e-06 e4.7e-04  coil curva -9.56e-05/+1.65e-06 e1.1e+02 act5->6  coil mean  +0.00e+00/+0.00e+00 e0.0e+00  coil-coil  -3.25e-07/-3.25e-07 e9.0e-05  plasma-coi +0.00e+00/+0.00e+00 e0.0e+00
  it   0 cost 1.1536908681e-07 |g|inf 9.67e-02 step 1.00e-04 rho +0.998 radius 2.0e-04 shift 2.2e-04 | B_min -2.21e-04 lam_min 8.90e-06 lam_k 9.90e-01 S_sub_min -3.36e-02
  it   1 cost 1.1536860148e-07 |g|inf 5.66e-04 step 6.40e-05 rho +1.007 radius 2.0e-04 shift 0.0e+00 | B_min +1.11e-05 lam_min 8.92e-06 lam_k 9.90e-01 S_sub_min -3.21e-02
  it   2 cost 1.1536856801e-07 |g|inf 8.63e-05 step 7.64e-05 rho +0.887 radius 2.0e-04 shift 0.0e+00 | B_min +7.71e-06 lam_min 8.91e-06 lam_k 9.90e-01 S_sub_min -3.23e-02
  it   3 cost 1.1536855687e-07 |g|inf 1.49e-04 step 1.39e-05 rho +1.056 radius 2.0e-04 shift 0.0e+00 | B_min +1.02e-05 lam_min 8.91e-06 lam_k 9.90e-01 S_sub_min -3.22e-02
  it   4 cost 1.1536855594e-07 |g|inf 4.47e-06 step 1.05e-05 rho +1.280 radius 2.0e-04 shift 0.0e+00 | B_min +7.08e-06 lam_min 8.91e-06 lam_k 9.90e-01 S_sub_min -3.23e-02
  it   5 cost 1.1536855571e-07 |g|inf 3.08e-06 step 4.46e-06 rho +1.433 radius 2.0e-04 shift 0.0e+00 | B_min +7.04e-06 lam_min 8.91e-06 lam_k 9.90e-01 S_sub_min -3.23e-02
  it   6 cost 1.1536855564e-07 |g|inf 3.93e-07 step 1.89e-06 rho +1.511 radius 2.0e-04 shift 0.0e+00 | B_min +6.95e-06 lam_min 8.91e-06 lam_k 9.90e-01 S_sub_min -3.23e-02
  it   7 cost 1.1536855561e-07 |g|inf 9.51e-08 step 1.57e-06 rho +1.518 radius 2.0e-04 shift 0.0e+00 | B_min +6.93e-06 lam_min 8.91e-06 lam_k 9.90e-01 S_sub_min -3.23e-02
  it   8 cost 1.1536855560e-07 |g|inf 4.93e-08 step 6.01e-07 rho +1.535 radius 2.0e-04 shift 0.0e+00 | B_min +6.93e-06 lam_min 8.91e-06 lam_k 9.90e-01 S_sub_min -3.23e-02
  it   9 cost 1.1536855560e-07 |g|inf 1.23e-08 step 5.62e-07 rho +1.548 radius 2.0e-04 shift 0.0e+00 | B_min +6.92e-06 lam_min 8.91e-06 lam_k 9.90e-01 S_sub_min -3.23e-02
  it  10 cost 1.1536855560e-07 |g|inf 1.16e-08 step 2.12e-07 rho +1.642 radius 2.0e-04 shift 0.0e+00 | B_min +6.92e-06 lam_min 8.91e-06 lam_k 9.90e-01 S_sub_min -3.23e-02
  it  11 cost 1.1536855560e-07 |g|inf 4.06e-09 step 2.01e-07 rho +2.007 radius 2.0e-04 shift 0.0e+00 | B_min +6.92e-06 lam_min 8.91e-06 lam_k 9.90e-01 S_sub_min -3.23e-02
  it  12 cost 1.1536855560e-07 |g|inf 3.80e-09 step 1.77e-17 rho +9659.223 radius 3.5e-17 shift 1.3e+09 | B_min +6.92e-06 lam_min 8.91e-06 lam_k 9.90e-01 S_sub_min -3.23e-02
  it  13 cost 1.1536855560e-07 |g|inf 3.76e-09 step 1.38e-19 rho +2717383.221 radius 2.8e-19 shift 1.7e+11 | B_min +6.92e-06 lam_min 8.91e-06 lam_k 9.90e-01 S_sub_min -3.23e-02
  it  14 cost 1.1536855560e-07 |g|inf 3.76e-09 step 2.77e-19 rho +663615.961 radius 5.5e-19 shift 8.6e+10 | B_min +6.92e-06 lam_min 8.91e-06 lam_k 9.90e-01 S_sub_min -3.23e-02
  it  15 cost 1.1536855560e-07 |g|inf 3.76e-09 step 3.46e-20 rho +2059700.605 radius 6.9e-20 shift 6.9e+11 | B_min +6.92e-06 lam_min 8.91e-06 lam_k 9.90e-01 S_sub_min -3.23e-02
    [subspace-newton] call 6: 16 its, 13.3 s (converged (precision floor)); totals 752 its, 226 s
sd |h| 1.000e-04  pred +2.2451e-05  actual +6.0894e-06  paired +6.0894e-06  ratio +0.2712  (14 s)
    dc_act/dc_pred per term: Vacuum B.n +2.12e-05/+2.12e-05 e2.1e-05  QS two-ter -6.04e-06/+4.48e-07 e1.3e+00  aspect rat +0.00e+00/+0.00e+00 e0.0e+00  rotational +1.13e-08/-1.72e-08 e7.2e+01  volume +2.21e-10/+2.21e-10 e3.0e-04  coil lengt +3.87e-07/+3.87e-07 e1.6e-04  coil curva -9.35e-06/+5.52e-07 e1.1e+02 act5->6  coil mean  +0.00e+00/+0.00e+00 e0.0e+00  coil-coil  -1.08e-07/-1.08e-07 e3.0e-05  plasma-coi +0.00e+00/+0.00e+00 e0.0e+00
  it   0 cost 1.1536769624e-07 |g|inf 2.90e-02 step 1.00e-04 rho +0.995 radius 2.0e-04 shift 4.2e-05 | B_min -4.13e-05 lam_min 8.90e-06 lam_k 9.90e-01 S_sub_min -3.23e-02
  it   1 cost 1.1536757831e-07 |g|inf 4.07e-04 step 4.26e-05 rho +1.079 radius 2.0e-04 shift 0.0e+00 | B_min +1.21e-05 lam_min 8.92e-06 lam_k 9.90e-01 S_sub_min -3.22e-02
  it   2 cost 1.1536755995e-07 |g|inf 7.45e-05 step 5.23e-05 rho +1.097 radius 2.0e-04 shift 0.0e+00 | B_min +8.08e-06 lam_min 8.91e-06 lam_k 9.90e-01 S_sub_min -3.23e-02
  it   3 cost 1.1536755631e-07 |g|inf 7.05e-05 step 1.09e-05 rho +1.148 radius 2.0e-04 shift 0.0e+00 | B_min +8.80e-06 lam_min 8.90e-06 lam_k 9.90e-01 S_sub_min -3.23e-02
  it   4 cost 1.1536755593e-07 |g|inf 3.75e-06 step 7.30e-06 rho +1.290 radius 2.0e-04 shift 0.0e+00 | B_min +7.13e-06 lam_min 8.90e-06 lam_k 9.90e-01 S_sub_min -3.23e-02
  it   5 cost 1.1536755586e-07 |g|inf 1.51e-06 step 2.04e-06 rho +1.433 radius 2.0e-04 shift 0.0e+00 | B_min +7.08e-06 lam_min 8.90e-06 lam_k 9.90e-01 S_sub_min -3.23e-02
  it   6 cost 1.1536755584e-07 |g|inf 1.01e-07 step 1.16e-06 rho +1.520 radius 2.0e-04 shift 0.0e+00 | B_min +7.04e-06 lam_min 8.90e-06 lam_k 9.90e-01 S_sub_min -3.23e-02
  it   7 cost 1.1536755584e-07 |g|inf 3.85e-08 step 6.01e-07 rho +1.609 radius 2.0e-04 shift 0.0e+00 | B_min +7.03e-06 lam_min 8.90e-06 lam_k 9.90e-01 S_sub_min -3.23e-02
  it   8 cost 1.1536755583e-07 |g|inf 1.28e-08 step 3.19e-07 rho +1.529 radius 2.0e-04 shift 0.0e+00 | B_min +7.03e-06 lam_min 8.90e-06 lam_k 9.90e-01 S_sub_min -3.23e-02
  it   9 cost 1.1536755583e-07 |g|inf 6.02e-09 step 1.90e-07 rho +1.090 radius 2.0e-04 shift 0.0e+00 | B_min +7.03e-06 lam_min 8.90e-06 lam_k 9.90e-01 S_sub_min -3.23e-02
  it  10 cost 1.1536755583e-07 |g|inf 3.94e-09 step 9.96e-08 rho +1.285 radius 2.0e-04 shift 0.0e+00 | B_min +7.03e-06 lam_min 8.90e-06 lam_k 9.90e-01 S_sub_min -3.23e-02
  it  11 cost 1.1536755583e-07 |g|inf 2.07e-09 step 6.07e-08 rho +4.213 radius 2.0e-04 shift 0.0e+00 | B_min +7.03e-06 lam_min 8.90e-06 lam_k 9.90e-01 S_sub_min -3.23e-02
  it  12 cost 1.1536755583e-07 |g|inf 1.18e-09 step 4.95e-10 rho +25.367 radius 9.9e-10 shift 8.4e-04 | B_min +7.03e-06 lam_min 8.90e-06 lam_k 9.90e-01 S_sub_min -3.23e-02
  it  13 cost 1.1536755583e-07 |g|inf 4.06e-10 step 5.77e-20 rho +5050086.619 radius 1.2e-19 shift 2.7e+10 | B_min +7.03e-06 lam_min 8.90e-06 lam_k 9.90e-01 S_sub_min -3.23e-02
  it  14 cost 1.1536755583e-07 |g|inf 4.06e-10 step 1.15e-19 rho +3266885.893 radius 2.3e-19 shift 1.3e+10 | B_min +7.03e-06 lam_min 8.90e-06 lam_k 9.90e-01 S_sub_min -3.23e-02
  it  15 cost 1.1536755583e-07 |g|inf 4.06e-10 step 2.31e-19 rho +19626497.258 radius 4.6e-19 shift 6.6e+09 | B_min +7.03e-06 lam_min 8.90e-06 lam_k 9.90e-01 S_sub_min -3.23e-02
  it  16 cost 1.1536755583e-07 |g|inf 4.05e-10 step 1.15e-19 rho +14160789.913 radius 2.3e-19 shift 1.3e+10 | B_min +7.03e-06 lam_min 8.90e-06 lam_k 9.90e-01 S_sub_min -3.23e-02
    [subspace-newton] call 7: 17 its, 14.6 s (converged (precision floor)); totals 769 its, 241 s
sd |h| 3.000e-05  pred +6.7385e-06  actual +4.3097e-06  paired +4.3097e-06  ratio +0.6396  (15 s)
    dc_act/dc_pred per term: Vacuum B.n +6.36e-06/+6.36e-06 e6.4e-06  QS two-ter -1.67e-06/+1.35e-07 e1.2e+00  aspect rat +0.00e+00/+0.00e+00 e0.0e+00  rotational +1.41e-09/-5.15e-09 e6.6e+01  volume +6.63e-11/+6.63e-11 e9.3e-05  coil lengt +1.16e-07/+1.16e-07 e4.7e-05  coil curva -4.67e-07/+1.66e-07 e9.0e+01 act5->6  coil mean  +0.00e+00/+0.00e+00 e0.0e+00  coil-coil  -3.25e-08/-3.25e-08 e9.0e-06  plasma-coi +0.00e+00/+0.00e+00 e0.0e+00
