E0928 11:00:51.218605 1549867 cuda_executor.cc:1743] Could not get kernel mode driver version: ( INVALID_ARGUMENT: Version does not match the format X.Y.Z )
E0928 11:00:51.230798 1549759 cuda_executor.cc:1743] Could not get kernel mode driver version: ( INVALID_ARGUMENT: Version does not match the format X.Y.Z )
DEVICE requested=gpu obtained=gpu (1x NVIDIA GeForce RTX 5070 Laptop GPU)
  [mem] RSS 0.82 GB  peak 0.82 GB
/home/singh/Documents/DESC2/coil_sandbox/vendor/desc/utils.py:590: UserWarning: Unequal number of field periods for grid 1 and basis 2.
  warnings.warn(msg, err)
/home/singh/Documents/DESC2/coil_sandbox/vendor/desc/utils.py:590: UserWarning: Unequal number of field periods for grid 1 and basis 2.
  warnings.warn(msg, err)
eq precise_QA (desc.examples) NFP 2 sym True; start work/ss_qa/start_arcB2_sw910.h5: 4 unique coils, arc=True, expect 16 coils; source grid gl (48 nodes/coil), length grid gl (48), constraint grid 301, curvature grid 301; mode stage2; VACUUM (plasma field ignored)
SETTINGS {'eq': 'precise_QA', 'start': 'work/ss_qa/start_arcB2_sw910.h5', 'out': 'work/ss_qa/stage2', 'mode': 'stage2', 'length_mult': 1.0, 'margin': 0.0, 'fix_hinges': False, 'anchor_weight': 0.001, 'margin_skip': '', 'a': None, 'bounds': 'bounds/precise_qa_sweep910.json', 'device': None, 'vacuum': True, 'maxiter': 800, 'check_every': 50, 'ckpt_every': 50, 'diag_log': None, 'dcc_backoff': 0.025, 'dpc_backoff': 0.02, 'no_arc_backoffs': False, 'convex_form': 'signed', 'convex_kmin': 0.0, 'convex_backoff': 0.5, 'demount_margin': None, 'demount_backoff': 0.02, 'demount_arcs': False, 'demount_delta': 0.5, 'demount_eps': 0.25, 'level_hinges': False, 'fix_hinge_z': None, 'corner_max': None, 'planarity': 'auto', 'planarity_tol': 0.0, 'speed_floor': 0.0, 'arclength_weight': 0.0, 'torsion_weight': 0.0, 'coil_grid_n': 150, 'kappa_grid_n': None, 'eval_m': 25, 'eval_n': 25, 'plasma_m': 64, 'plasma_n': 64, 'src_gl': 24, 'src_n': 400, 'vc_m': None, 'vc_n': None, 'vc_chunk': 64, 'dcc_k': 20000, 'dpc_k': 20000, 'no_signed': False, 'dcc_neighbors': None, 'dcc_chunk': 4, 'dpc_chunk': 1, 'qf_chunk': 25, 'coil_jac_chunk': None, 'no_second_order': False, 'so_chunk': 16, 'so_rtol': 0.05, 'max_tr': 0.5, 'max_inner_iter': 100, 'ctol': 0.0001}
BOUNDS (judged, absolute, a=0.17178) L 5.153  Ltot -  kappa 11.64  kms 5.648  convex -  planar -  dcc 0.08555  dpc 0.1711
ENFORCED L 5.153  Ltot -  kappa 11.58  kms 5.592  convex -  planar -  dcc 0.09009  dpc 0.1745
START  bn 1.2234e-01  L 0.754  kappa 0.393  kMS 0.507  d_cc 1.380  d_pc 1.069  linked 0  coils 16  -> FEASIBLE
Building objective: Quadratic flux
Precomputing transforms
Timer: Precomputing transforms = 1.66 sec
ObjectiveFunction deriv_mode : blocked
Quadratic flux jac_chunk_size: 25
Timer: Objective build = 2.18 sec
Building objective: summed coil current
Building objective: fixed shift
Building objective: fixed rotation
Building objective: fixed arc reference
ObjectiveFunction deriv_mode : blocked
summed coil current jac_chunk_size: None
fixed shift jac_chunk_size: None
fixed rotation jac_chunk_size: None
fixed arc reference jac_chunk_size: None
Timer: Objective build = 469 ms
Building objective: coil length
Precomputing transforms
Timer: Precomputing transforms = 126 us
Building objective: coil curvature
Precomputing transforms
Timer: Precomputing transforms = 64.9 us
Building objective: coil mean squared curvature
Precomputing transforms
Timer: Precomputing transforms = 65.9 us
Building objective: coil-coil distance penalty
Building objective: plasma-coil distance penalty
  [mem] RSS 3.03 GB  peak 3.03 GB
ObjectiveFunction deriv_mode : blocked
coil length jac_chunk_size: None
coil curvature jac_chunk_size: None
coil mean squared curvature jac_chunk_size: None
coil-coil distance penalty jac_chunk_size: 4
plasma-coil distance penalty jac_chunk_size: 1
Timer: Objective build = 4.41 sec
Timer: LinearConstraintProjection build = 2.45 sec
Timer: LinearConstraintProjection build = 136 ms
Number of parameters: 59
Number of objectives: 1326
Number of equality constraints: 0
Number of inequality constraints: 1274
Timer: Initializing the optimization = 10.5 sec

Starting optimization
Using method: lsq-auglag
E0928 11:01:30.653504 1549876 cuda_timer.cc:87] Delay kernel timed out: measured time has sub-optimal accuracy. There may be a missing warmup execution, please investigate in Nsight Systems.
  [mem] RSS 3.69 GB  peak 3.69 GB
Solver options:
------------------------------------------------------------
Maximum Function Evaluations       : 4001
Maximum Allowed Total Δx Norm      : inf
Scaled Termination                 : True
Trust Region Method                : svd
Initial Trust Radius               : 1.849e-01
Maximum Trust Radius               : 5.000e-01
Minimum Trust Radius               : 2.220e-16
Trust Radius Increase Ratio        : 4.000e+00
Trust Radius Decrease Ratio        : 2.500e-01
Trust Radius Increase Threshold    : 7.500e-01
Trust Radius Decrease Threshold    : 5.000e-01
Alpha Omega                        : 1.000e+00
Beta Omega                         : 1.000e+00
Alpha Eta                          : 1.000e-01
Beta Eta                           : 9.000e-01
Omega                              : 1.000e-02
Eta                                : 1.000e-02
Tau                                : 1.000e+01
------------------------------------------------------------ 

   Iteration     Total nfev        Cost      Cost reduction    Step norm     Optimality    Constr viol.   Penalty param  max(|mltplr|)      gtolk     
       0              1          1.122e+02                                    6.352e+00      0.000e+00      1.000e+01      0.000e+00      1.000e-03   
second_order: compiling constraint Hessian for blocks CoilLength, CoilCurvature, CoilMeanSquaredCurvature
  [mem] RSS 4.27 GB  peak 4.27 GB
E0928 11:02:43.194538 1549876 cuda_timer.cc:87] Delay kernel timed out: measured time has sub-optimal accuracy. There may be a missing warmup execution, please investigate in Nsight Systems.
E0928 11:02:43.580984 1549884 cuda_timer.cc:87] Delay kernel timed out: measured time has sub-optimal accuracy. There may be a missing warmup execution, please investigate in Nsight Systems.
  [mem] RSS 5.30 GB  peak 5.30 GB
       1              2          1.086e+02      3.623e+00      1.861e-02      6.105e+00      0.000e+00      1.000e+01      0.000e+00      1.000e-03   
       2              3          9.963e+01      8.976e+00      5.280e-02      5.443e+00      0.000e+00      1.000e+01      0.000e+00      1.000e-03   
       3              4          9.176e+01      7.869e+00      5.440e-02      4.802e+00      0.000e+00      1.000e+01      0.000e+00      1.000e-03   
       4              5          8.485e+01      6.905e+00      5.535e-02      4.213e+00      0.000e+00      1.000e+01      0.000e+00      1.000e-03   
       5              6          7.876e+01      6.090e+00      5.595e-02      3.696e+00      0.000e+00      1.000e+01      0.000e+00      1.000e-03   
       6              7          7.334e+01      5.423e+00      5.689e-02      3.262e+00      0.000e+00      1.000e+01      0.000e+00      1.000e-03   
       7              8          6.845e+01      4.890e+00      5.860e-02      2.906e+00      0.000e+00      1.000e+01      0.000e+00      1.000e-03   
       8              9          6.398e+01      4.469e+00      6.088e-02      2.615e+00      0.000e+00      1.000e+01      0.000e+00      1.000e-03   
       9             10          5.984e+01      4.137e+00      6.336e-02      2.374e+00      0.000e+00      1.000e+01      0.000e+00      1.000e-03   
      10             11          5.598e+01      3.861e+00      6.563e-02      2.171e+00      0.000e+00      1.000e+01      0.000e+00      1.000e-03   
      11             12          5.235e+01      3.628e+00      6.754e-02      1.997e+00      0.000e+00      1.000e+01      0.000e+00      1.000e-03   
      12             13          4.893e+01      3.425e+00      6.901e-02      1.939e+00      0.000e+00      1.000e+01      0.000e+00      1.000e-03   
      13             14          4.569e+01      3.238e+00      7.010e-02      1.870e+00      3.458e-07      1.000e+01      0.000e+00      1.000e-03   
      14             15          4.263e+01      3.063e+00      7.086e-02      1.793e+00      6.717e-05      1.000e+01      0.000e+00      1.000e-03   
      15             16          3.974e+01      2.890e+00      7.138e-02      1.713e+00      3.973e-04      1.000e+01      0.000e+00      1.000e-03   
      16             17          3.702e+01      2.721e+00      7.151e-02      1.632e+00      1.167e-03      1.000e+01      0.000e+00      1.000e-03   
      17             18          3.446e+01      2.557e+00      7.142e-02      1.552e+00      2.279e-03      1.000e+01      0.000e+00      1.000e-03   
      18             19          3.207e+01      2.393e+00      7.137e-02      1.473e+00      4.360e-03      1.000e+01      0.000e+00      1.000e-03   
second_order: compiling constraint Hessian for blocks CoilLength, CoilCurvature, CoilMeanSquaredCurvature, PlasmaCoilSetDistancePenalty
  [mem] RSS 5.33 GB  peak 5.33 GB
  [mem] RSS 6.01 GB  peak 6.01 GB
      19             20          2.984e+01      2.228e+00      7.119e-02      1.395e+00      8.997e-03      1.000e+01      0.000e+00      1.000e-03   
      20             21          2.778e+01      2.057e+00      7.095e-02      1.315e+00      1.760e-02      1.000e+01      0.000e+00      1.000e-03   
second_order: compiling constraint Hessian for blocks CoilCurvature, CoilMeanSquaredCurvature, CoilSetDistancePenalty, PlasmaCoilSetDistancePenalty
  [mem] RSS 6.08 GB  peak 6.08 GB
  [mem] RSS 6.44 GB  peak 6.44 GB
  [mem] RSS 6.45 GB  peak 6.45 GB
      21             22          2.590e+01      1.886e+00      7.054e-02      1.376e+00      4.070e-01      1.000e+01      0.000e+00      1.000e-03   
second_order: compiling constraint Hessian for blocks CoilLength, CoilCurvature, CoilMeanSquaredCurvature, CoilSetDistancePenalty, PlasmaCoilSetDistancePenalty
  [mem] RSS 6.58 GB  peak 6.58 GB
  [mem] RSS 7.21 GB  peak 7.21 GB
  [mem] RSS 7.23 GB  peak 7.23 GB
      22             23          2.492e+01      9.732e-01      5.402e-02      1.070e+00      1.514e-01      1.000e+01      0.000e+00      1.000e-03   
      23             24          2.355e+01      1.374e+00      7.233e-02      9.882e-01      1.033e-01      1.000e+01      0.000e+00      1.000e-03   
      24             25          2.225e+01      1.297e+00      7.157e-02      9.727e-01      7.915e-02      1.000e+01      0.000e+00      1.000e-03   
      25             26          2.103e+01      1.228e+00      7.067e-02      9.450e-01      6.594e-02      1.000e+01      0.000e+00      1.000e-03   
      26             27          1.986e+01      1.166e+00      6.971e-02      9.082e-01      5.806e-02      1.000e+01      0.000e+00      1.000e-03   
      27             28          1.875e+01      1.110e+00      6.868e-02      8.650e-01      5.307e-02      1.000e+01      0.000e+00      1.000e-03   
      28             29          1.769e+01      1.058e+00      6.757e-02      8.172e-01      4.966e-02      1.000e+01      0.000e+00      1.000e-03   
      29             30          1.668e+01      1.009e+00      6.637e-02      7.659e-01      4.711e-02      1.000e+01      0.000e+00      1.000e-03   
      30             31          1.572e+01      9.634e-01      6.510e-02      7.122e-01      4.504e-02      1.000e+01      0.000e+00      1.000e-03   
      31             32          1.480e+01      9.219e-01      6.390e-02      6.999e-01      4.326e-02      1.000e+01      0.000e+00      1.000e-03   
      32             33          1.392e+01      8.827e-01      6.274e-02      7.095e-01      4.167e-02      1.000e+01      0.000e+00      1.000e-03   
      33             34          1.307e+01      8.460e-01      6.157e-02      7.072e-01      4.033e-02      1.000e+01      0.000e+00      1.000e-03   
      34             35          1.226e+01      8.088e-01      6.033e-02      6.952e-01      3.913e-02      1.000e+01      0.000e+00      1.000e-03   
      35             36          1.149e+01      7.716e-01      5.905e-02      6.744e-01      3.808e-02      1.000e+01      0.000e+00      1.000e-03   
      36             37          1.075e+01      7.362e-01      5.798e-02      6.478e-01      3.714e-02      1.000e+01      0.000e+00      1.000e-03   
      37             38          1.005e+01      7.021e-01      5.710e-02      6.175e-01      3.628e-02      1.000e+01      0.000e+00      1.000e-03   
      38             39          9.383e+00      6.685e-01      5.639e-02      5.849e-01      3.551e-02      1.000e+01      0.000e+00      1.000e-03   
      39             40          8.748e+00      6.351e-01      5.582e-02      5.508e-01      3.483e-02      1.000e+01      0.000e+00      1.000e-03   
      40             41          8.146e+00      6.017e-01      5.538e-02      5.160e-01      3.404e-02      1.000e+01      0.000e+00      1.000e-03   
      41             42          7.578e+00      5.680e-01      5.505e-02      4.811e-01      3.305e-02      1.000e+01      0.000e+00      1.000e-03   
      42             43          7.044e+00      5.342e-01      5.504e-02      4.466e-01      3.199e-02      1.000e+01      0.000e+00      1.000e-03   
      43             44          6.543e+00      5.003e-01      5.517e-02      4.127e-01      3.090e-02      1.000e+01      0.000e+00      1.000e-03   
      44             45          6.077e+00      4.666e-01      5.547e-02      3.799e-01      2.977e-02      1.000e+01      0.000e+00      1.000e-03   
      45             46          5.644e+00      4.331e-01      5.601e-02      3.483e-01      2.863e-02      1.000e+01      0.000e+00      1.000e-03   
      46             47          5.244e+00      4.001e-01      5.675e-02      3.181e-01      2.727e-02      1.000e+01      0.000e+00      1.000e-03   
      47             48          4.876e+00      3.679e-01      5.780e-02      2.896e-01      2.562e-02      1.000e+01      0.000e+00      1.000e-03   
      48             49          4.539e+00      3.370e-01      5.919e-02      2.628e-01      2.400e-02      1.000e+01      0.000e+00      1.000e-03   
      49             50          4.231e+00      3.079e-01      6.092e-02      2.379e-01      2.247e-02      1.000e+01      0.000e+00      1.000e-03   
  [it   50] bn 2.3047e-02  L 0.868  kappa 0.800  kMS 0.920  d_cc 1.018  d_pc 0.997  -> FAILS d_pc
      50             51          3.950e+00      2.805e-01      6.299e-02      2.150e-01      2.077e-02      1.000e+01      0.000e+00      1.000e-03   
      51             52          3.695e+00      2.556e-01      6.532e-02      1.941e-01      1.906e-02      1.000e+01      0.000e+00      1.000e-03   
      52             53          3.462e+00      2.329e-01      6.789e-02      1.752e-01      1.756e-02      1.000e+01      0.000e+00      1.000e-03   
      53             54          3.249e+00      2.127e-01      7.064e-02      1.587e-01      1.610e-02      1.000e+01      0.000e+00      1.000e-03   
      54             55          3.054e+00      1.951e-01      7.318e-02      1.441e-01      1.469e-02      1.000e+01      0.000e+00      1.000e-03   
      55             56          2.874e+00      1.797e-01      7.564e-02      1.313e-01      1.348e-02      1.000e+01      0.000e+00      1.000e-03   
      56             57          2.708e+00      1.661e-01      7.771e-02      1.199e-01      1.243e-02      1.000e+01      0.000e+00      1.000e-03   
  [mem] RSS 7.25 GB  peak 7.25 GB
      57             58          2.554e+00      1.541e-01      7.953e-02      1.099e-01      1.142e-02      1.000e+01      0.000e+00      1.000e-03   
      58             59          2.411e+00      1.434e-01      8.097e-02      1.009e-01      1.058e-02      1.000e+01      0.000e+00      1.000e-03   
      59             60          2.277e+00      1.338e-01      8.209e-02      9.299e-02      9.741e-03      1.000e+01      0.000e+00      1.000e-03   
      60             61          2.151e+00      1.255e-01      8.244e-02      8.596e-02      8.984e-03      1.000e+01      0.000e+00      1.000e-03   
      61             62          2.034e+00      1.178e-01      8.245e-02      7.975e-02      8.374e-03      1.000e+01      0.000e+00      1.000e-03   
      62             63          1.923e+00      1.108e-01      8.213e-02      7.420e-02      7.628e-03      1.000e+01      0.000e+00      1.000e-03   
      63             64          1.819e+00      1.043e-01      8.165e-02      6.547e-02      6.993e-03      1.000e+01      0.000e+00      1.000e-03   
      64             65          1.725e+00      9.388e-02      8.362e-02      6.160e-02      1.135e-02      1.000e+01      0.000e+00      1.000e-03   
      65             66          1.639e+00      8.576e-02      8.387e-02      5.744e-02      1.236e-02      1.000e+01      0.000e+00      1.000e-03   
      66             67          1.559e+00      7.972e-02      8.378e-02      5.449e-02      1.313e-02      1.000e+01      0.000e+00      1.000e-03   
      67             68          1.485e+00      7.448e-02      8.320e-02      5.004e-02      1.479e-02      1.000e+01      0.000e+00      1.000e-03   
      68             69          1.415e+00      6.949e-02      8.325e-02      4.808e-02      1.441e-02      1.000e+01      0.000e+00      1.000e-03   
      69             70          1.350e+00      6.536e-02      8.241e-02      4.462e-02      1.508e-02      1.000e+01      0.000e+00      1.000e-03   
      70             71          1.288e+00      6.145e-02      8.172e-02      4.126e-02      1.618e-02      1.000e+01      0.000e+00      1.000e-03   
      71             72          1.231e+00      5.744e-02      8.107e-02      3.875e-02      1.511e-02      1.000e+01      0.000e+00      1.000e-03   
      72             73          1.177e+00      5.445e-02      7.994e-02      3.580e-02      1.678e-02      1.000e+01      0.000e+00      1.000e-03   
      73             74          1.126e+00      5.083e-02      7.882e-02      3.339e-02      1.529e-02      1.000e+01      0.000e+00      1.000e-03   
      74             75          1.078e+00      4.800e-02      7.751e-02      3.048e-02      1.525e-02      1.000e+01      0.000e+00      1.000e-03   
      75             76          1.032e+00      4.539e-02      7.627e-02      2.812e-02      1.593e-02      1.000e+01      0.000e+00      1.000e-03   
      76             77          9.896e-01      4.271e-02      7.479e-02      2.665e-02      1.538e-02      1.000e+01      0.000e+00      1.000e-03   
      77             78          9.493e-01      4.037e-02      7.347e-02      2.415e-02      1.548e-02      1.000e+01      0.000e+00      1.000e-03   
      78             79          9.112e-01      3.804e-02      7.169e-02      2.353e-02      1.526e-02      1.000e+01      0.000e+00      1.000e-03   
      79             80          8.753e-01      3.594e-02      7.028e-02      2.699e-02      1.422e-02      1.000e+01      0.000e+00      1.000e-03   
      80             81          8.412e-01      3.406e-02      6.769e-02      1.922e-02      1.573e-02      1.000e+01      0.000e+00      1.000e-03   
      81             82          8.096e-01      3.161e-02      6.519e-02      2.323e-02      1.432e-02      1.000e+01      0.000e+00      1.000e-03   
      82             83          7.798e-01      2.985e-02      6.260e-02      1.755e-02      1.550e-02      1.000e+01      0.000e+00      1.000e-03   
      83             84          7.517e-01      2.807e-02      6.079e-02      2.278e-02      1.393e-02      1.000e+01      0.000e+00      1.000e-03   
      84             85          7.252e-01      2.653e-02      5.816e-02      1.574e-02      1.539e-02      1.000e+01      0.000e+00      1.000e-03   
      85             86          7.005e-01      2.469e-02      5.595e-02      2.075e-02      1.395e-02      1.000e+01      0.000e+00      1.000e-03   
      86             87          6.770e-01      2.351e-02      5.344e-02      1.470e-02      1.586e-02      1.000e+01      0.000e+00      1.000e-03   
      87             88          6.555e-01      2.146e-02      5.094e-02      1.723e-02      1.427e-02      1.000e+01      0.000e+00      1.000e-03   
      88             89          6.351e-01      2.039e-02      4.838e-02      1.311e-02      1.507e-02      1.000e+01      0.000e+00      1.000e-03   
      89             90          6.165e-01      1.862e-02      4.572e-02      1.405e-02      1.432e-02      1.000e+01      0.000e+00      1.000e-03   
      90             91          5.992e-01      1.729e-02      4.331e-02      1.332e-02      1.449e-02      1.000e+01      0.000e+00      1.000e-03   
      91             92          5.833e-01      1.586e-02      4.127e-02      1.016e-02      1.495e-02      1.000e+01      0.000e+00      1.000e-03   
      92             93          5.690e-01      1.437e-02      3.975e-02      1.056e-02      1.462e-02      1.000e+01      0.000e+00      1.000e-03   
      93             94          5.557e-01      1.327e-02      3.920e-02      9.137e-03      1.460e-02      1.000e+01      0.000e+00      1.000e-03   
      94             95          5.437e-01      1.196e-02      3.910e-02      7.989e-03      1.511e-02      1.000e+01      0.000e+00      1.000e-03   
      95             96          5.328e-01      1.089e-02      4.070e-02      9.300e-03      1.542e-02      1.000e+01      0.000e+00      1.000e-03   
      96             97          5.234e-01      9.414e-03      3.985e-02      7.198e-03      1.448e-02      1.000e+01      0.000e+00      1.000e-03   
      97             98          5.147e-01      8.712e-03      4.005e-02      6.300e-03      1.472e-02      1.000e+01      0.000e+00      1.000e-03   
  [mem] RSS 7.25 GB  peak 7.25 GB
      98             99          5.067e-01      7.995e-03      4.007e-02      5.811e-03      1.507e-02      1.000e+01      0.000e+00      1.000e-03   
second_order: compiling constraint Hessian for blocks CoilLength, CoilCurvature, CoilSetDistancePenalty, PlasmaCoilSetDistancePenalty
  [mem] RSS 7.29 GB  peak 7.33 GB
E0928 11:08:25.715272 1549877 cuda_timer.cc:87] Delay kernel timed out: measured time has sub-optimal accuracy. There may be a missing warmup execution, please investigate in Nsight Systems.
  [mem] RSS 7.39 GB  peak 7.39 GB
      99             100         4.993e-01      7.417e-03      4.000e-02      5.814e-03      1.506e-02      1.000e+01      0.000e+00      1.000e-03   
second_order: compiling constraint Hessian for blocks CoilLength, CoilSetDistancePenalty, PlasmaCoilSetDistancePenalty
  [mem] RSS 7.52 GB  peak 7.52 GB
  [mem] RSS 7.53 GB  peak 7.53 GB
  [it  100] bn 7.3528e-03  L 1.002  kappa 0.997  kMS 0.951  d_cc 1.013  d_pc 0.998  -> FAILS L,d_pc
      100            101         4.924e-01      6.921e-03      4.109e-02      1.571e-01      1.534e-02      1.021e+01      6.396e-02      1.571e-02   
      101            102         4.955e-01     -3.140e-03      1.419e-02      3.907e-02      7.869e-03      1.021e+01      6.396e-02      1.571e-02   
      102            103         4.905e-01      5.038e-03      3.611e-02      3.582e-02      4.835e-03      1.021e+01      4.835e-01      3.582e-03   
      103            104         4.860e-01      4.500e-03      3.797e-02      9.809e-03      2.803e-03      1.021e+01      4.835e-01      3.582e-03   
      104            105         4.805e-01      5.481e-03      3.808e-02      5.985e-03      2.584e-03      1.021e+01      4.835e-01      3.582e-03   
      105            106         4.749e-01      5.544e-03      3.684e-02      5.800e-03      2.495e-03      1.021e+01      4.835e-01      3.582e-03   
      106            107         4.695e-01      5.482e-03      3.640e-02      5.692e-03      2.437e-03      1.021e+01      4.835e-01      3.582e-03   
      107            108         4.641e-01      5.385e-03      3.519e-02      5.631e-03      2.312e-03      1.021e+01      4.835e-01      3.582e-03   
      108            109         4.588e-01      5.298e-03      3.460e-02      5.606e-03      2.203e-03      1.021e+01      4.835e-01      3.582e-03   
      109            110         4.536e-01      5.194e-03      3.378e-02      5.603e-03      2.097e-03      1.021e+01      4.835e-01      3.582e-03   
      110            111         4.485e-01      5.052e-03      3.256e-02      5.544e-03      1.963e-03      1.021e+01      4.835e-01      3.582e-03   
      111            112         4.436e-01      4.962e-03      3.225e-02      5.423e-03      1.872e-03      1.021e+01      4.835e-01      3.582e-03   
      112            113         4.387e-01      4.901e-03      3.174e-02      5.341e-03      1.768e-03      1.021e+01      4.835e-01      3.582e-03   
      113            114         4.338e-01      4.827e-03      3.128e-02      5.275e-03      1.696e-03      1.021e+01      4.835e-01      3.582e-03   
      114            115         4.291e-01      4.733e-03      3.060e-02      5.191e-03      1.638e-03      1.021e+01      4.835e-01      3.582e-03   
      115            116         4.245e-01      4.648e-03      2.982e-02      5.227e-03      1.617e-03      1.021e+01      4.835e-01      3.582e-03   
      116            117         4.200e-01      4.487e-03      2.851e-02      5.388e-03      1.495e-03      1.021e+01      4.835e-01      3.582e-03   
      117            118         4.156e-01      4.374e-03      2.825e-02      5.064e-03      1.445e-03      1.021e+01      4.835e-01      3.582e-03   
      118            119         4.112e-01      4.380e-03      2.781e-02      4.966e-03      1.335e-03      1.021e+01      4.835e-01      3.582e-03   
      119            120         4.069e-01      4.328e-03      2.758e-02      4.817e-03      1.294e-03      1.021e+01      4.835e-01      3.582e-03   
      120            121         4.026e-01      4.301e-03      2.722e-02      4.694e-03      1.243e-03      1.021e+01      4.835e-01      3.582e-03   
      121            122         3.983e-01      4.257e-03      2.716e-02      4.668e-03      1.206e-03      1.021e+01      4.835e-01      3.582e-03   
      122            123         3.942e-01      4.135e-03      2.655e-02      4.724e-03      1.182e-03      1.021e+01      4.835e-01      3.582e-03   
      123            124         3.903e-01      3.941e-03      2.608e-02      4.426e-03      1.049e-03      1.021e+01      4.835e-01      3.582e-03   
      124            125         3.863e-01      3.979e-03      2.577e-02      4.311e-03      1.007e-03      1.021e+01      4.835e-01      3.582e-03   
      125            126         3.823e-01      3.935e-03      2.538e-02      4.193e-03      9.036e-04      1.021e+01      4.835e-01      3.582e-03   
      126            127         3.784e-01      3.938e-03      2.505e-02      4.148e-03      9.964e-04      1.021e+01      4.835e-01      3.582e-03   
      127            128         3.745e-01      3.873e-03      2.464e-02      4.057e-03      1.085e-03      1.021e+01      4.835e-01      3.582e-03   
      128            129         3.708e-01      3.704e-03      2.437e-02      4.064e-03      9.994e-04      1.021e+01      4.835e-01      3.582e-03   
  [mem] RSS 7.55 GB  peak 7.55 GB
      129            130         3.672e-01      3.643e-03      2.403e-02      3.825e-03      8.906e-04      1.021e+01      4.835e-01      3.582e-03   
      130            131         3.636e-01      3.628e-03      2.371e-02      3.672e-03      8.509e-04      1.021e+01      4.835e-01      3.582e-03   
      131            132         3.600e-01      3.549e-03      2.298e-02      3.623e-03      9.267e-04      1.021e+01      4.835e-01      3.582e-03   
      132            133         3.564e-01      3.663e-03      2.382e-02      3.613e-03      1.053e-03      1.021e+01      4.835e-01      3.582e-03   
second_order: compiling constraint Hessian for blocks CoilSetDistancePenalty, PlasmaCoilSetDistancePenalty
  [mem] RSS 7.62 GB  peak 7.65 GB
      133            134         3.529e-01      3.499e-03      2.382e-02      1.819e-02      9.867e-04      1.092e+01      4.835e-01      1.819e-03   
      134            135         3.499e-01      2.955e-03      2.850e-02      3.361e-03      6.664e-04      1.092e+01      4.835e-01      1.819e-03   
      135            136         3.463e-01      3.548e-03      2.330e-02      3.318e-03      6.069e-04      1.092e+01      4.835e-01      1.819e-03   
      136            137         3.429e-01      3.448e-03      2.346e-02      3.169e-03      6.771e-04      1.092e+01      4.835e-01      1.819e-03   
      137            138         3.395e-01      3.401e-03      2.366e-02      3.269e-03      6.213e-04      1.092e+01      4.835e-01      1.819e-03   
      138            139         3.362e-01      3.265e-03      2.349e-02      3.221e-03      5.775e-04      1.092e+01      4.835e-01      1.819e-03   
      139            140         3.330e-01      3.248e-03      2.318e-02      3.030e-03      6.015e-04      1.092e+01      4.835e-01      1.819e-03   
      140            141         3.297e-01      3.273e-03      2.297e-02      3.017e-03      6.716e-04      1.092e+01      4.835e-01      1.819e-03   
      141            142         3.264e-01      3.280e-03      2.282e-02      3.117e-03      7.791e-04      1.092e+01      4.835e-01      1.819e-03   
      142            143         3.233e-01      3.131e-03      2.262e-02      2.927e-03      8.582e-04      1.092e+01      4.835e-01      1.819e-03   
      143            144         3.201e-01      3.178e-03      2.246e-02      2.940e-03      8.111e-04      1.092e+01      4.835e-01      1.819e-03   
      144            145         3.169e-01      3.201e-03      2.227e-02      3.074e-03      8.149e-04      1.092e+01      4.835e-01      1.819e-03   
      145            146         3.138e-01      3.121e-03      2.225e-02      3.176e-03      9.192e-04      1.092e+01      4.835e-01      1.819e-03   
      146            147         3.109e-01      2.943e-03      2.277e-02      2.917e-03      9.768e-04      1.092e+01      4.835e-01      1.819e-03   
      147            148         3.078e-01      3.072e-03      2.174e-02      2.941e-03      1.042e-03      1.092e+01      4.835e-01      1.819e-03   
      148            149         3.047e-01      3.069e-03      2.214e-02      2.925e-03      1.082e-03      1.092e+01      4.835e-01      1.819e-03   
      149            150         3.017e-01      3.023e-03      2.169e-02      2.997e-03      1.179e-03      1.092e+01      4.835e-01      1.819e-03   
  [it  150] bn 5.8511e-03  L 1.000  kappa 0.913  kMS 0.987  d_cc 1.036  d_pc 1.018  -> FEASIBLE
      150            151         2.987e-01      2.999e-03      2.224e-02      2.999e-03      1.435e-03      1.092e+01      4.835e-01      1.819e-03   
  [mem] RSS 7.66 GB  peak 7.66 GB
      151            152         2.958e-01      2.944e-03      2.229e-02      2.785e-03      1.367e-03      1.092e+01      4.835e-01      1.819e-03   
      152            153         2.927e-01      3.015e-03      2.136e-02      3.108e-03      1.227e-03      1.092e+01      4.835e-01      1.819e-03   
      153            154         2.898e-01      2.898e-03      2.192e-02      3.035e-03      1.295e-03      1.092e+01      4.835e-01      1.819e-03   
      154            155         2.868e-01      3.079e-03      2.140e-02      2.881e-03      1.436e-03      1.092e+01      4.835e-01      1.819e-03   
      155            156         2.837e-01      3.041e-03      2.136e-02      3.215e-03      1.649e-03      1.092e+01      4.835e-01      1.819e-03   
      156            157         2.809e-01      2.862e-03      2.169e-02      2.958e-03      1.614e-03      1.092e+01      4.835e-01      1.819e-03   
      157            158         2.778e-01      3.052e-03      2.120e-02      2.825e-03      1.554e-03      1.092e+01      4.835e-01      1.819e-03   
      158            159         2.748e-01      2.975e-03      2.022e-02      8.475e-03      5.216e-03      1.092e+01      4.835e-01      1.819e-03   
      159            160         2.720e-01      2.860e-03      2.073e-02      2.758e-03      3.028e-03      1.092e+01      4.835e-01      1.819e-03   
      160            161         2.691e-01      2.859e-03      2.110e-02      2.641e-03      2.271e-03      1.092e+01      4.835e-01      1.819e-03   
      161            162         2.662e-01      2.905e-03      2.171e-02      2.801e-03      2.206e-03      1.092e+01      4.835e-01      1.819e-03   
      162            163         2.650e-01      1.167e-03      8.730e-03      2.877e-03      2.216e-03      1.092e+01      4.835e-01      1.819e-03   
      163            164         2.620e-01      3.000e-03      2.235e-02      3.058e-03      2.213e-03      1.092e+01      4.835e-01      1.819e-03   
      164            165         2.589e-01      3.103e-03      2.305e-02      3.217e-03      2.251e-03      1.092e+01      4.835e-01      1.819e-03   
      165            166         2.557e-01      3.216e-03      2.372e-02      3.420e-03      2.263e-03      1.092e+01      4.835e-01      1.819e-03   
      166            167         2.540e-01      1.721e-03      1.267e-02      3.536e-03      2.276e-03      1.092e+01      4.835e-01      1.819e-03   
      167            168         2.506e-01      3.398e-03      2.469e-02      4.954e-03      3.568e-03      1.092e+01      4.835e-01      1.819e-03   
      168            169         2.478e-01      2.840e-03      2.146e-02      2.537e-03      3.244e-03      1.092e+01      4.835e-01      1.819e-03   
      169            170         2.451e-01      2.701e-03      2.053e-02      2.330e-03      3.778e-03      1.092e+01      4.835e-01      1.819e-03   
      170            171         2.424e-01      2.659e-03      2.156e-02      2.432e-03      4.163e-03      1.092e+01      4.835e-01      1.819e-03   
      171            172         2.403e-01      2.108e-03      1.597e-02      2.324e-03      4.510e-03      1.092e+01      4.835e-01      1.819e-03   
      172            173         2.376e-01      2.658e-03      2.217e-02      2.324e-03      4.736e-03      1.092e+01      4.835e-01      1.819e-03   
      173            174         2.350e-01      2.673e-03      2.157e-02      2.496e-03      4.984e-03      1.092e+01      4.835e-01      1.819e-03   
      174            175         2.323e-01      2.695e-03      2.307e-02      2.907e-03      4.801e-03      1.092e+01      4.835e-01      1.819e-03   
      175            176         2.295e-01      2.747e-03      2.298e-02      2.968e-03      5.093e-03      1.092e+01      4.835e-01      1.819e-03   
      176            177         2.267e-01      2.787e-03      2.476e-02      2.707e-03      5.548e-03      1.092e+01      4.835e-01      1.819e-03   
      177            178         2.240e-01      2.765e-03      2.409e-02      2.734e-03      5.490e-03      1.092e+01      4.835e-01      1.819e-03   
      178            179         2.212e-01      2.765e-03      2.528e-02      2.641e-03      5.654e-03      1.092e+01      4.835e-01      1.819e-03   
      179            180         2.184e-01      2.755e-03      2.599e-02      2.675e-03      5.796e-03      1.092e+01      4.835e-01      1.819e-03   
      180            181         2.157e-01      2.724e-03      2.626e-02      2.806e-03      5.904e-03      1.092e+01      4.835e-01      1.819e-03   
      181            182         2.130e-01      2.676e-03      2.660e-02      2.909e-03      5.653e-03      1.092e+01      4.835e-01      1.819e-03   
      182            183         2.104e-01      2.665e-03      2.699e-02      2.551e-03      6.019e-03      1.092e+01      4.835e-01      1.819e-03   
      183            184         2.078e-01      2.565e-03      2.736e-02      2.964e-03      6.259e-03      1.092e+01      4.835e-01      1.819e-03   
      184            185         2.054e-01      2.440e-03      2.850e-02      2.386e-03      6.065e-03      1.092e+01      4.835e-01      1.819e-03   
      185            186         2.030e-01      2.344e-03      2.814e-02      2.472e-03      6.195e-03      1.092e+01      4.835e-01      1.819e-03   
      186            187         2.008e-01      2.246e-03      2.826e-02      2.260e-03      6.333e-03      1.092e+01      4.835e-01      1.819e-03   
      187            188         1.987e-01      2.118e-03      2.544e-02      2.371e-03      6.363e-03      1.092e+01      4.835e-01      1.819e-03   
      188            189         1.967e-01      2.011e-03      2.991e-02      1.877e-03      6.078e-03      1.092e+01      4.835e-01      1.819e-03   
      189            190         1.948e-01      1.904e-03      2.614e-02      1.871e-03      6.244e-03      1.092e+01      4.835e-01      1.819e-03   
      190            191         1.930e-01      1.758e-03      2.915e-02      2.075e-03      6.431e-03      1.092e+01      4.835e-01      1.819e-03   
      191            192         1.913e-01      1.647e-03      2.729e-02      8.536e-03      6.248e-03      1.092e+01      6.168e-01      8.536e-04   
      192            193         1.900e-01      1.387e-03      3.497e-02      2.452e-03      3.907e-03      1.092e+01      6.168e-01      8.536e-04   
  [mem] RSS 7.66 GB  peak 7.66 GB
      193            194         1.885e-01      1.448e-03      2.806e-02      1.589e-03      3.429e-03      1.092e+01      6.168e-01      8.536e-04   
      194            195         1.871e-01      1.428e-03      3.023e-02      3.124e-03      3.864e-03      1.092e+01      6.168e-01      8.536e-04   
      195            196         1.858e-01      1.294e-03      2.879e-02      1.856e-03      3.625e-03      1.092e+01      6.168e-01      8.536e-04   
      196            197         1.846e-01      1.215e-03      2.996e-02      1.483e-03      3.299e-03      1.092e+01      6.168e-01      8.536e-04   
      197            198         1.834e-01      1.186e-03      2.744e-02      1.415e-03      3.275e-03      1.092e+01      6.168e-01      8.536e-04   
      198            199         1.822e-01      1.166e-03      2.764e-02      1.485e-03      3.221e-03      1.092e+01      6.168e-01      8.536e-04   
      199            200         1.811e-01      1.117e-03      2.791e-02      1.411e-03      3.339e-03      1.092e+01      6.168e-01      8.536e-04   
  [it  200] bn 4.6903e-03  L 1.000  kappa 0.816  kMS 0.798  d_cc 1.030  d_pc 1.265  -> FEASIBLE
      200            201         1.800e-01      1.076e-03      2.729e-02      1.384e-03      3.246e-03      1.092e+01      6.168e-01      8.536e-04   
      201            202         1.790e-01      1.075e-03      2.690e-02      1.343e-03      3.322e-03      1.092e+01      6.168e-01      8.536e-04   
      202            203         1.779e-01      1.042e-03      2.608e-02      1.360e-03      3.204e-03      1.092e+01      6.168e-01      8.536e-04   
      203            204         1.769e-01      1.018e-03      2.580e-02      1.336e-03      3.137e-03      1.092e+01      6.168e-01      8.536e-04   
      204            205         1.759e-01      1.014e-03      2.539e-02      1.410e-03      3.170e-03      1.092e+01      6.168e-01      8.536e-04   
      205            206         1.749e-01      9.806e-04      2.445e-02      1.314e-03      3.183e-03      1.092e+01      6.168e-01      8.536e-04   
      206            207         1.739e-01      9.753e-04      2.394e-02      1.303e-03      3.185e-03      1.092e+01      6.168e-01      8.536e-04   
      207            208         1.730e-01      9.585e-04      2.341e-02      1.305e-03      3.142e-03      1.092e+01      6.168e-01      8.536e-04   
      208            209         1.720e-01      9.467e-04      2.267e-02      1.277e-03      3.115e-03      1.092e+01      6.168e-01      8.536e-04   
      209            210         1.711e-01      9.456e-04      2.195e-02      1.267e-03      3.155e-03      1.092e+01      6.168e-01      8.536e-04   
      210            211         1.702e-01      8.290e-04      1.906e-02      1.278e-03      3.188e-03      1.092e+01      6.168e-01      8.536e-04   
      211            212         1.693e-01      9.117e-04      2.060e-02      1.269e-03      3.253e-03      1.092e+01      6.168e-01      8.536e-04   
      212            213         1.686e-01      7.586e-04      1.716e-02      1.253e-03      3.190e-03      1.092e+01      6.168e-01      8.536e-04   
      213            214         1.677e-01      8.812e-04      1.970e-02      1.239e-03      3.139e-03      1.092e+01      6.168e-01      8.536e-04   
      214            215         1.668e-01      8.784e-04      1.900e-02      1.236e-03      3.129e-03      1.092e+01      6.168e-01      8.536e-04   
      215            216         1.659e-01      8.675e-04      1.857e-02      1.229e-03      3.078e-03      1.092e+01      6.168e-01      8.536e-04   
      216            217         1.651e-01      8.566e-04      1.793e-02      1.221e-03      2.990e-03      1.092e+01      6.168e-01      8.536e-04   
      217            218         1.646e-01      4.615e-04      9.424e-03      1.222e-03      2.965e-03      1.092e+01      6.168e-01      8.536e-04   
      218            219         1.638e-01      8.518e-04      1.732e-02      1.210e-03      2.932e-03      1.092e+01      6.168e-01      8.536e-04   
      219            220         1.629e-01      8.482e-04      1.684e-02      1.203e-03      2.922e-03      1.092e+01      6.168e-01      8.536e-04   
      220            221         1.621e-01      8.441e-04      1.639e-02      1.197e-03      2.931e-03      1.092e+01      6.168e-01      8.536e-04   
      221            222         1.617e-01      3.987e-04      7.507e-03      1.197e-03      2.944e-03      1.092e+01      6.168e-01      8.536e-04   
      222            223         1.608e-01      8.370e-04      1.582e-02      1.202e-03      2.981e-03      1.092e+01      6.168e-01      8.536e-04   
      223            224         1.601e-01      7.054e-04      1.306e-02      1.190e-03      2.994e-03      1.092e+01      6.168e-01      8.536e-04   
      224            225         1.594e-01      7.107e-04      1.283e-02      1.179e-03      2.972e-03      1.092e+01      6.168e-01      8.536e-04   
      225            226         1.586e-01      8.034e-04      1.442e-02      1.174e-03      2.907e-03      1.092e+01      6.168e-01      8.536e-04   
      226            227         1.578e-01      8.013e-04      1.407e-02      1.168e-03      2.880e-03      1.092e+01      6.168e-01      8.536e-04   
      227            228         1.573e-01      4.829e-04      8.294e-03      1.167e-03      2.872e-03      1.092e+01      6.168e-01      8.536e-04   
      228            229         1.566e-01      7.928e-04      1.359e-02      1.161e-03      2.838e-03      1.092e+01      6.168e-01      8.536e-04   
      229            230         1.561e-01      4.734e-04      7.989e-03      1.160e-03      2.826e-03      1.092e+01      6.168e-01      8.536e-04   
      230            231         1.553e-01      7.871e-04      1.320e-02      1.153e-03      2.812e-03      1.092e+01      6.168e-01      8.536e-04   
  [mem] RSS 7.66 GB  peak 7.66 GB
      231            232         1.549e-01      4.126e-04      6.938e-03      1.151e-03      2.777e-03      1.092e+01      6.168e-01      8.536e-04   
      232            233         1.546e-01      2.415e-04      4.019e-03      1.150e-03      2.762e-03      1.092e+01      6.168e-01      8.536e-04   
      233            234         1.545e-01      1.299e-04      2.157e-03      1.150e-03      2.754e-03      1.092e+01      6.168e-01      8.536e-04   
      234            235         1.543e-01      1.812e-04      3.001e-03      1.149e-03      2.745e-03      1.092e+01      6.168e-01      8.536e-04   
      235            236         1.536e-01      7.758e-04      1.284e-02      1.141e-03      2.710e-03      1.092e+01      6.168e-01      8.536e-04   
      236            237         1.528e-01      7.741e-04      1.269e-02      1.137e-03      2.698e-03      1.092e+01      6.168e-01      8.536e-04   
      237            238         1.520e-01      7.710e-04      1.245e-02      1.131e-03      2.703e-03      1.092e+01      6.168e-01      8.536e-04   
      238            239         1.512e-01      7.684e-04      1.228e-02      1.126e-03      2.727e-03      1.092e+01      6.168e-01      8.536e-04   
      239            240         1.510e-01      2.440e-04      3.852e-03      1.125e-03      2.739e-03      1.092e+01      6.168e-01      8.536e-04   
      240            241         1.504e-01      5.774e-04      9.132e-03      1.122e-03      2.773e-03      1.092e+01      6.168e-01      8.536e-04   
      241            242         1.497e-01      7.582e-04      1.203e-02      1.115e-03      2.793e-03      1.092e+01      6.168e-01      8.536e-04   
      242            243         1.494e-01      2.563e-04      4.028e-03      1.114e-03      2.800e-03      1.092e+01      6.168e-01      8.536e-04   
      243            244         1.487e-01      7.462e-04      1.181e-02      1.109e-03      2.795e-03      1.092e+01      6.168e-01      8.536e-04   
      244            245         1.483e-01      3.494e-04      5.026e-03      1.104e-03      2.733e-03      1.092e+01      6.168e-01      8.536e-04   
      245            246         1.477e-01      6.309e-04      8.980e-03      1.097e-03      2.668e-03      1.092e+01      6.168e-01      8.536e-04   
      246            247         1.471e-01      5.866e-04      8.184e-03      1.093e-03      2.649e-03      1.092e+01      6.168e-01      8.536e-04   
      247            248         1.467e-01      4.231e-04      5.837e-03      1.091e-03      2.642e-03      1.092e+01      6.168e-01      8.536e-04   
      248            249         1.466e-01      3.634e-05      9.943e-04      2.704e-02      2.462e-03      1.092e+01      6.168e-01      8.536e-04   
      249            250         1.459e-01      7.550e-04      1.208e-02      1.090e-03      2.632e-03      1.092e+01      6.168e-01      8.536e-04   
  [it  250] bn 4.2478e-03  L 1.000  kappa 0.740  kMS 0.619  d_cc 1.034  d_pc 1.346  -> FEASIBLE
      250            251         1.453e-01      5.442e-04      7.071e-03      1.085e-03      2.619e-03      1.092e+01      6.168e-01      8.536e-04   
      251            252         1.446e-01      7.158e-04      9.452e-03      1.079e-03      2.608e-03      1.092e+01      6.168e-01      8.536e-04   
      252            253         1.440e-01      6.309e-04      8.398e-03      1.075e-03      2.590e-03      1.092e+01      6.168e-01      8.536e-04   
      253            254         1.433e-01      7.078e-04      9.470e-03      1.070e-03      2.575e-03      1.092e+01      6.168e-01      8.536e-04   
      254            255         1.426e-01      7.039e-04      9.383e-03      1.066e-03      2.564e-03      1.092e+01      6.168e-01      8.536e-04   
      255            256         1.419e-01      6.998e-04      9.265e-03      1.062e-03      2.554e-03      1.092e+01      6.168e-01      8.536e-04   
      256            257         1.412e-01      6.952e-04      9.148e-03      1.057e-03      2.539e-03      1.092e+01      6.168e-01      8.536e-04   
      257            258         1.408e-01      3.575e-04      4.693e-03      1.055e-03      2.531e-03      1.092e+01      6.168e-01      8.536e-04   
      258            259         1.402e-01      6.513e-04      8.560e-03      1.051e-03      2.521e-03      1.092e+01      6.168e-01      8.536e-04   
      259            260         1.401e-01      1.854e-05      9.385e-04      2.829e-02      2.327e-03      1.092e+01      6.168e-01      8.536e-04   
      260            261         1.396e-01      5.548e-04      8.777e-03      6.445e-03      2.467e-03      1.092e+01      6.168e-01      8.536e-04   
      261            262         1.389e-01      6.906e-04      1.074e-02      1.044e-03      2.504e-03      1.092e+01      6.168e-01      8.536e-04   
      262            263         1.387e-01      1.795e-04      2.131e-03      1.043e-03      2.503e-03      1.092e+01      6.168e-01      8.536e-04   
      263            264         1.382e-01      5.512e-04      6.658e-03      1.039e-03      2.495e-03      1.092e+01      6.168e-01      8.536e-04   
      264            265         1.375e-01      6.732e-04      8.451e-03      1.033e-03      2.488e-03      1.092e+01      6.168e-01      8.536e-04   
      265            266         1.371e-01      3.863e-04      4.987e-03      1.031e-03      2.482e-03      1.092e+01      6.168e-01      8.536e-04   
      266            267         1.364e-01      6.673e-04      8.704e-03      1.026e-03      2.475e-03      1.092e+01      6.168e-01      8.536e-04   
      267            268         1.360e-01      4.571e-04      6.023e-03      1.023e-03      2.472e-03      1.092e+01      6.168e-01      8.536e-04   
  [mem] RSS 7.66 GB  peak 7.66 GB
      268            269         1.353e-01      6.618e-04      8.825e-03      1.019e-03      2.469e-03      1.092e+01      6.168e-01      8.536e-04   
      269            270         1.352e-01      8.217e-05      1.097e-03      1.018e-03      2.468e-03      1.092e+01      6.168e-01      8.536e-04   
      270            271         1.346e-01      6.570e-04      8.802e-03      1.014e-03      2.458e-03      1.092e+01      6.168e-01      8.536e-04   
      271            272         1.343e-01      2.761e-04      3.717e-03      1.012e-03      2.446e-03      1.092e+01      6.168e-01      8.536e-04   
      272            273         1.338e-01      5.416e-04      7.314e-03      1.008e-03      2.426e-03      1.092e+01      6.168e-01      8.536e-04   
      273            274         1.334e-01      3.931e-04      5.320e-03      1.005e-03      2.416e-03      1.092e+01      6.168e-01      8.536e-04   
      274            275         1.327e-01      6.463e-04      8.773e-03      9.996e-04      2.403e-03      1.092e+01      6.168e-01      8.536e-04   
      275            276         1.325e-01      2.265e-04      3.080e-03      9.981e-04      2.399e-03      1.092e+01      6.168e-01      8.536e-04   
      276            277         1.319e-01      6.418e-04      8.756e-03      9.960e-04      2.389e-03      1.092e+01      6.168e-01      8.536e-04   
      277            278         1.313e-01      5.504e-04      7.512e-03      9.894e-04      2.382e-03      1.092e+01      6.168e-01      8.536e-04   
      278            279         1.307e-01      6.245e-04      8.533e-03      9.841e-04      2.376e-03      1.092e+01      6.168e-01      8.536e-04   
      279            280         1.301e-01      5.911e-04      8.080e-03      9.795e-04      2.372e-03      1.092e+01      6.168e-01      8.536e-04   
      280            281         1.295e-01      6.294e-04      8.608e-03      9.749e-04      2.368e-03      1.092e+01      6.168e-01      8.536e-04   
      281            282         1.293e-01      1.834e-04      2.578e-03      9.733e-04      2.368e-03      1.092e+01      6.168e-01      8.536e-04   
      282            283         1.287e-01      5.795e-04      8.131e-03      9.679e-04      2.365e-03      1.092e+01      6.168e-01      8.536e-04   
      283            284         1.281e-01      6.223e-04      8.647e-03      9.633e-04      2.362e-03      1.092e+01      6.168e-01      8.536e-04   
      284            285         1.275e-01      6.191e-04      8.809e-03      9.602e-04      2.358e-03      1.092e+01      6.168e-01      8.536e-04   
      285            286         1.268e-01      6.161e-04      8.621e-03      9.558e-04      2.357e-03      1.092e+01      6.168e-01      8.536e-04   
      286            287         1.262e-01      6.115e-04      8.574e-03      9.506e-04      2.340e-03      1.092e+01      6.168e-01      8.536e-04   
      287            288         1.256e-01      6.088e-04      8.470e-03      9.457e-04      2.327e-03      1.092e+01      6.168e-01      8.536e-04   
      288            289         1.250e-01      6.051e-04      8.379e-03      9.429e-04      2.308e-03      1.092e+01      6.168e-01      8.536e-04   
      289            290         1.244e-01      6.021e-04      8.280e-03      9.364e-04      2.294e-03      1.092e+01      6.168e-01      8.536e-04   
      290            291         1.242e-01      2.204e-04      2.999e-03      9.347e-04      2.289e-03      1.092e+01      6.168e-01      8.536e-04   
      291            292         1.236e-01      5.981e-04      8.125e-03      1.546e-02      2.278e-03      1.106e+01      6.511e-01      1.546e-03   
      292            293         1.237e-01     -9.848e-05      3.563e-04      1.012e-02      1.478e-03      1.106e+01      6.511e-01      1.546e-03   
      293            294         1.237e-01      2.016e-05      6.814e-04      8.897e-03      1.420e-03      1.106e+01      6.511e-01      1.546e-03   
      294            295         1.237e-01     -3.527e-05      1.224e-03      2.122e-03      1.146e-03      1.106e+01      6.511e-01      1.546e-03   
      295            296         1.238e-01     -4.907e-05      6.014e-04      1.656e-03      1.024e-03      1.106e+01      6.511e-01      1.546e-03   
      296            297         1.235e-01      2.211e-04      2.978e-03      4.657e-03      9.884e-04      1.106e+01      6.832e-01      4.657e-04   
      297            298         1.230e-01      5.236e-04      8.237e-03      9.434e-04      6.669e-04      1.106e+01      6.832e-01      4.657e-04   
      298            299         1.224e-01      5.719e-04      7.951e-03      9.235e-04      5.904e-04      1.106e+01      6.832e-01      4.657e-04   
      299            300         1.219e-01      5.359e-04      7.070e-03      9.163e-04      5.785e-04      1.106e+01      6.832e-01      4.657e-04   
  [it  300] bn 3.8877e-03  L 1.000  kappa 0.751  kMS 0.640  d_cc 1.043  d_pc 1.356  -> FAILS L
      300            301         1.216e-01      2.772e-04      3.586e-03      9.133e-04      5.734e-04      1.106e+01      6.832e-01      4.657e-04   
      301            302         1.216e-01      7.400e-05      9.456e-04      9.125e-04      5.723e-04      1.106e+01      6.832e-01      4.657e-04   
      302            303         1.210e-01      5.798e-04      7.401e-03      9.085e-04      5.640e-04      1.106e+01      6.832e-01      4.657e-04   
      303            304         1.206e-01      3.967e-04      4.913e-03      9.030e-04      5.599e-04      1.106e+01      6.832e-01      4.657e-04   
  [mem] RSS 7.66 GB  peak 7.66 GB
      304            305         1.203e-01      2.339e-04      2.836e-03      9.003e-04      5.578e-04      1.106e+01      6.832e-01      4.657e-04   
      305            306         1.200e-01      3.973e-04      4.763e-03      8.958e-04      5.542e-04      1.106e+01      6.832e-01      4.657e-04   
      306            307         1.197e-01      2.337e-04      2.733e-03      8.933e-04      5.523e-04      1.106e+01      6.832e-01      4.657e-04   
      307            308         1.195e-01      2.068e-04      2.507e-03      8.910e-04      5.507e-04      1.106e+01      6.832e-01      4.657e-04   
      308            309         1.189e-01      5.676e-04      6.713e-03      8.849e-04      5.464e-04      1.106e+01      6.832e-01      4.657e-04   
      309            310         1.184e-01      5.638e-04      6.247e-03      8.784e-04      5.427e-04      1.106e+01      6.832e-01      4.657e-04   
      310            311         1.182e-01      1.414e-04      1.485e-03      8.767e-04      5.410e-04      1.106e+01      6.832e-01      4.657e-04   
      311            312         1.179e-01      2.946e-04      3.066e-03      8.731e-04      5.374e-04      1.106e+01      6.832e-01      4.657e-04   
      312            313         1.178e-01      1.262e-04      1.304e-03      8.715e-04      5.360e-04      1.106e+01      6.832e-01      4.657e-04   
      313            314         1.173e-01      5.545e-04      5.682e-03      8.645e-04      5.292e-04      1.106e+01      6.832e-01      4.657e-04   
      314            315         1.167e-01      5.504e-04      5.466e-03      8.576e-04      5.248e-04      1.106e+01      6.832e-01      4.657e-04   
      315            316         1.164e-01      3.624e-04      3.557e-03      8.525e-04      5.226e-04      1.106e+01      6.832e-01      4.657e-04   
      316            317         1.163e-01      5.793e-05      5.675e-04      8.517e-04      5.223e-04      1.106e+01      6.832e-01      4.657e-04   
      317            318         1.162e-01      1.020e-04      1.001e-03      8.502e-04      5.219e-04      1.106e+01      6.832e-01      4.657e-04   
      318            319         1.156e-01      5.414e-04      5.337e-03      8.427e-04      5.194e-04      1.106e+01      6.832e-01      4.657e-04   
      319            320         1.156e-01      2.316e-05      9.677e-04      7.499e-03      5.304e-04      1.106e+01      6.832e-01      4.657e-04   
      320            321         1.152e-01      4.559e-04      4.869e-03      1.293e-03      5.200e-04      1.106e+01      6.832e-01      4.657e-04   
      321            322         1.146e-01      5.324e-04      6.027e-03      8.298e-04      5.174e-04      1.106e+01      6.832e-01      4.657e-04   
      322            323         1.142e-01      4.046e-04      4.370e-03      8.229e-04      5.180e-04      1.106e+01      6.832e-01      4.657e-04   
      323            324         1.141e-01      1.795e-04      1.993e-03      8.201e-04      5.184e-04      1.106e+01      6.832e-01      4.657e-04   
      324            325         1.139e-01      1.071e-04      1.201e-03      8.185e-04      5.187e-04      1.106e+01      6.832e-01      4.657e-04   
      325            326         1.134e-01      5.218e-04      5.892e-03      8.107e-04      5.189e-04      1.106e+01      6.832e-01      4.657e-04   
      326            327         1.132e-01      2.043e-04      2.336e-03      8.083e-04      5.197e-04      1.106e+01      6.832e-01      4.657e-04   
      327            328         1.131e-01      7.382e-05      8.512e-04      8.070e-04      5.200e-04      1.106e+01      6.832e-01      4.657e-04   
      328            329         1.131e-01      9.556e-05      1.106e-03      8.054e-04      5.205e-04      1.106e+01      6.832e-01      4.657e-04   
      329            330         1.130e-01      3.250e-05      3.765e-04      8.048e-04      5.206e-04      1.106e+01      6.832e-01      4.657e-04   
      330            331         1.130e-01      1.232e-05      4.987e-04      5.866e-03      5.129e-04      1.106e+01      6.832e-01      4.657e-04   
      331            332         1.130e-01      1.492e-05      1.692e-04      5.705e-03      5.132e-04      1.106e+01      6.832e-01      4.657e-04   
      332            333         1.128e-01      1.855e-04      2.111e-03      3.738e-03      5.166e-04      1.106e+01      6.832e-01      4.657e-04   
      333            334         1.128e-01      2.284e-05      2.653e-04      3.577e-03      5.170e-04      1.106e+01      6.832e-01      4.657e-04   
      334            335         1.127e-01      4.796e-05      5.575e-04      3.253e-03      5.177e-04      1.106e+01      6.832e-01      4.657e-04   
      335            336         1.127e-01      1.176e-05      1.371e-04      3.180e-03      5.179e-04      1.106e+01      6.832e-01      4.657e-04   
      336            337         1.122e-01      5.202e-04      6.111e-03      7.978e-04      5.255e-04      1.106e+01      6.832e-01      4.657e-04   
      337            338         1.122e-01      2.677e-05      3.120e-04      7.971e-04      5.254e-04      1.106e+01      6.832e-01      4.657e-04   
      338            339         1.122e-01     -7.455e-06      3.481e-04      3.986e-03      5.162e-04      1.106e+01      6.832e-01      4.657e-04   
      339            340         1.121e-01      7.271e-05      8.434e-04      3.445e-03      5.174e-04      1.106e+01      6.832e-01      4.657e-04   
      340            341         1.120e-01      1.186e-04      1.405e-03      2.670e-03      5.193e-04      1.106e+01      6.832e-01      4.657e-04   
      341            342         1.115e-01      4.669e-04      5.562e-03      7.880e-04      5.256e-04      1.106e+01      6.832e-01      4.657e-04   
      342            343         1.110e-01      4.997e-04      6.385e-03      7.731e-04      5.267e-04      1.106e+01      6.832e-01      4.657e-04   
      343            344         1.108e-01      1.961e-04      2.507e-03      7.707e-04      5.235e-04      1.106e+01      6.832e-01      4.657e-04   
      344            345         1.106e-01      2.310e-04      2.977e-03      7.679e-04      5.202e-04      1.106e+01      6.832e-01      4.657e-04   
      345            346         1.106e-01      1.929e-05      2.453e-04      7.676e-04      5.200e-04      1.106e+01      6.832e-01      4.657e-04   
  [mem] RSS 7.66 GB  peak 7.66 GB
      346            347         1.106e-01      3.812e-06      5.948e-04      9.232e-03      4.471e-04      1.106e+01      6.832e-01      4.657e-04   
      347            348         1.101e-01      5.147e-04      6.526e-03      7.697e-04      5.163e-04      1.106e+01      6.832e-01      4.657e-04   
      348            349         1.100e-01      9.766e-05      1.261e-03      7.665e-04      5.148e-04      1.106e+01      6.832e-01      4.657e-04   
      349            350         1.095e-01      4.724e-04      6.113e-03      7.530e-04      5.079e-04      1.106e+01      6.832e-01      4.657e-04   
  [it  350] bn 3.6758e-03  L 1.000  kappa 0.754  kMS 0.652  d_cc 1.045  d_pc 1.352  -> FAILS L
      350            351         1.093e-01      1.992e-04      2.571e-03      7.497e-04      5.053e-04      1.106e+01      6.832e-01      4.657e-04   
      351            352         1.092e-01      8.258e-05      1.064e-03      7.484e-04      5.082e-04      1.106e+01      6.832e-01      4.657e-04   
      352            353         1.092e-01      4.780e-05      6.156e-04      7.476e-04      5.105e-04      1.106e+01      6.832e-01      4.657e-04   
      353            354         1.091e-01      2.175e-05      2.801e-04      7.472e-04      5.116e-04      1.106e+01      6.832e-01      4.657e-04   
      354            355         1.088e-01      2.911e-04      3.758e-03      7.425e-04      5.282e-04      1.106e+01      6.832e-01      4.657e-04   
      355            356         1.088e-01      6.215e-05      7.882e-04      7.415e-04      5.314e-04      1.106e+01      6.832e-01      4.657e-04   
      356            357         1.088e-01      2.016e-05      2.555e-04      7.411e-04      5.324e-04      1.106e+01      6.832e-01      4.657e-04   
      357            358         1.087e-01      2.359e-05      2.990e-04      7.407e-04      5.336e-04      1.106e+01      6.832e-01      4.657e-04   
      358            359         1.083e-01      4.701e-04      5.987e-03      7.333e-04      5.634e-04      1.106e+01      6.832e-01      4.657e-04   
      359            360         1.082e-01      2.362e-05      2.981e-04      7.328e-04      5.645e-04      1.106e+01      6.832e-01      4.657e-04   
      360            361         1.078e-01      4.662e-04      5.924e-03      7.248e-04      5.915e-04      1.106e+01      6.832e-01      4.657e-04   
      361            362         1.076e-01      2.042e-04      2.582e-03      7.212e-04      6.019e-04      1.106e+01      6.832e-01      4.657e-04   
      362            363         1.074e-01      1.309e-04      1.660e-03      7.189e-04      6.086e-04      1.106e+01      6.832e-01      4.657e-04   
      363            364         1.072e-01      2.216e-04      2.812e-03      7.151e-04      6.209e-04      1.106e+01      6.832e-01      4.657e-04   
      364            365         1.070e-01      2.683e-04      3.433e-03      7.105e-04      6.363e-04      1.106e+01      6.832e-01      4.657e-04   
      365            366         1.065e-01      4.545e-04      5.821e-03      7.029e-04      6.649e-04      1.106e+01      6.832e-01      4.657e-04   
      366            367         1.061e-01      4.503e-04      5.758e-03      6.952e-04      6.912e-04      1.106e+01      6.832e-01      4.657e-04   
      367            368         1.056e-01      4.467e-04      6.323e-03      6.871e-04      7.162e-04      1.106e+01      6.832e-01      4.657e-04   
      368            369         1.052e-01      4.427e-04      5.934e-03      6.819e-04      7.414e-04      1.106e+01      6.832e-01      4.657e-04   
      369            370         1.048e-01      3.591e-04      4.955e-03      6.740e-04      7.608e-04      1.106e+01      6.832e-01      4.657e-04   
      370            371         1.047e-01      1.181e-04      1.611e-03      6.717e-04      7.666e-04      1.106e+01      6.832e-01      4.657e-04   
      371            372         1.047e-01      1.800e-05      2.446e-04      6.714e-04      7.675e-04      1.106e+01      6.832e-01      4.657e-04   
      372            373         1.042e-01      4.327e-04      5.908e-03      6.641e-04      7.941e-04      1.106e+01      6.832e-01      4.657e-04   
      373            374         1.038e-01      4.287e-04      5.848e-03      6.562e-04      8.193e-04      1.106e+01      6.832e-01      4.657e-04   
      374            375         1.038e-01      3.133e-05      4.415e-04      6.557e-04      8.205e-04      1.106e+01      6.832e-01      4.657e-04   
      375            376         1.035e-01      2.454e-04      3.459e-03      6.516e-04      8.323e-04      1.106e+01      6.832e-01      4.657e-04   
      376            377         1.035e-01      1.091e-05      1.498e-04      6.514e-04      8.328e-04      1.106e+01      6.832e-01      4.657e-04   
      377            378         1.034e-01      8.043e-05      1.104e-03      6.499e-04      8.369e-04      1.106e+01      6.832e-01      4.657e-04   
      378            379         1.031e-01      2.967e-04      4.060e-03      6.446e-04      8.547e-04      1.106e+01      6.832e-01      4.657e-04   
      379            380         1.031e-01      2.951e-06      6.323e-04      7.054e-03      6.840e-04      1.106e+01      6.832e-01      4.657e-04   
      380            381         1.030e-01      9.545e-05      1.243e-03      5.520e-03      7.267e-04      1.106e+01      6.832e-01      4.657e-04   
  [mem] RSS 7.66 GB  peak 7.66 GB
      381            382         1.030e-01      9.235e-06      6.501e-04      1.236e-03      8.098e-04      1.106e+01      6.832e-01      4.657e-04   
      382            383         1.030e-01      1.697e-05      2.125e-04      1.185e-03      8.129e-04      1.106e+01      6.832e-01      4.657e-04   
      383            384         1.027e-01      3.108e-04      3.957e-03      6.269e-04      8.689e-04      1.106e+01      6.832e-01      4.657e-04   
      384            385         1.027e-01      4.292e-06      5.712e-05      6.270e-04      8.693e-04      1.106e+01      6.832e-01      4.657e-04   
      385            386         1.027e-01      6.552e-06      8.719e-05      6.270e-04      8.698e-04      1.106e+01      6.832e-01      4.657e-04   
      386            387         1.027e-01      1.098e-05      1.460e-04      6.270e-04      8.707e-04      1.106e+01      6.832e-01      4.657e-04   
      387            388         1.027e-01      2.190e-06      2.912e-05      6.270e-04      8.709e-04      1.106e+01      6.832e-01      4.657e-04   
      388            389         1.026e-01      8.841e-05      1.177e-03      6.271e-04      8.782e-04      1.106e+01      6.832e-01      4.657e-04   
      389            390         1.022e-01      4.111e-04      5.455e-03      6.288e-04      9.147e-04      1.106e+01      6.832e-01      4.657e-04   
      390            391         1.018e-01      4.055e-04      5.319e-03      6.216e-04      9.396e-04      1.106e+01      6.832e-01      4.657e-04   
      391            392         1.015e-01      3.176e-04      4.077e-03      6.112e-04      9.569e-04      1.106e+01      6.832e-01      4.657e-04   
      392            393         1.011e-01      3.784e-04      4.907e-03      6.063e-04      9.795e-04      1.106e+01      6.832e-01      4.657e-04   
      393            394         1.008e-01      2.453e-04      3.295e-03      5.998e-04      9.928e-04      1.106e+01      6.832e-01      4.657e-04   
      394            395         1.008e-01      2.135e-05      2.857e-04      5.993e-04      9.939e-04      1.106e+01      6.832e-01      4.657e-04   
      395            396         1.004e-01      3.877e-04      5.210e-03      5.914e-04      1.019e-03      1.106e+01      6.832e-01      4.657e-04   
      396            397         1.003e-01      8.660e-05      1.177e-03      8.776e-03      1.024e-03      1.113e+01      6.853e-01      8.776e-04   
      397            398         1.004e-01     -2.412e-05      2.987e-04      4.017e-03      4.751e-04      1.113e+01      6.853e-01      8.776e-04   
      398            399         1.002e-01      1.288e-04      2.010e-03      1.127e-03      4.219e-04      1.113e+01      6.872e-01      1.127e-04   
      399            400         1.002e-01      2.465e-05      3.504e-04      1.055e-03      4.159e-04      1.113e+01      6.872e-01      1.127e-04   
  [it  400] bn 3.4981e-03  L 1.000  kappa 0.753  kMS 0.658  d_cc 1.045  d_pc 1.352  -> FAILS L
      400            401         1.002e-01      3.139e-06      4.514e-05      1.047e-03      4.152e-04      1.113e+01      6.872e-01      1.127e-04   
      401            402         1.002e-01     -1.577e-05      5.588e-05      6.104e-04      3.711e-04      1.113e+01      6.872e-01      1.127e-04   
      402            403         9.986e-02      3.695e-04      5.137e-03      5.779e-04      3.346e-04      1.113e+01      6.872e-01      1.127e-04   
      403            404         9.959e-02      2.672e-04      3.534e-03      5.719e-04      3.330e-04      1.113e+01      6.872e-01      1.127e-04   
      404            405         9.921e-02      3.740e-04      5.070e-03      5.643e-04      3.330e-04      1.113e+01      6.872e-01      1.127e-04   
      405            406         9.917e-02      4.787e-05      6.476e-04      5.632e-04      3.321e-04      1.113e+01      6.872e-01      1.127e-04   
      406            407         9.889e-02      2.752e-04      3.733e-03      5.570e-04      3.274e-04      1.113e+01      6.872e-01      1.127e-04   
      407            408         9.853e-02      3.657e-04      4.937e-03      5.504e-04      3.237e-04      1.113e+01      6.872e-01      1.127e-04   
      408            409         9.816e-02      3.614e-04      4.785e-03      5.419e-04      3.229e-04      1.113e+01      6.872e-01      1.127e-04   
      409            410         9.813e-02      3.129e-05      4.128e-04      5.412e-04      3.229e-04      1.113e+01      6.872e-01      1.127e-04   
      410            411         9.809e-02      3.866e-05      5.100e-04      5.403e-04      3.229e-04      1.113e+01      6.872e-01      1.127e-04   
      411            412         9.809e-02      2.990e-06      3.268e-04      3.265e-03      3.292e-04      1.113e+01      6.872e-01      1.127e-04   
      412            413         9.804e-02      4.664e-05      6.436e-04      2.849e-03      3.284e-04      1.113e+01      6.872e-01      1.127e-04   
      413            414         9.803e-02      1.731e-05      2.395e-04      2.714e-03      3.281e-04      1.113e+01      6.872e-01      1.127e-04   
      414            415         9.799e-02      3.433e-05      4.748e-04      2.458e-03      3.276e-04      1.113e+01      6.872e-01      1.127e-04   
  [mem] RSS 7.67 GB  peak 7.67 GB
      415            416         9.763e-02      3.597e-04      5.012e-03      5.309e-04      3.221e-04      1.113e+01      6.872e-01      1.127e-04   
      416            417         9.763e-02      5.725e-06      2.347e-04      1.954e-03      3.471e-04      1.113e+01      6.872e-01      1.127e-04   
      417            418         9.728e-02      3.509e-04      4.901e-03      5.239e-04      3.244e-04      1.113e+01      6.872e-01      1.127e-04   
      418            419         9.723e-02      4.977e-05      6.795e-04      5.229e-04      3.239e-04      1.113e+01      6.872e-01      1.127e-04   
      419            420         9.688e-02      3.463e-04      4.736e-03      5.158e-04      3.201e-04      1.113e+01      6.872e-01      1.127e-04   
      420            421         9.654e-02      3.428e-04      4.536e-03      5.137e-04      3.188e-04      1.113e+01      6.872e-01      1.127e-04   
      421            422         9.629e-02      2.521e-04      3.405e-03      5.039e-04      3.173e-04      1.113e+01      6.872e-01      1.127e-04   
      422            423         9.627e-02      1.452e-05      1.878e-04      5.035e-04      3.168e-04      1.113e+01      6.872e-01      1.127e-04   
      423            424         9.624e-02      3.432e-05      4.438e-04      5.025e-04      3.158e-04      1.113e+01      6.872e-01      1.127e-04   
      424            425         9.621e-02      2.844e-05      4.006e-04      5.018e-04      3.150e-04      1.113e+01      6.872e-01      1.127e-04   
      425            426         9.616e-02      4.963e-05      6.959e-04      5.004e-04      3.136e-04      1.113e+01      6.872e-01      1.127e-04   
      426            427         9.610e-02      5.851e-05      8.137e-04      4.988e-04      3.122e-04      1.113e+01      6.872e-01      1.127e-04   
      427            428         9.577e-02      3.310e-04      4.586e-03      4.902e-04      3.051e-04      1.113e+01      6.872e-01      1.127e-04   
      428            429         9.576e-02      1.214e-05      1.550e-04      4.900e-04      3.047e-04      1.113e+01      6.872e-01      1.127e-04   
      429            430         9.543e-02      3.260e-04      4.184e-03      4.817e-04      2.942e-04      1.113e+01      6.872e-01      1.127e-04   
      430            431         9.528e-02      1.519e-04      2.011e-03      4.773e-04      2.921e-04      1.113e+01      6.872e-01      1.127e-04   
      431            432         9.496e-02      3.209e-04      4.373e-03      4.661e-04      2.852e-04      1.113e+01      6.872e-01      1.127e-04   
      432            433         9.470e-02      2.606e-04      4.029e-03      4.625e-04      2.823e-04      1.113e+01      6.872e-01      1.127e-04   
      433            434         9.438e-02      3.154e-04      4.298e-03      4.583e-04      2.798e-04      1.113e+01      6.872e-01      1.127e-04   
      434            435         9.407e-02      3.103e-04      4.383e-03      4.587e-04      2.735e-04      1.113e+01      6.872e-01      1.127e-04   
      435            436         9.392e-02      1.499e-04      2.147e-03      4.539e-04      2.711e-04      1.113e+01      6.872e-01      1.127e-04   
      436            437         9.384e-02      8.086e-05      1.160e-03      4.532e-04      2.701e-04      1.113e+01      6.872e-01      1.127e-04   
      437            438         9.354e-02      3.038e-04      4.347e-03      4.511e-04      2.664e-04      1.113e+01      6.872e-01      1.127e-04   
      438            439         9.324e-02      3.012e-04      4.361e-03      4.497e-04      2.644e-04      1.113e+01      6.872e-01      1.127e-04   
      439            440         9.294e-02      2.993e-04      4.417e-03      4.483e-04      2.633e-04      1.113e+01      6.872e-01      1.127e-04   
      440            441         9.264e-02      2.970e-04      4.416e-03      4.474e-04      2.604e-04      1.113e+01      6.872e-01      1.127e-04   
      441            442         9.235e-02      2.922e-04      4.420e-03      4.460e-04      2.591e-04      1.113e+01      6.872e-01      1.127e-04   
      442            443         9.205e-02      2.939e-04      4.518e-03      4.446e-04      2.577e-04      1.113e+01      6.872e-01      1.127e-04   
      443            444         9.185e-02      2.078e-04      3.309e-03      4.438e-04      2.579e-04      1.113e+01      6.872e-01      1.127e-04   
      444            445         9.155e-02      2.918e-04      4.687e-03      4.421e-04      2.591e-04      1.113e+01      6.872e-01      1.127e-04   
      445            446         9.126e-02      2.905e-04      4.792e-03      4.402e-04      2.626e-04      1.113e+01      6.872e-01      1.127e-04   
      446            447         9.097e-02      2.883e-04      5.017e-03      4.383e-04      2.646e-04      1.113e+01      6.872e-01      1.127e-04   
      447            448         9.095e-02      2.347e-05      4.097e-04      4.381e-04      2.650e-04      1.113e+01      6.872e-01      1.127e-04   
      448            449         9.066e-02      2.869e-04      5.031e-03      4.357e-04      2.695e-04      1.113e+01      6.872e-01      1.127e-04   
      449            450         9.041e-02      2.547e-04      4.382e-03      4.334e-04      2.685e-04      1.113e+01      6.872e-01      1.127e-04   
  [mem] RSS 7.67 GB  peak 7.67 GB
  [it  450] bn 3.2864e-03  L 1.000  kappa 0.741  kMS 0.660  d_cc 1.046  d_pc 1.388  -> FAILS L
      450            451         9.013e-02      2.832e-04      4.917e-03      4.312e-04      2.700e-04      1.113e+01      6.872e-01      1.127e-04   
      451            452         8.984e-02      2.821e-04      4.919e-03      4.288e-04      2.728e-04      1.113e+01      6.872e-01      1.127e-04   
      452            453         8.956e-02      2.797e-04      5.018e-03      4.262e-04      2.735e-04      1.113e+01      6.872e-01      1.127e-04   
      453            454         8.929e-02      2.787e-04      4.981e-03      4.233e-04      2.772e-04      1.113e+01      6.872e-01      1.127e-04   
      454            455         8.901e-02      2.764e-04      5.058e-03      4.209e-04      2.780e-04      1.113e+01      6.872e-01      1.127e-04   
      455            456         8.877e-02      2.429e-04      4.370e-03      4.184e-04      2.803e-04      1.113e+01      6.872e-01      1.127e-04   
      456            457         8.855e-02      2.139e-04      3.921e-03      4.173e-04      2.830e-04      1.113e+01      6.872e-01      1.127e-04   
      457            458         8.828e-02      2.736e-04      5.261e-03      4.130e-04      2.879e-04      1.113e+01      6.872e-01      1.127e-04   
      458            459         8.801e-02      2.726e-04      5.098e-03      4.101e-04      2.934e-04      1.113e+01      6.872e-01      1.127e-04   
      459            460         8.774e-02      2.684e-04      5.225e-03      4.076e-04      2.846e-04      1.113e+01      6.872e-01      1.127e-04   
      460            461         8.761e-02      1.332e-04      2.559e-03      4.067e-04      2.852e-04      1.113e+01      6.872e-01      1.127e-04   
      461            462         8.735e-02      2.549e-04      5.006e-03      4.047e-04      2.861e-04      1.113e+01      6.872e-01      1.127e-04   
      462            463         8.708e-02      2.702e-04      5.415e-03      4.024e-04      2.904e-04      1.113e+01      6.872e-01      1.127e-04   
      463            464         8.682e-02      2.643e-04      4.962e-03      4.010e-04      2.770e-04      1.113e+01      6.872e-01      1.127e-04   
      464            465         8.659e-02      2.289e-04      4.257e-03      3.993e-04      2.731e-04      1.113e+01      6.872e-01      1.127e-04   
      465            466         8.632e-02      2.649e-04      4.950e-03      3.971e-04      2.700e-04      1.113e+01      6.872e-01      1.127e-04   
      466            467         8.606e-02      2.635e-04      5.133e-03      3.950e-04      2.667e-04      1.113e+01      6.872e-01      1.127e-04   
      467            468         8.584e-02      2.166e-04      4.392e-03      3.930e-04      2.612e-04      1.113e+01      6.872e-01      1.127e-04   
      468            469         8.567e-02      1.752e-04      3.576e-03      3.912e-04      2.579e-04      1.113e+01      6.872e-01      1.127e-04   
      469            470         8.550e-02      1.641e-04      3.381e-03      3.898e-04      2.532e-04      1.113e+01      6.872e-01      1.127e-04   
      470            471         8.524e-02      2.596e-04      5.330e-03      3.915e-04      2.481e-04      1.113e+01      6.872e-01      1.127e-04   
      471            472         8.498e-02      2.594e-04      5.229e-03      3.858e-04      2.481e-04      1.113e+01      6.872e-01      1.127e-04   
      472            473         8.472e-02      2.603e-04      5.318e-03      3.836e-04      2.516e-04      1.113e+01      6.872e-01      1.127e-04   
      473            474         8.467e-02      5.707e-05      1.187e-03      3.831e-04      2.530e-04      1.113e+01      6.872e-01      1.127e-04   
      474            475         8.442e-02      2.479e-04      5.183e-03      3.808e-04      2.593e-04      1.113e+01      6.872e-01      1.127e-04   
      475            476         8.416e-02      2.604e-04      5.318e-03      3.785e-04      2.712e-04      1.113e+01      6.872e-01      1.127e-04   
      476            477         8.390e-02      2.598e-04      5.197e-03      3.761e-04      2.846e-04      1.113e+01      6.872e-01      1.127e-04   
      477            478         8.364e-02      2.572e-04      5.771e-03      3.747e-04      2.891e-04      1.113e+01      6.872e-01      1.127e-04   
      478            479         8.339e-02      2.541e-04      5.931e-03      3.725e-04      2.841e-04      1.113e+01      6.872e-01      1.127e-04   
      479            480         8.314e-02      2.490e-04      5.839e-03      3.705e-04      2.617e-04      1.113e+01      6.872e-01      1.127e-04   
      480            481         8.289e-02      2.517e-04      6.237e-03      3.688e-04      2.500e-04      1.113e+01      6.872e-01      1.127e-04   
      481            482         8.265e-02      2.389e-04      5.368e-03      3.669e-04      2.253e-04      1.113e+01      6.872e-01      1.127e-04   
      482            483         8.240e-02      2.511e-04      5.525e-03      3.649e-04      2.158e-04      1.113e+01      6.872e-01      1.127e-04   
      483            484         8.225e-02      1.415e-04      3.139e-03      3.637e-04      2.136e-04      1.113e+01      6.872e-01      1.127e-04   
      484            485         8.200e-02      2.524e-04      5.654e-03      3.617e-04      2.118e-04      1.113e+01      6.872e-01      1.127e-04   
      485            486         8.196e-02      4.161e-05      9.381e-04      3.613e-04      2.126e-04      1.113e+01      6.872e-01      1.127e-04   
      486            487         8.171e-02      2.535e-04      5.735e-03      3.592e-04      2.188e-04      1.113e+01      6.872e-01      1.127e-04   
      487            488         8.166e-02      4.643e-05      1.071e-03      3.588e-04      2.200e-04      1.113e+01      6.872e-01      1.127e-04   
  [mem] RSS 7.67 GB  peak 7.68 GB
      488            489         8.144e-02      2.252e-04      5.205e-03      3.568e-04      2.271e-04      1.113e+01      6.872e-01      1.127e-04   
      489            490         8.119e-02      2.487e-04      5.518e-03      3.551e-04      2.273e-04      1.113e+01      6.872e-01      1.127e-04   
      490            491         8.094e-02      2.467e-04      5.798e-03      3.528e-04      2.244e-04      1.113e+01      6.872e-01      1.127e-04   
      491            492         8.069e-02      2.461e-04      5.924e-03      3.507e-04      2.225e-04      1.113e+01      6.872e-01      1.127e-04   
      492            493         8.053e-02      1.645e-04      3.924e-03      3.492e-04      2.225e-04      1.113e+01      6.872e-01      1.127e-04   
      493            494         8.031e-02      2.151e-04      5.141e-03      3.474e-04      2.234e-04      1.113e+01      6.872e-01      1.127e-04   
      494            495         8.007e-02      2.453e-04      5.926e-03      3.454e-04      2.249e-04      1.113e+01      6.872e-01      1.127e-04   
      495            496         7.983e-02      2.430e-04      6.442e-03      3.433e-04      2.191e-04      1.113e+01      6.872e-01      1.127e-04   
      496            497         7.958e-02      2.451e-04      6.902e-03      3.410e-04      2.195e-04      1.113e+01      6.872e-01      1.127e-04   
      497            498         7.933e-02      2.484e-04      7.888e-03      3.385e-04      2.288e-04      1.113e+01      6.872e-01      1.127e-04   
      498            499         7.914e-02      1.958e-04      5.848e-03      1.463e-03      2.459e-04      1.113e+01      6.872e-01      1.463e-04   
      499            500         7.912e-02      1.300e-05      4.010e-04      1.252e-03      2.437e-04      1.113e+01      6.872e-01      1.463e-04   
  [it  500] bn 3.0523e-03  L 1.000  kappa 0.698  kMS 0.641  d_cc 1.046  d_pc 1.539  -> FEASIBLE
      500            501         7.903e-02      9.012e-05      2.739e-03      3.382e-04      2.320e-04      1.113e+01      6.872e-01      1.463e-04   
      501            502         7.879e-02      2.393e-04      6.306e-03      3.355e-04      2.149e-04      1.113e+01      6.872e-01      1.463e-04   
      502            503         7.855e-02      2.431e-04      6.573e-03      3.337e-04      2.131e-04      1.113e+01      6.872e-01      1.463e-04   
      503            504         7.831e-02      2.443e-04      6.451e-03      3.319e-04      2.160e-04      1.113e+01      6.872e-01      1.463e-04   
      504            505         7.807e-02      2.389e-04      6.161e-03      3.305e-04      2.093e-04      1.113e+01      6.872e-01      1.463e-04   
      505            506         7.803e-02      4.015e-05      9.947e-04      3.302e-04      2.094e-04      1.113e+01      6.872e-01      1.463e-04   
      506            507         7.779e-02      2.422e-04      5.979e-03      3.283e-04      2.109e-04      1.113e+01      6.872e-01      1.463e-04   
      507            508         7.754e-02      2.427e-04      5.840e-03      3.265e-04      2.171e-04      1.113e+01      6.872e-01      1.463e-04   
      508            509         7.731e-02      2.359e-04      7.387e-03      3.227e-04      2.027e-04      1.113e+01      6.872e-01      1.463e-04   
      509            510         7.713e-02      1.779e-04      5.064e-03      3.228e-04      1.877e-04      1.113e+01      6.872e-01      1.463e-04   
      510            511         7.710e-02      2.988e-05      9.370e-04      3.226e-04      1.865e-04      1.113e+01      6.872e-01      1.463e-04   
      511            512         7.686e-02      2.384e-04      7.612e-03      3.207e-04      1.760e-04      1.113e+01      6.872e-01      1.463e-04   
      512            513         7.662e-02      2.390e-04      8.505e-03      3.163e-04      1.676e-04      1.113e+01      6.872e-01      1.463e-04   
      513            514         7.638e-02      2.398e-04      8.594e-03      3.147e-04      1.668e-04      1.113e+01      6.872e-01      1.463e-04   
      514            515         7.614e-02      2.408e-04      7.414e-03      3.158e-04      1.659e-04      1.113e+01      6.872e-01      1.463e-04   
      515            516         7.594e-02      2.000e-04      5.872e-03      3.147e-04      1.564e-04      1.113e+01      6.872e-01      1.463e-04   
      516            517         7.570e-02      2.375e-04      6.826e-03      3.129e-04      1.511e-04      1.113e+01      6.872e-01      1.463e-04   
      517            518         7.546e-02      2.395e-04      6.789e-03      3.119e-04      1.548e-04      1.113e+01      6.872e-01      1.463e-04   
      518            519         7.526e-02      2.066e-04      5.926e-03      3.090e-04      1.625e-04      1.113e+01      6.872e-01      1.463e-04   
      519            520         7.502e-02      2.346e-04      6.477e-03      3.068e-04      1.777e-04      1.113e+01      6.872e-01      1.463e-04   
      520            521         7.478e-02      2.387e-04      7.515e-03      3.050e-04      1.806e-04      1.113e+01      6.872e-01      1.463e-04   
  [mem] RSS 7.68 GB  peak 7.68 GB
      521            522         7.462e-02      1.628e-04      5.667e-03      3.035e-04      1.888e-04      1.113e+01      6.872e-01      1.463e-04   
      522            523         7.439e-02      2.320e-04      7.984e-03      3.032e-04      1.600e-04      1.113e+01      6.872e-01      1.463e-04   
      523            524         7.422e-02      1.698e-04      6.361e-03      3.020e-04      1.515e-04      1.113e+01      6.872e-01      1.463e-04   
      524            525         7.398e-02      2.372e-04      7.947e-03      3.004e-04      1.380e-04      1.113e+01      6.872e-01      1.463e-04   
      525            526         7.374e-02      2.424e-04      7.724e-03      2.989e-04      1.445e-04      1.113e+01      6.872e-01      1.463e-04   
      526            527         7.350e-02      2.444e-04      7.272e-03      2.979e-04      1.609e-04      1.113e+01      6.872e-01      1.463e-04   
      527            528         7.326e-02      2.341e-04      7.287e-03      2.965e-04      1.453e-04      1.113e+01      6.872e-01      1.463e-04   
      528            529         7.306e-02      2.003e-04      6.123e-03      2.952e-04      1.494e-04      1.113e+01      6.872e-01      1.463e-04   
      529            530         7.282e-02      2.395e-04      7.330e-03      2.935e-04      1.575e-04      1.113e+01      6.872e-01      1.463e-04   
      530            531         7.259e-02      2.358e-04      8.253e-03      2.913e-04      1.506e-04      1.113e+01      6.872e-01      1.463e-04   
      531            532         7.234e-02      2.427e-04      8.973e-03      2.895e-04      1.620e-04      1.113e+01      6.872e-01      1.463e-04   
      532            533         7.210e-02      2.477e-04      8.696e-03      2.904e-04      1.854e-04      1.113e+01      6.872e-01      1.463e-04   
      533            534         7.185e-02      2.416e-04      1.115e-02      7.324e-04      1.925e-04      1.113e+01      6.872e-01      1.463e-04   
      534            535         7.162e-02      2.302e-04      7.972e-03      2.855e-04      1.528e-04      1.113e+01      6.872e-01      1.463e-04   
      535            536         7.158e-02      4.681e-05      1.514e-03      2.856e-04      1.546e-04      1.113e+01      6.872e-01      1.463e-04   
      536            537         7.133e-02      2.441e-04      7.882e-03      2.841e-04      1.656e-04      1.113e+01      6.872e-01      1.463e-04   
      537            538         7.109e-02      2.401e-04      9.041e-03      2.806e-04      1.638e-04      1.113e+01      6.872e-01      1.463e-04   
      538            539         7.105e-02      4.334e-05      1.529e-03      2.811e-04      1.605e-04      1.113e+01      6.872e-01      1.463e-04   
      539            540         7.081e-02      2.379e-04      8.748e-03      2.812e-04      1.435e-04      1.113e+01      6.872e-01      1.463e-04   
      540            541         7.060e-02      2.098e-04      8.503e-03      2.804e-04      1.440e-04      1.113e+01      6.872e-01      1.463e-04   
      541            542         7.035e-02      2.494e-04      1.007e-02      2.799e-04      1.534e-04      1.113e+01      6.872e-01      1.463e-04   
      542            543         7.010e-02      2.520e-04      1.028e-02      3.497e-04      1.689e-04      1.113e+01      6.872e-01      1.463e-04   
      543            544         6.986e-02      2.368e-04      9.285e-03      2.790e-04      1.378e-04      1.113e+01      6.872e-01      1.463e-04   
      544            545         6.968e-02      1.858e-04      6.575e-03      2.788e-04      1.428e-04      1.113e+01      6.872e-01      1.463e-04   
      545            546         6.943e-02      2.474e-04      8.236e-03      2.786e-04      1.517e-04      1.113e+01      6.872e-01      1.463e-04   
      546            547         6.923e-02      1.980e-04      6.762e-03      2.785e-04      1.573e-04      1.113e+01      6.872e-01      1.463e-04   
      547            548         6.909e-02      1.394e-04      5.794e-03      2.819e-04      1.483e-04      1.113e+01      6.872e-01      1.463e-04   
      548            549         6.907e-02      2.536e-05      9.850e-04      2.819e-04      1.460e-04      1.113e+01      6.872e-01      1.463e-04   
      549            550         6.906e-02      5.192e-06      2.050e-04      2.818e-04      1.456e-04      1.113e+01      6.872e-01      1.463e-04   
  [it  550] bn 2.8386e-03  L 1.000  kappa 0.679  kMS 0.633  d_cc 1.048  d_pc 1.547  -> FAILS L
      550            551         6.882e-02      2.427e-04      9.589e-03      3.550e-04      1.210e-04      1.113e+01      6.872e-01      1.463e-04   
      551            552         6.857e-02      2.515e-04      1.093e-02      4.564e-04      1.118e-04      1.113e+01      6.872e-01      1.463e-04   
      552            553         6.831e-02      2.615e-04      1.100e-02      3.140e-04      1.343e-04      1.113e+01      6.872e-01      1.463e-04   
      553            554         6.806e-02      2.520e-04      1.101e-02      2.829e-04      1.284e-04      1.113e+01      6.872e-01      1.463e-04   
  [mem] RSS 7.69 GB  peak 7.69 GB
      554            555         6.780e-02      2.523e-04      9.186e-03      2.794e-04      1.306e-04      1.113e+01      6.872e-01      1.463e-04   
      555            556         6.755e-02      2.519e-04      9.775e-03      2.874e-04      1.282e-04      1.113e+01      6.872e-01      1.463e-04   
      556            557         6.751e-02      3.803e-05      1.557e-03      2.879e-04      1.302e-04      1.113e+01      6.872e-01      1.463e-04   
      557            558         6.751e-02      2.075e-06      8.568e-05      2.880e-04      1.303e-04      1.113e+01      6.872e-01      1.463e-04   
      558            559         6.725e-02      2.587e-04      1.065e-02      2.931e-04      1.413e-04      1.113e+01      6.872e-01      1.463e-04   
      559            560         6.699e-02      2.578e-04      1.015e-02      2.970e-04      1.416e-04      1.113e+01      6.872e-01      1.463e-04   
      560            561         6.674e-02      2.525e-04      1.157e-02      3.024e-04      1.148e-04      1.113e+01      6.872e-01      1.463e-04   
      561            562         6.655e-02      1.914e-04      7.873e-03      3.029e-04      1.137e-04      1.113e+01      6.872e-01      1.463e-04   
      562            563         6.628e-02      2.671e-04      1.071e-02      3.040e-04      1.287e-04      1.113e+01      6.872e-01      1.463e-04   
      563            564         6.602e-02      2.655e-04      1.183e-02      3.707e-04      1.307e-04      1.113e+01      6.872e-01      1.463e-04   
      564            565         6.576e-02      2.593e-04      1.063e-02      3.115e-04      1.139e-04      1.113e+01      6.872e-01      1.463e-04   
      565            566         6.556e-02      1.966e-04      8.461e-03      3.055e-04      1.236e-04      1.113e+01      6.872e-01      1.463e-04   
      566            567         6.529e-02      2.724e-04      1.128e-02      3.169e-04      1.324e-04      1.113e+01      6.872e-01      1.463e-04   
      567            568         6.502e-02      2.728e-04      1.273e-02      3.968e-04      1.349e-04      1.113e+01      6.872e-01      1.463e-04   
      568            569         6.480e-02      2.194e-04      8.639e-03      3.216e-04      1.261e-04      1.113e+01      6.872e-01      1.463e-04   
      569            570         6.452e-02      2.747e-04      1.010e-02      3.226e-04      1.416e-04      1.113e+01      6.872e-01      1.463e-04   
      570            571         6.438e-02      1.378e-04      5.849e-03      3.243e-04      1.319e-04      1.113e+01      6.872e-01      1.463e-04   
      571            572         6.428e-02      1.061e-04      4.626e-03      3.264e-04      1.279e-04      1.113e+01      6.872e-01      1.463e-04   
      572            573         6.401e-02      2.693e-04      1.119e-02      3.309e-04      1.025e-04      1.113e+01      6.872e-01      1.463e-04   
      573            574         6.373e-02      2.782e-04      1.248e-02      3.951e-04      9.316e-05      1.113e+01      6.872e-01      1.463e-04   
      574            575         6.344e-02      2.881e-04      1.285e-02      4.062e-04      1.042e-04      1.113e+01      6.872e-01      1.463e-04   
      575            576         6.330e-02      1.461e-04      5.871e-03      3.341e-04      1.101e-04      1.113e+01      6.872e-01      1.463e-04   
      576            577         6.301e-02      2.846e-04      1.291e-02      4.783e-04      1.079e-04      1.113e+01      6.872e-01      1.463e-04   
      577            578         6.273e-02      2.861e-04      1.136e-02      4.046e-04      1.120e-04      1.113e+01      6.872e-01      1.463e-04   
      578            579         6.244e-02      2.869e-04      1.217e-02      4.771e-04      1.056e-04      1.113e+01      6.872e-01      1.463e-04   
      579            580         6.231e-02      1.315e-04      5.836e-03      3.680e-04      1.095e-04      1.113e+01      6.872e-01      1.463e-04   
      580            581         6.212e-02      1.901e-04      8.160e-03      3.528e-04      1.101e-04      1.113e+01      6.872e-01      1.463e-04   
      581            582         6.182e-02      2.934e-04      1.325e-02      6.149e-04      9.770e-05      1.113e+01      6.872e-01      1.463e-04   
      582            583         6.152e-02      3.007e-04      1.324e-02      6.829e-04      1.042e-04      1.113e+01      6.872e-01      1.463e-04   
      583            584         6.122e-02      2.997e-04      1.160e-02      5.941e-04      1.106e-04      1.113e+01      6.872e-01      1.463e-04   
      584            585         6.118e-02      4.798e-05      1.953e-03      5.121e-04      1.107e-04      1.113e+01      6.872e-01      1.463e-04   
      585            586         6.088e-02      2.980e-04      1.240e-02      7.044e-04      1.038e-04      1.113e+01      6.872e-01      1.463e-04   
      586            587         6.071e-02      1.717e-04      7.026e-03      5.293e-04      9.755e-05      1.113e+01      6.872e-01      1.463e-04   
      587            588         6.040e-02      3.020e-04      1.261e-02      7.855e-04      8.711e-05      1.113e+01      6.872e-01      1.463e-04   
      588            589         6.016e-02      2.449e-04      1.043e-02      6.845e-04      9.445e-05      1.113e+01      6.872e-01      1.463e-04   
      589            590         5.984e-02      3.148e-04      1.362e-02      9.241e-04      1.094e-04      1.113e+01      6.872e-01      1.463e-04   
      590            591         5.981e-02      3.736e-05      1.700e-03      8.238e-04      1.070e-04      1.113e+01      6.872e-01      1.463e-04   
      591            592         5.958e-02      2.284e-04      1.030e-02      8.018e-04      9.765e-05      1.113e+01      6.872e-01      1.463e-04   
  [mem] RSS 7.69 GB  peak 7.69 GB
      592            593         5.927e-02      3.125e-04      1.277e-02      9.637e-04      9.383e-05      1.113e+01      6.872e-01      1.463e-04   
      593            594         5.895e-02      3.172e-04      1.298e-02      1.003e-03      8.814e-05      1.113e+01      6.872e-01      1.463e-04   
      594            595         5.863e-02      3.185e-04      1.306e-02      1.024e-03      9.390e-05      1.113e+01      6.872e-01      1.463e-04   
      595            596         5.841e-02      2.164e-04      8.682e-03      1.571e-03      8.737e-05      1.113e+01      6.872e-01      1.463e-04   
      596            597         5.816e-02      2.541e-04      1.516e-02      1.176e-03      7.924e-05      1.113e+01      6.872e-01      1.463e-04   
      597            598         5.783e-02      3.277e-04      1.388e-02      1.323e-03      7.722e-05      1.113e+01      6.872e-01      1.463e-04   
      598            599         5.765e-02      1.844e-04      7.144e-03      1.968e-03      7.967e-05      1.113e+01      6.872e-01      1.968e-04   
      599            600         5.753e-02      1.169e-04      7.706e-03      3.922e-04      8.148e-05      1.113e+01      6.872e-01      1.968e-04   
  [it  600] bn 2.5967e-03  L 1.000  kappa 0.686  kMS 0.662  d_cc 1.049  d_pc 1.541  -> FAILS L
      600            601         5.720e-02      3.289e-04      1.284e-02      1.302e-03      8.024e-05      1.113e+01      6.872e-01      1.968e-04   
      601            602         5.704e-02      1.606e-04      6.342e-03      9.816e-04      7.971e-05      1.113e+01      6.872e-01      1.968e-04   
      602            603         5.704e-02      5.680e-06      2.215e-04      9.646e-04      7.955e-05      1.113e+01      6.872e-01      1.968e-04   
      603            604         5.671e-02      3.306e-04      1.283e-02      1.329e-03      7.090e-05      1.113e+01      6.872e-01      1.968e-04   
      604            605         5.641e-02      2.912e-04      1.189e-02      1.276e-03      6.750e-05      1.113e+01      6.872e-01      1.968e-04   
      605            606         5.607e-02      3.418e-04      1.458e-02      1.573e-03      6.570e-05      1.113e+01      6.872e-01      1.968e-04   
      606            607         5.572e-02      3.489e-04      1.420e-02      1.558e-03      8.340e-05      1.113e+01      6.872e-01      1.968e-04   
      607            608         5.563e-02      9.586e-05      3.781e-03      1.241e-03      8.092e-05      1.113e+01      6.872e-01      1.968e-04   
      608            609         5.528e-02      3.468e-04      1.399e-02      1.628e-03      7.182e-05      1.113e+01      6.872e-01      1.968e-04   
      609            610         5.495e-02      3.267e-04      1.264e-02      1.514e-03      7.144e-05      1.113e+01      6.872e-01      1.968e-04   
      610            611         5.476e-02      1.972e-04      7.465e-03      1.138e-03      6.549e-05      1.113e+01      6.872e-01      1.968e-04   
      611            612         5.441e-02      3.499e-04      1.328e-02      1.572e-03      7.268e-05      1.113e+01      6.872e-01      1.968e-04   
      612            613         5.420e-02      2.087e-04      7.940e-03      1.214e-03      7.569e-05      1.113e+01      6.872e-01      1.968e-04   
      613            614         5.402e-02      1.789e-04      6.889e-03      1.027e-03      7.948e-05      1.113e+01      6.872e-01      1.968e-04   
      614            615         5.366e-02      3.618e-04      1.359e-02      1.675e-03      8.799e-05      1.113e+01      6.872e-01      1.968e-04   
      615            616         5.330e-02      3.559e-04      1.404e-02      1.632e-03      7.358e-05      1.113e+01      6.872e-01      1.968e-04   
      616            617         5.304e-02      2.664e-04      1.055e-02      1.324e-03      6.813e-05      1.113e+01      6.872e-01      1.968e-04   
      617            618         5.266e-02      3.715e-04      1.411e-02      1.605e-03      8.703e-05      1.113e+01      6.872e-01      1.968e-04   
      618            619         5.244e-02      2.231e-04      8.663e-03      1.216e-03      6.909e-05      1.113e+01      6.872e-01      1.968e-04   
      619            620         5.242e-02      2.526e-05      1.024e-03      1.138e-03      6.855e-05      1.113e+01      6.872e-01      1.968e-04   
      620            621         5.242e-02     -1.620e-06      1.926e-04      2.913e-02      6.667e-05      1.113e+01      6.872e-01      2.913e-03   
      621            622         5.242e-02      9.955e-07      6.154e-05      4.547e-02      6.666e-05      1.113e+01      6.872e-01      4.547e-03   
      622            623         5.241e-02      1.837e-06      8.700e-05      3.212e-02      6.665e-05      1.113e+01      6.872e-01      3.212e-03   
  [mem] RSS 7.69 GB  peak 7.69 GB
      623            624         5.241e-02      9.855e-07      6.130e-05      8.315e-02      6.663e-05      1.113e+01      6.872e-01      8.315e-03   
      624            625         5.241e-02      3.956e-07      2.358e-04      1.228e-02      6.648e-05      1.113e+01      6.872e-01      1.228e-03   
      625            626         5.237e-02      4.086e-05      2.180e-03      8.267e-03      6.172e-05      1.113e+01      6.872e-01      1.228e-03   
      626            627         5.220e-02      1.685e-04      8.470e-03      3.961e-03      1.305e-04      1.184e+01      6.872e-01      3.961e-04   
      627            628         5.184e-02      3.645e-04      1.355e-02      1.555e-03      4.610e-05      1.184e+01      6.872e-01      3.961e-04   
      628            629         5.166e-02      1.828e-04      7.284e-03      1.193e-03      4.097e-05      1.184e+01      6.872e-01      3.961e-04   
      629            630         5.128e-02      3.727e-04      1.455e-02      1.605e-03      4.369e-05      1.184e+01      6.872e-01      3.961e-04   
      630            631         5.090e-02      3.806e-04      1.428e-02      1.534e-03      4.790e-05      1.184e+01      6.872e-01      3.961e-04   
      631            632         5.053e-02      3.768e-04      1.462e-02      1.552e-03      4.528e-05      1.184e+01      6.872e-01      3.961e-04   
      632            633         5.031e-02      2.125e-04      8.102e-03      1.129e-03      4.973e-05      1.184e+01      6.872e-01      3.961e-04   
      633            634         4.994e-02      3.779e-04      1.436e-02      1.370e-03      5.755e-05      1.184e+01      6.872e-01      3.961e-04   
      634            635         4.956e-02      3.795e-04      1.444e-02      1.381e-03      6.633e-05      1.184e+01      6.872e-01      3.961e-04   
      635            636         4.926e-02      2.998e-04      1.130e-02      1.105e-03      6.444e-05      1.184e+01      6.872e-01      3.961e-04   
      636            637         4.887e-02      3.818e-04      1.454e-02      1.386e-03      6.268e-05      1.184e+01      6.872e-01      3.961e-04   
      637            638         4.849e-02      3.830e-04      1.532e-02      1.440e-03      5.383e-05      1.184e+01      6.872e-01      3.961e-04   
      638            639         4.810e-02      3.899e-04      1.573e-02      1.460e-03      5.169e-05      1.184e+01      6.872e-01      3.961e-04   
      639            640         4.772e-02      3.780e-04      1.575e-02      1.531e-03      9.667e-05      1.184e+01      6.872e-01      3.961e-04   
      640            641         4.744e-02      2.847e-04      1.228e-02      1.276e-03      1.961e-04      1.184e+01      6.872e-01      3.961e-04   
      641            642         4.706e-02      3.744e-04      1.636e-02      1.615e-03      2.911e-04      1.184e+01      6.872e-01      3.961e-04   
      642            643         4.689e-02      1.711e-04      7.259e-03      1.174e-03      3.202e-04      1.184e+01      6.872e-01      3.961e-04   
      643            644         4.660e-02      2.909e-04      1.254e-02      1.168e-03      3.706e-04      1.184e+01      6.872e-01      3.961e-04   
      644            645         4.639e-02      2.166e-04      9.292e-03      9.916e-04      4.043e-04      1.184e+01      6.872e-01      3.961e-04   
      645            646         4.618e-02      2.045e-04      8.718e-03      8.755e-04      4.336e-04      1.184e+01      6.872e-01      3.961e-04   
      646            647         4.616e-02      1.983e-05      8.447e-04      8.315e-04      4.362e-04      1.184e+01      6.872e-01      3.961e-04   
      647            648         4.616e-02      2.771e-06      1.179e-04      8.252e-04      4.365e-04      1.184e+01      6.872e-01      3.961e-04   
      648            649         4.615e-02      1.195e-05      5.080e-04      7.994e-04      4.381e-04      1.184e+01      6.872e-01      3.961e-04   
      649            650         4.578e-02      3.644e-04      1.556e-02      1.362e-03      4.829e-04      1.184e+01      6.872e-01      3.961e-04   
  [it  650] bn 2.3309e-03  L 1.000  kappa 0.708  kMS 0.642  d_cc 1.044  d_pc 1.534  -> FAILS L
      650            651         4.571e-02      7.256e-05      3.206e-03      1.140e-03      4.922e-04      1.184e+01      6.872e-01      3.961e-04   
      651            652         4.535e-02      3.587e-04      1.639e-02      1.565e-03      5.357e-04      1.184e+01      6.872e-01      3.961e-04   
      652            653         4.521e-02      1.454e-04      7.002e-03      1.204e-03      5.537e-04      1.184e+01      6.872e-01      3.961e-04   
      653            654         4.512e-02      8.235e-05      4.083e-03      1.026e-03      5.632e-04      1.184e+01      6.872e-01      3.961e-04   
  [mem] RSS 7.70 GB  peak 7.70 GB
      654            655         4.508e-02      3.958e-05      1.928e-03      9.313e-04      5.677e-04      1.184e+01      6.872e-01      3.961e-04   
      655            656         4.504e-02      4.051e-05      1.945e-03      8.439e-04      5.722e-04      1.184e+01      6.872e-01      3.961e-04   
      656            657         4.503e-02      1.547e-05      7.561e-04      8.095e-04      5.739e-04      1.184e+01      6.872e-01      3.961e-04   
      657            658         4.491e-02      1.215e-04      5.930e-03      7.385e-04      5.870e-04      1.184e+01      6.872e-01      3.961e-04   
      658            659         4.490e-02      2.038e-06      1.001e-04      7.342e-04      5.872e-04      1.184e+01      6.872e-01      3.961e-04   
      659            660         4.485e-02      5.888e-05      2.850e-03      6.571e-04      5.934e-04      1.184e+01      6.872e-01      3.961e-04   
      660            661         4.479e-02      5.253e-05      2.606e-03      6.010e-04      5.987e-04      1.184e+01      6.872e-01      3.961e-04   
      661            662         4.474e-02      4.936e-05      2.409e-03      5.509e-04      6.038e-04      1.184e+01      6.872e-01      3.961e-04   
      662            663         4.470e-02      4.658e-05      2.239e-03      5.060e-04      6.088e-04      1.184e+01      6.872e-01      3.961e-04   
      663            664         4.468e-02      2.098e-05      1.006e-03      4.808e-04      6.111e-04      1.184e+01      6.872e-01      3.961e-04   
      664            665         4.465e-02      2.172e-05      1.038e-03      4.565e-04      6.134e-04      1.184e+01      6.872e-01      3.961e-04   
      665            666         4.462e-02      3.865e-05      1.847e-03      4.252e-04      6.177e-04      1.184e+01      6.872e-01      3.961e-04   
      666            667         4.461e-02      9.166e-06      4.369e-04      4.148e-04      6.187e-04      1.184e+01      6.872e-01      3.961e-04   
      667            668         4.458e-02      2.578e-05      1.229e-03      3.997e-04      6.215e-04      1.184e+01      6.872e-01      3.961e-04   
      668            669         4.458e-02      1.600e-06      7.617e-05      3.996e-04      6.217e-04      1.184e+01      6.872e-01      3.961e-04   
      669            670         4.446e-02      1.192e-04      5.644e-03      4.441e-04      6.351e-04      1.184e+01      6.872e-01      3.961e-04   
      670            671         4.446e-02      8.349e-07      4.092e-05      4.430e-04      6.351e-04      1.184e+01      6.872e-01      3.961e-04   
      671            672         4.446e-02      7.874e-07      3.859e-05      4.419e-04      6.352e-04      1.184e+01      6.872e-01      3.961e-04   
      672            673         4.445e-02      3.531e-06      1.730e-04      4.375e-04      6.356e-04      1.184e+01      6.872e-01      3.961e-04   
      673            674         4.443e-02      1.983e-05      9.705e-04      4.185e-04      6.378e-04      1.184e+01      6.872e-01      3.961e-04   
      674            675         4.439e-02      4.335e-05      2.140e-03      3.988e-04      6.427e-04      1.184e+01      6.872e-01      3.961e-04   
      675            676         4.405e-02      3.405e-04      1.729e-02      2.457e-03      6.809e-04      1.184e+01      6.872e-01      3.961e-04   
      676            677         4.372e-02      3.313e-04      1.539e-02      2.480e-03      7.201e-04      1.184e+01      6.872e-01      3.961e-04   
      677            678         4.340e-02      3.176e-04      2.018e-02      2.281e-03      5.940e-04      1.184e+01      6.872e-01      3.961e-04   
      678            679         4.313e-02      2.695e-04      1.355e-02      7.490e-03      7.111e-04      1.184e+01      6.872e-01      3.961e-04   
      679            680         4.290e-02      2.335e-04      1.492e-02      2.066e-03      6.166e-04      1.184e+01      6.872e-01      3.961e-04   
      680            681         4.260e-02      3.018e-04      1.577e-02      2.123e-03      7.160e-04      1.184e+01      6.872e-01      3.961e-04   
      681            682         4.240e-02      1.942e-04      9.638e-03      1.554e-03      7.590e-04      1.184e+01      6.872e-01      3.961e-04   
      682            683         4.233e-02      7.138e-05      4.007e-03      1.319e-03      7.761e-04      1.184e+01      6.872e-01      3.961e-04   
      683            684         4.211e-02      2.177e-04      1.223e-02      1.729e-03      8.268e-04      1.184e+01      6.872e-01      3.961e-04   
      684            685         4.208e-02      3.273e-05      1.820e-03      1.560e-03      8.312e-04      1.184e+01      6.872e-01      3.961e-04   
      685            686         4.206e-02      1.661e-05      9.251e-04      1.476e-03      8.333e-04      1.184e+01      6.872e-01      3.961e-04   
      686            687         4.206e-02      1.506e-06      8.383e-05      1.468e-03      8.335e-04      1.184e+01      6.872e-01      3.961e-04   
      687            688         4.179e-02      2.780e-04      1.569e-02      2.379e-03      8.654e-04      1.184e+01      6.872e-01      3.961e-04   
      688            690         4.175e-02      3.889e-05      2.042e-03      3.069e-03      8.782e-04      1.184e+01      6.872e-01      3.961e-04   
      689            691         4.172e-02      3.118e-05      1.842e-03      9.347e-04      8.565e-04      1.184e+01      6.872e-01      3.961e-04   
      690            692         4.159e-02      1.277e-04      7.320e-03      5.622e-04      8.570e-04      1.184e+01      6.872e-01      3.961e-04   
  [mem] RSS 7.70 GB  peak 7.70 GB
      691            693         4.136e-02      2.248e-04      1.220e-02      1.502e-03      8.858e-04      1.184e+01      6.872e-01      3.961e-04   
      692            694         4.122e-02      1.418e-04      8.022e-03      1.295e-03      8.975e-04      1.184e+01      6.872e-01      3.961e-04   
      693            695         4.116e-02      5.899e-05      3.592e-03      1.108e-03      9.022e-04      1.184e+01      6.872e-01      3.961e-04   
      694            696         4.112e-02      4.025e-05      2.405e-03      9.861e-04      9.068e-04      1.184e+01      6.872e-01      3.961e-04   
      695            697         4.108e-02      3.793e-05      2.257e-03      8.863e-04      9.108e-04      1.184e+01      6.872e-01      3.961e-04   
      696            698         4.084e-02      2.468e-04      1.491e-02      2.150e-03      9.271e-04      1.184e+01      6.872e-01      3.961e-04   
      697            699         4.060e-02      2.381e-04      1.368e-02      1.960e-03      9.111e-04      1.184e+01      6.872e-01      3.961e-04   
      698            700         4.037e-02      2.316e-04      1.333e-02      2.026e-03      9.147e-04      1.184e+01      6.872e-01      3.961e-04   
      699            701         4.032e-02      4.957e-05      3.016e-03      1.680e-03      9.153e-04      1.184e+01      6.872e-01      3.961e-04   
  [it  700] bn 2.1967e-03  L 1.000  kappa 0.717  kMS 0.641  d_cc 1.042  d_pc 1.568  -> FAILS L
      700            702         4.013e-02      1.917e-04      1.193e-02      1.824e-03      9.123e-04      1.184e+01      6.872e-01      3.961e-04   
      701            703         4.003e-02      9.389e-05      5.570e-03      1.405e-03      9.120e-04      1.184e+01      6.872e-01      3.961e-04   
      702            704         3.994e-02      9.311e-05      5.726e-03      1.172e-03      9.128e-04      1.184e+01      6.872e-01      3.961e-04   
      703            705         3.979e-02      1.521e-04      9.497e-03      1.324e-03      9.151e-04      1.184e+01      6.872e-01      3.961e-04   
      704            706         3.958e-02      2.046e-04      1.230e-02      1.866e-03      9.266e-04      1.184e+01      6.872e-01      3.961e-04   
      705            707         3.952e-02      5.949e-05      3.791e-03      1.477e-03      9.234e-04      1.184e+01      6.872e-01      3.961e-04   
      706            708         3.933e-02      1.970e-04      1.345e-02      1.974e-03      9.133e-04      1.184e+01      6.872e-01      3.961e-04   
      707            709         3.929e-02      3.360e-05      2.050e-03      1.683e-03      9.148e-04      1.184e+01      6.872e-01      3.961e-04   
      708            710         3.910e-02      1.883e-04      1.207e-02      1.835e-03      9.213e-04      1.184e+01      6.872e-01      3.961e-04   
      709            711         3.899e-02      1.087e-04      6.591e-03      1.347e-03      9.151e-04      1.184e+01      6.872e-01      3.961e-04   
      710            712         3.889e-02      1.020e-04      6.615e-03      1.131e-03      9.068e-04      1.184e+01      6.872e-01      3.961e-04   
      711            713         3.882e-02      6.885e-05      4.187e-03      9.504e-04      9.072e-04      1.184e+01      6.872e-01      3.961e-04   
      712            714         3.877e-02      5.035e-05      3.379e-03      8.217e-04      9.014e-04      1.184e+01      6.872e-01      3.961e-04   
      713            715         3.860e-02      1.759e-04      1.187e-02      1.711e-03      8.732e-04      1.184e+01      6.872e-01      3.961e-04   
      714            719         3.860e-02      2.644e-06      2.619e-04      8.979e-04      8.768e-04      1.184e+01      6.872e-01      3.961e-04   
      715            720         3.860e-02     -7.042e-07      5.162e-05      1.074e-02      8.913e-04      1.184e+01      6.872e-01      1.074e-03   
      716            721         3.860e-02      3.575e-07      1.225e-03      1.230e-03      7.435e-04      1.184e+01      6.872e-01      1.230e-04   
      717            722         3.860e-02      4.152e-07      1.644e-03      2.186e-04      4.621e-04      1.184e+01      6.872e-01      1.230e-04   
      718            723         3.857e-02      2.283e-05      1.883e-03      2.150e-04      3.335e-04      1.184e+01      6.872e-01      1.230e-04   
      719            724         3.847e-02      1.016e-04      7.128e-03      5.279e-04      2.783e-04      1.184e+01      6.872e-01      1.230e-04   
      720            725         3.846e-02      1.486e-05      9.818e-04      4.933e-04      2.771e-04      1.184e+01      6.872e-01      1.230e-04   
      721            726         3.833e-02      1.256e-04      8.359e-03      9.991e-04      2.680e-04      1.184e+01      6.872e-01      1.230e-04   
      722            727         3.817e-02      1.615e-04      1.118e-02      1.367e-03      2.441e-04      1.184e+01      6.872e-01      1.230e-04   
  [mem] RSS 7.70 GB  peak 7.70 GB
      723            728         3.801e-02      1.591e-04      1.019e-02      1.342e-03      2.372e-04      1.184e+01      6.872e-01      1.230e-04   
      724            729         3.796e-02      4.779e-05      3.086e-03      1.054e-03      2.364e-04      1.184e+01      6.872e-01      1.230e-04   
      725            730         3.781e-02      1.548e-04      9.756e-03      1.323e-03      2.354e-04      1.184e+01      6.872e-01      1.230e-04   
      726            731         3.765e-02      1.532e-04      1.046e-02      1.182e-03      2.574e-04      1.184e+01      6.872e-01      1.230e-04   
      727            732         3.751e-02      1.422e-04      9.624e-03      1.177e-03      2.770e-04      1.184e+01      6.872e-01      1.230e-04   
      728            733         3.748e-02      3.461e-05      2.378e-03      9.693e-04      2.792e-04      1.184e+01      6.872e-01      1.230e-04   
      729            734         3.733e-02      1.462e-04      1.012e-02      1.231e-03      2.950e-04      1.184e+01      6.872e-01      1.230e-04   
      730            735         3.721e-02      1.248e-04      8.362e-03      9.593e-04      3.081e-04      1.184e+01      6.872e-01      1.230e-04   
      731            736         3.706e-02      1.416e-04      9.747e-03      1.060e-03      3.141e-04      1.184e+01      6.872e-01      1.230e-04   
      732            737         3.705e-02      1.115e-05      7.299e-04      9.846e-04      3.168e-04      1.184e+01      6.872e-01      1.230e-04   
      733            738         3.703e-02      2.680e-05      1.787e-03      8.369e-04      3.235e-04      1.184e+01      6.872e-01      1.230e-04   
      734            739         3.699e-02      3.298e-05      2.176e-03      7.006e-04      3.281e-04      1.184e+01      6.872e-01      1.230e-04   
      735            740         3.695e-02      4.762e-05      3.176e-03      5.867e-04      3.348e-04      1.184e+01      6.872e-01      1.230e-04   
      736            741         3.681e-02      1.395e-04      9.432e-03      1.074e-03      3.434e-04      1.184e+01      6.872e-01      1.230e-04   
      737            742         3.677e-02      4.001e-05      2.683e-03      8.426e-04      3.378e-04      1.184e+01      6.872e-01      1.230e-04   
      738            743         3.663e-02      1.364e-04      9.253e-03      9.645e-04      3.243e-04      1.184e+01      6.872e-01      1.230e-04   
      739            744         3.658e-02      5.037e-05      3.441e-03      7.307e-04      3.194e-04      1.184e+01      6.872e-01      1.230e-04   
      740            745         3.654e-02      3.807e-05      2.626e-03      5.957e-04      3.179e-04      1.184e+01      6.872e-01      1.230e-04   
      741            746         3.649e-02      5.091e-05      3.595e-03      4.925e-04      3.169e-04      1.184e+01      6.872e-01      1.230e-04   
      742            747         3.646e-02      3.223e-05      2.273e-03      4.230e-04      3.182e-04      1.184e+01      6.872e-01      1.230e-04   
      743            748         3.632e-02      1.364e-04      9.875e-03      8.022e-04      3.263e-04      1.184e+01      6.872e-01      1.230e-04   
      744            749         3.618e-02      1.384e-04      1.007e-02      8.415e-04      3.211e-04      1.184e+01      6.872e-01      1.230e-04   
      745            750         3.617e-02      1.379e-05      1.185e-03      7.415e-04      3.221e-04      1.184e+01      6.872e-01      1.230e-04   
      746            751         3.613e-02      3.935e-05      3.315e-03      5.390e-04      3.255e-04      1.184e+01      6.872e-01      1.230e-04   
      747            752         3.613e-02      4.987e-06      3.952e-04      5.205e-04      3.260e-04      1.184e+01      6.872e-01      1.230e-04   
      748            753         3.610e-02      2.814e-05      2.235e-03      4.416e-04      3.288e-04      1.184e+01      6.872e-01      1.230e-04   
      749            754         3.596e-02      1.379e-04      1.073e-02      6.433e-04      3.837e-04      1.184e+01      6.872e-01      1.230e-04   
  [it  750] bn 2.0908e-03  L 1.000  kappa 0.715  kMS 0.630  d_cc 1.046  d_pc 1.637  -> FAILS L
      750            755         3.594e-02      1.827e-05      1.576e-03      5.695e-04      3.707e-04      1.184e+01      6.872e-01      1.230e-04   
      751            756         3.592e-02      2.439e-05      2.116e-03      4.901e-04      3.548e-04      1.184e+01      6.872e-01      1.230e-04   
      752            757         3.579e-02      1.230e-04      1.082e-02      6.710e-04      2.956e-04      1.184e+01      6.872e-01      1.230e-04   
      753            758         3.568e-02      1.117e-04      9.801e-03      5.735e-04      3.010e-04      1.184e+01      6.872e-01      1.230e-04   
      754            759         3.555e-02      1.290e-04      1.134e-02      6.588e-04      2.952e-04      1.184e+01      6.872e-01      1.230e-04   
      755            760         3.554e-02      8.361e-06      7.456e-04      6.190e-04      2.941e-04      1.184e+01      6.872e-01      1.230e-04   
  [mem] RSS 7.71 GB  peak 7.71 GB
      756            761         3.554e-02      1.999e-06      1.776e-04      6.095e-04      2.939e-04      1.184e+01      6.872e-01      1.230e-04   
      757            762         3.553e-02      1.036e-05      9.210e-04      5.650e-04      2.928e-04      1.184e+01      6.872e-01      1.230e-04   
      758            763         3.541e-02      1.259e-04      1.131e-02      6.906e-04      2.845e-04      1.184e+01      6.872e-01      1.230e-04   
      759            764         3.539e-02      2.015e-05      1.831e-03      5.991e-04      2.858e-04      1.184e+01      6.872e-01      1.230e-04   
      760            765         3.526e-02      1.241e-04      1.131e-02      7.236e-04      2.971e-04      1.184e+01      6.872e-01      1.230e-04   
      761            766         3.516e-02      1.022e-04      9.181e-03      6.644e-04      3.247e-04      1.184e+01      6.872e-01      1.230e-04   
      762            767         3.515e-02      1.307e-05      1.161e-03      6.027e-04      3.277e-04      1.184e+01      6.872e-01      1.230e-04   
      763            768         3.515e-02      1.891e-06      1.686e-04      5.936e-04      3.281e-04      1.184e+01      6.872e-01      1.230e-04   
      764            769         3.514e-02      2.413e-07      2.152e-05      5.925e-04      3.281e-04      1.184e+01      6.872e-01      1.230e-04   
      765            770         3.514e-02      5.002e-07      4.461e-05      5.901e-04      3.282e-04      1.184e+01      6.872e-01      1.230e-04   
      766            771         3.514e-02      3.875e-07      3.456e-05      5.882e-04      3.283e-04      1.184e+01      6.872e-01      1.230e-04   
      767            772         3.514e-02      7.438e-08      6.634e-06      5.879e-04      3.283e-04      1.184e+01      6.872e-01      1.230e-04   
      768            773         3.502e-02      1.206e-04      1.083e-02      7.474e-04      3.543e-04      1.184e+01      6.872e-01      1.230e-04   
      769            774         3.502e-02      1.478e-06      1.324e-04      7.383e-04      3.545e-04      1.184e+01      6.872e-01      1.230e-04   
      770            775         3.496e-02      6.619e-05      5.955e-03      5.431e-04      3.618e-04      1.184e+01      6.872e-01      1.230e-04   
      771            776         3.496e-02     -3.537e-07      6.146e-05      1.501e-04      3.610e-04      1.184e+01      6.872e-01      1.230e-04   
      772            777         3.495e-02      4.002e-06      3.626e-04      1.443e-04      3.608e-04      1.184e+01      6.872e-01      1.230e-04   
      773            778         3.495e-02      1.128e-06      1.017e-04      1.428e-04      3.607e-04      1.184e+01      6.872e-01      1.230e-04   
      774            779         3.484e-02      1.145e-04      1.039e-02      6.344e-04      3.583e-04      1.184e+01      6.872e-01      1.230e-04   
      775            780         3.472e-02      1.145e-04      1.077e-02      6.287e-04      3.690e-04      1.184e+01      6.872e-01      1.230e-04   
      776            781         3.461e-02      1.148e-04      1.189e-02      6.275e-04      3.621e-04      1.184e+01      6.872e-01      1.230e-04   
      777            782         3.453e-02      7.307e-05      7.862e-03      4.648e-04      3.518e-04      1.184e+01      6.872e-01      1.230e-04   
      778            783         3.441e-02      1.212e-04      1.313e-02      6.083e-04      3.430e-04      1.184e+01      6.872e-01      1.230e-04   
      779            784         3.429e-02      1.272e-04      1.414e-02      6.728e-04      3.204e-04      1.184e+01      6.872e-01      1.230e-04   
      780            785         3.415e-02      1.367e-04      1.483e-02      7.982e-04      3.037e-04      1.184e+01      6.872e-01      1.230e-04   
      781            786         3.400e-02      1.478e-04      1.601e-02      9.960e-04      2.857e-04      1.184e+01      6.872e-01      1.230e-04   
      782            787         3.384e-02      1.612e-04      1.698e-02      1.217e-03      2.943e-04      1.184e+01      6.872e-01      1.230e-04   
      783            788         3.372e-02      1.150e-04      1.211e-02      8.980e-04      2.966e-04      1.184e+01      6.872e-01      1.230e-04   
      784            789         3.355e-02      1.753e-04      1.836e-02      1.311e-03      2.986e-04      1.184e+01      6.872e-01      1.230e-04   
      785            790         3.340e-02      1.497e-04      1.543e-02      1.020e-03      2.788e-04      1.184e+01      6.872e-01      1.230e-04   
      786            791         3.321e-02      1.870e-04      1.933e-02      1.686e-03      2.914e-04      1.184e+01      6.872e-01      1.230e-04   
      787            792         3.310e-02      1.080e-04      1.067e-02      1.182e-03      3.227e-04      1.184e+01      6.872e-01      1.230e-04   
      788            793         3.291e-02      1.914e-04      1.959e-02      1.861e-03      3.349e-04      1.184e+01      6.872e-01      1.230e-04   
      789            794         3.273e-02      1.878e-04      1.916e-02      1.224e-03      3.283e-04      1.184e+01      6.872e-01      1.230e-04   
      790            795         3.253e-02      1.910e-04      2.005e-02      1.766e-03      3.552e-04      1.184e+01      6.872e-01      1.230e-04   
      791            796         3.238e-02      1.536e-04      1.612e-02      1.277e-03      3.411e-04      1.184e+01      6.872e-01      1.230e-04   
      792            797         3.219e-02      1.862e-04      2.014e-02      1.676e-03      3.442e-04      1.184e+01      6.872e-01      1.230e-04   
      793            798         3.201e-02      1.819e-04      1.975e-02      1.564e-03      3.525e-04      1.184e+01      6.872e-01      1.230e-04   
  [mem] RSS 7.71 GB  peak 7.71 GB
      794            799         3.185e-02      1.611e-04      1.819e-02      1.488e-03      2.993e-04      1.184e+01      6.872e-01      1.230e-04   
      795            800         3.168e-02      1.744e-04      2.003e-02      1.647e-03      3.031e-04      1.184e+01      6.872e-01      1.230e-04   
      796            801         3.151e-02      1.684e-04      1.946e-02      1.322e-03      3.276e-04      1.184e+01      6.872e-01      1.230e-04   
      797            802         3.135e-02      1.587e-04      1.987e-02      1.284e-03      3.052e-04      1.184e+01      6.872e-01      1.230e-04   
      798            803         3.120e-02      1.532e-04      1.896e-02      1.194e-03      2.979e-04      1.184e+01      6.872e-01      1.230e-04   
      799            804         3.105e-02      1.511e-04      1.875e-02      1.140e-03      3.372e-04      1.184e+01      6.872e-01      1.230e-04   
  [it  800] bn 1.9626e-03  L 1.000  kappa 0.719  kMS 0.634  d_cc 1.045  d_pc 1.675  -> FAILS L
      800            805         3.091e-02      1.406e-04      1.884e-02      1.016e-03      3.044e-04      1.184e+01      6.872e-01      1.230e-04   
Warning: Maximum number of iterations has been exceeded.
         Current function value: 3.091e-02
         Constraint violation: 3.044e-04
         Total delta_x: 2.795e+00
         Iterations: 800
         Function evaluations: 805
         Jacobian evaluations: 800
Timer: Solution time = 19.1 min
Timer: Avg time per step = 1.43 sec
==============================================================================================================
                                                                 Start  -->   End
Total (sum of squares):                                      1.122e+02  -->   3.091e-02, 
Maximum absolute Boundary normal field error:                1.378e-01  -->   3.321e-03 (T m^2)
Minimum absolute Boundary normal field error:                1.185e-04  -->   8.074e-08 (T m^2)
Average absolute Boundary normal field error:                5.542e-02  -->   8.663e-04 (T m^2)
Maximum absolute Boundary normal field error:                8.164e-01  -->   1.968e-02 (normalized)
Minimum absolute Boundary normal field error:                7.023e-04  -->   4.784e-07 (normalized)
Average absolute Boundary normal field error:                3.284e-01  -->   5.133e-03 (normalized)
Maximum Coil length:                                         3.885e+00  -->   5.153e+00 (m)
Minimum Coil length:                                         3.885e+00  -->   4.989e+00 (m)
Average Coil length:                                         3.885e+00  -->   5.112e+00 (m)
Maximum Coil length:                                         6.284e+00  -->   8.336e+00 (normalized)
Minimum Coil length:                                         6.284e+00  -->   8.071e+00 (normalized)
Average Coil length:                                         6.284e+00  -->   8.270e+00 (normalized)
Maximum Coil curvature:                                      4.579e+00  -->   8.377e+00 (m^-1)
Minimum Coil curvature:                                      0.000e+00  -->   0.000e+00 (m^-1)
Average Coil curvature:                                      1.412e+00  -->   1.328e+00 (m^-1)
Maximum Coil curvature:                                      2.831e+00  -->   5.179e+00 (normalized)
Minimum Coil curvature:                                      0.000e+00  -->   0.000e+00 (normalized)
Average Coil curvature:                                      8.727e-01  -->   8.207e-01 (normalized)
Maximum Coil mean squared curvature:                         2.863e+00  -->   3.561e+00 (m^-2)
Minimum Coil mean squared curvature:                         2.863e+00  -->   1.900e+00 (m^-2)
Average Coil mean squared curvature:                         2.863e+00  -->   2.725e+00 (m^-2)
Maximum Coil mean squared curvature:                         1.094e+00  -->   1.361e+00 (normalized)
Minimum Coil mean squared curvature:                         1.094e+00  -->   7.262e-01 (normalized)
Average Coil mean squared curvature:                         1.094e+00  -->   1.042e+00 (normalized)
Maximum Coil-coil distance penalty:                          0.000e+00  -->   3.044e-04 (dimensionless)
Minimum Coil-coil distance penalty:                          0.000e+00  -->   0.000e+00 (dimensionless)
Average Coil-coil distance penalty:                          0.000e+00  -->   5.637e-06 (dimensionless)
Maximum Plasma-coil distance penalty:                        0.000e+00  -->   0.000e+00 (dimensionless)
Minimum Plasma-coil distance penalty:                        0.000e+00  -->   0.000e+00 (dimensionless)
Average Plasma-coil distance penalty:                        0.000e+00  -->   0.000e+00 (dimensionless)
Summed coil current error:                                   0.000e+00  -->   0.000e+00 (A)
==============================================================================================================

  [mem] RSS 7.72 GB  peak 7.72 GB

SOLVER {'wall_s': 1174.9310455322266, 'message': 'Maximum number of iterations has been exceeded.', 'nit': 800, 'n_outer': 18, 'constr_violation': 0.000304389764502618, 'y_absmax_final': 0.6871915700729887}
START  bn 1.2234e-01  L 0.754  kappa 0.393  kMS 0.507  d_cc 1.380  d_pc 1.069  -> FEASIBLE
RESULT bn 1.9626e-03  L 1.000  kappa 0.719  kMS 0.634  d_cc 1.045  d_pc 1.675  linked 0  -> FAILS L  active ['L']
wrote work/ss_qa/stage2/result.h5, result.json, result.png
