E0929 17:51:42.319329 1711563 cuda_executor.cc:1743] Could not get kernel mode driver version: ( INVALID_ARGUMENT: Version does not match the format X.Y.Z )
E0929 17:51:42.332436 1711473 cuda_executor.cc:1743] Could not get kernel mode driver version: ( INVALID_ARGUMENT: Version does not match the format X.Y.Z )
DEVICE requested=gpu obtained=gpu (1x NVIDIA GeForce RTX 5070 Laptop GPU)
--field-term bn is blind to the current scale: holding the coil current SUM fixed
  [mem] RSS 0.83 GB  peak 0.83 GB
eq precise_QA (desc.examples) NFP 2 sym True L,M,N 8,8,8 dim_x 1462; start work/ss_qa/xyz/stage2/result.h5: 4 unique coils (FourierXYZCoil), 16 total
SETTINGS {'eq': 'precise_QA', 'start': 'work/ss_qa/xyz/stage2/result.h5', 'out': 'work/ss_qa/xyz/ss', 'bounds': '/home/singh/Documents/DESC2/coil_sandbox/bounds/precise_qa_sweep910.json', 'a': None, 'device': None, 'length_mult': 0.8, 'fix_coils': False, 'dry': False, 'field_term': 'bn', 'fix_current_sum': True, 'helicity': '1,0', 'qs_rho': '0.2,0.4,0.6,0.8,1.0', 'A_min': 5.5, 'A_max': 6.5, 'vol_band': 0.02, 'V0': None, 'bn_norm': None, 'qs_form': 'scale-invariant', 'iota_min': 0.4, 'kmin': 1, 'kmax': 4, 'maxiter': 100, 'ftol': 1e-06, 'xtol': 1e-06, 'gtol': 1e-08, 'max_tr': None, 'perturb_order': 2, 'solve_tol': 1e-10, 'tau_bn': 0.005, 'tau_qs': None, 'tau_qs_rel': 10.0, 'tau_A': 0.01, 'tau_V': 0.005, 'tau_iota': 0.01, 'tau_L': 0.01, 'tau_kappa': 0.01, 'tau_kms': 0.01, 'tau_dpc': 0.01, 'tau_dcc': 1e-06, 'dcc_backoff': 0.025, 'dpc_backoff': 0.02, 'no_arc_backoffs': False, 'eval_m': 25, 'eval_n': 25, 'plasma_m': 32, 'plasma_n': 32, 'coil_grid_n': 150, 'src_gl': 24, 'src_n': 100, 'bs_chunk': None, 'jac_chunk': None, 'dcc_k': 20000}
BOUNDS (judged, absolute) L 4.123  Ltot -  kappa 11.64  kms 5.648  convex -  planar -  dcc 0.08555  dpc 0.1711
ENFORCED L 4.123  Ltot -  kappa 11.64  kms 5.648  convex -  planar -  dcc 0.08768  dpc 0.1745
/home/singh/Documents/DESC2/coil_sandbox/vendor/desc/utils.py:590: UserWarning: Unequal number of field periods for grid 1 and basis 2.
  warnings.warn(msg, err)
/home/singh/Documents/DESC2/coil_sandbox/vendor/desc/utils.py:590: UserWarning: Unequal number of field periods for grid 1 and basis 2.
  warnings.warn(msg, err)
START physics  A 6.000  R0 1.0307  a 0.1718  iota [0.4197, 0.4202]  QS(Boozer, |B_nonsym|/<B>) rho 0.25 8.14e-05  rho 0.5 4.17e-05  rho 0.75 5.59e-05  rho 1 2.77e-04
START coils    bn 2.3037e-03 (max 8.819e-03)  L 1.000  kappa 0.437  kMS 0.909  d_cc 1.868  d_pc 1.452  linked 0  -> FAILS L
QS two-term rms at the start 0.0002046 -> tau_qs 0.002046
B.n normalization frozen at the start: 0.48316; volume band around V0 = 0.60032
quadrature scales s (expected; compare the s(qw) column): bn 6.283  qs 41.41  iota 1  kappa 0.3622  dcc 9.06e+04
/home/singh/Documents/DESC2/coil_sandbox/vendor/desc/utils.py:590: FutureWarning: constants is deprecated and will be removed in a future release. Users should not include constants in the arguments of their objective compute methods. Instead declare all the constants in the build method and use as self._constants.
  warnings.warn(msg, err)
/home/singh/Documents/DESC2/coil_sandbox/vendor/desc/utils.py:590: FutureWarning: constants is deprecated and will be removed in a future release. Users should not include constants in the arguments of their objective compute methods. Instead declare all the constants in the build method and use as self._constants.
  warnings.warn(msg, err)
/home/singh/Documents/DESC2/coil_sandbox/vendor/desc/utils.py:590: FutureWarning: constants is deprecated and will be removed in a future release. Users should not include constants in the arguments of their objective compute methods. Instead declare all the constants in the build method and use as self._constants.
  warnings.warn(msg, err)
/home/singh/Documents/DESC2/coil_sandbox/vendor/desc/utils.py:590: FutureWarning: constants is deprecated and will be removed in a future release. Users should not include constants in the arguments of their objective compute methods. Instead declare all the constants in the build method and use as self._constants.
  warnings.warn(msg, err)
/home/singh/Documents/DESC2/coil_sandbox/vendor/desc/utils.py:590: FutureWarning: constants is deprecated and will be removed in a future release. Users should not include constants in the arguments of their objective compute methods. Instead declare all the constants in the build method and use as self._constants.
  warnings.warn(msg, err)
/home/singh/Documents/DESC2/coil_sandbox/vendor/desc/utils.py:590: FutureWarning: constants is deprecated and will be removed in a future release. Users should not include constants in the arguments of their objective compute methods. Instead declare all the constants in the build method and use as self._constants.
  warnings.warn(msg, err)

TERMS AT THE START
term                             dim_f    weight     norm    s(qw)  target/bounds           raw min    raw max       cost  err/tol  share
Vacuum B.n error                  1326      31.8   0.4832    6.283  = 0                    -0.00307   0.003591     0.1391    0.527  96.5%
QS two-term (scale-invariant)     5445      11.8        -    41.41  = 0                   -0.001662   0.001662      0.005      0.1   3.5%
aspect ratio                         1      16.7        -        1  [5.5, 6.5]                    6          6          0        0   0.0%
rotational transform                20       250        -        1  [0.4, inf]               0.4197     0.4202          0        0   0.0%
volume                               1       333        -        1  [0.5883, 0.6123]         0.6003     0.6003          0        0   0.0%
coil length                          4      24.3        -        2  [0, 4.123]                4.123      4.123    2.6e-10 2.28e-05   0.0%
coil curvature                    1204      23.7        -   0.7243  [0, 11.64]              0.04829      5.088          0        0   0.0%
coil mean squared curvature          4      17.7        -        2  [0, 5.648]                4.826      5.136          0        0   0.0%
coil-coil distance penalty          36        11        -        6  [-inf, 0]                     0          0          0        0   0.0%
plasma-coil minimum distance         8       573        -    2.828  [0.1745, inf]            0.2488     0.3271          0        0   0.0%
total cost 0.5 sum f^2                                                                                                      0.1441

===== step k=1: 8 boundary modes free, maxiter 100 =====
Building objective: Vacuum B.n error
Precomputing transforms
Timer: Precomputing transforms = 21.5 ms
Building objective: QS two-term (scale-invariant)
Precomputing transforms
Timer: Precomputing transforms = 44.9 ms
Building objective: aspect ratio
Precomputing transforms
Timer: Precomputing transforms = 20.9 ms
Building objective: rotational transform
Precomputing transforms
Timer: Precomputing transforms = 22.5 ms
Building objective: volume
Precomputing transforms
Timer: Precomputing transforms = 20.6 ms
Building objective: coil length
Precomputing transforms
Timer: Precomputing transforms = 2.81 ms
Building objective: coil curvature
Precomputing transforms
Timer: Precomputing transforms = 3.43 ms
Building objective: coil mean squared curvature
Precomputing transforms
Timer: Precomputing transforms = 3.27 ms
Building objective: coil-coil distance penalty
Building objective: plasma-coil minimum distance
ObjectiveFunction deriv_mode : blocked
Vacuum B.n error jac_chunk_size: None
QS two-term (scale-invariant) jac_chunk_size: None
aspect ratio jac_chunk_size: None
rotational transform jac_chunk_size: None
volume jac_chunk_size: None
coil length jac_chunk_size: None
coil curvature jac_chunk_size: None
coil mean squared curvature jac_chunk_size: None
coil-coil distance penalty jac_chunk_size: None
plasma-coil minimum distance jac_chunk_size: None
Timer: Objective build = 266 ms
Building objective: force
Precomputing transforms
Timer: Precomputing transforms = 799 ms
ObjectiveFunction deriv_mode : batched
ObjectiveFunction jac_chunk_size: 4382
Timer: Objective build = 844 ms
ObjectiveFunction deriv_mode : blocked
lcfs R jac_chunk_size: None
lcfs Z jac_chunk_size: None
fixed Psi jac_chunk_size: None
fixed pressure jac_chunk_size: None
fixed current jac_chunk_size: None
fixed sheet current jac_chunk_size: None
self_consistency R jac_chunk_size: None
self_consistency Z jac_chunk_size: None
lambda gauge jac_chunk_size: None
axis R self consistency jac_chunk_size: None
axis Z self consistency jac_chunk_size: None
Timer: Objective build = 1.22 ms
Timer: Eq Update LinearConstraintProjection build = 3.84 sec
Timer: Proximal projection build = 36.9 sec
Building objective: lcfs R
Building objective: fixed Psi
Building objective: fixed pressure
Building objective: fixed current
Building objective: fixed sheet current
Building objective: lcfs Z
Building objective: summed coil current
Building objective: fixed shift
Building objective: fixed rotation
ObjectiveFunction deriv_mode : blocked
lcfs R jac_chunk_size: None
fixed Psi jac_chunk_size: None
fixed pressure jac_chunk_size: None
fixed current jac_chunk_size: None
fixed sheet current jac_chunk_size: None
lcfs Z jac_chunk_size: None
summed coil current jac_chunk_size: None
fixed shift jac_chunk_size: None
fixed rotation jac_chunk_size: None
Timer: Objective build = 1.24 sec
Timer: LinearConstraintProjection build = 3.02 sec
Number of parameters: 167
Number of objectives: 8049
Timer: Initializing the optimization = 41.3 sec

Starting optimization
Using method: proximal-lsq-exact
E0929 17:53:16.580721 1711473 cuda_fft.cc:256] Failed to make cuFFT batched plan: 5
E0929 17:53:16.580761 1711473 cuda_fft.cc:323] Initialize Params: rank: 1 elem_count: 301 input_embed: 301 input_stride: 1 input_distance: 301 output_embed: 301 output_stride: 1 output_distance: 301 batch_count: 4
E0929 17:53:16.580765 1711473 cuda_fft.cc:332] Failed to initialize batched cufft plan with customized allocator: Failed to make cuFFT batched plan.
E0929 17:53:16.581458 1711473 status_macros.cc:58] INTERNAL: RET_CHECK failure (external/xla/xla/backends/gpu/runtime/fft_thunk.cc:199) fft_plan != nullptr Failed to create cuFFT batched plan with scratch allocator
*** Begin stack trace ***
	
	
	
	
	
	
	
	
	
	
	
	
	
	
	
	
	
	
	
	
	
	
	PyObject_Vectorcall
	_PyEval_EvalFrameDefault
	_PyObject_FastCallDictTstate
	_PyObject_Call_Prepend
	
	_PyObject_Call
	_PyEval_EvalFrameDefault
	PyObject_Vectorcall
	
	
	PyObject_Vectorcall
	_PyEval_EvalFrameDefault
	
	_PyEval_EvalFrameDefault
	PyEval_EvalCode
	
	
	
	_PyRun_SimpleFileObject
	_PyRun_AnyFileObject
	Py_RunMain
	Py_BytesMain
	
	__libc_start_main
	
*** End stack trace ***

E0929 17:53:16.621313 1711473 autotuner.cc:197] Failed to autotune HLO: %input_reduce_fusion = f64[] fusion(%wrapped_multiply), kind=kInput, calls=%fused_reduce, metadata={op_name="jit(dot)/dot_general" stack_frame_id=5} with status: INTERNAL: CUDA error: Failed to enqueue async memset operation: CUDA_ERROR_ILLEGAL_ADDRESS: an illegal memory access was encountered
E0929 17:53:16.621610 1711473 cuda_executor.cc:1652] failed to query device memory info: INTERNAL: CUDA error: : CUDA_ERROR_ILLEGAL_ADDRESS: an illegal memory access was encountered
E0929 17:53:16.621627 1711473 se_gpu_pjrt_client.cc:1352] Failed to query available memory for GPU 0
Traceback (most recent call last):
  File "/home/singh/Documents/DESC2/coil_sandbox/single_stage.py", line 460, in <module>
    main()
  File "/home/singh/Documents/DESC2/coil_sandbox/single_stage.py", line 438, in main
    out, res = Optimizer("proximal-lsq-exact").optimize(
               ^^^^^^^^^^^^^^^^^^^^^^^^^^^^^^^^^^^^^^^^^
  File "/home/singh/Documents/DESC2/coil_sandbox/vendor/desc/optimize/optimizer.py", line 322, in optimize
    result = optimizers[method]["fun"](
             ^^^^^^^^^^^^^^^^^^^^^^^^^^
  File "/home/singh/Documents/DESC2/coil_sandbox/vendor/desc/optimize/_desc_wrappers.py", line 478, in _optimize_desc_least_squares
    result = lsqtr(
             ^^^^^^
  File "/home/singh/Documents/DESC2/coil_sandbox/vendor/desc/optimize/least_squares.py", line 188, in lsqtr
    cost = 0.5 * jnp.dot(f, f)
                 ^^^^^^^^^^^^^
jax.errors.JaxRuntimeError: INTERNAL: CUDA error: Failed to enqueue async memset operation: CUDA_ERROR_ILLEGAL_ADDRESS: an illegal memory access was encountered
--------------------
For simplicity, JAX has removed its internal frames from the traceback of the following exception. Set JAX_TRACEBACK_FILTERING=off to include these.
E0929 17:53:16.664142 1711473 cuda_executor.cc:279] [0] failed to unload module 0x5aec9842eeb0; leaking: INTERNAL: CUDA error: : CUDA_ERROR_ILLEGAL_ADDRESS: an illegal memory access was encountered
E0929 17:53:16.690302 1711473 cuda_executor.cc:279] [0] failed to unload module 0x77c2e00f3f90; leaking: INTERNAL: CUDA error: : CUDA_ERROR_ILLEGAL_ADDRESS: an illegal memory access was encountered
E0929 17:53:16.693172 1711473 cuda_executor.cc:279] [0] failed to unload module 0x5aec9ffa8eb0; leaking: INTERNAL: CUDA error: : CUDA_ERROR_ILLEGAL_ADDRESS: an illegal memory access was encountered
E0929 17:53:16.695246 1711473 cuda_executor.cc:279] [0] failed to unload module 0x5aeca0362260; leaking: INTERNAL: CUDA error: : CUDA_ERROR_ILLEGAL_ADDRESS: an illegal memory access was encountered
E0929 17:53:16.696070 1711473 cuda_executor.cc:279] [0] failed to unload module 0x5aec954e2ff0; leaking: INTERNAL: CUDA error: : CUDA_ERROR_ILLEGAL_ADDRESS: an illegal memory access was encountered
E0929 17:53:16.697896 1711473 cuda_executor.cc:279] [0] failed to unload module 0x5aec99074d50; leaking: INTERNAL: CUDA error: : CUDA_ERROR_ILLEGAL_ADDRESS: an illegal memory access was encountered
E0929 17:53:16.707358 1711473 cuda_executor.cc:279] [0] failed to unload module 0x5aec99606c50; leaking: INTERNAL: CUDA error: : CUDA_ERROR_ILLEGAL_ADDRESS: an illegal memory access was encountered
E0929 17:53:16.709332 1711473 cuda_executor.cc:279] [0] failed to unload module 0x5aeca07c8580; leaking: INTERNAL: CUDA error: : CUDA_ERROR_ILLEGAL_ADDRESS: an illegal memory access was encountered
E0929 17:53:16.723921 1711473 cuda_executor.cc:279] [0] failed to unload module 0x5aec96b67380; leaking: INTERNAL: CUDA error: : CUDA_ERROR_ILLEGAL_ADDRESS: an illegal memory access was encountered
E0929 17:53:16.726516 1711473 cuda_executor.cc:279] [0] failed to unload module 0x5aec9e147a20; leaking: INTERNAL: CUDA error: : CUDA_ERROR_ILLEGAL_ADDRESS: an illegal memory access was encountered
E0929 17:53:16.812613 1711473 cuda_executor.cc:279] [0] failed to unload module 0x5aeca0320860; leaking: INTERNAL: CUDA error: : CUDA_ERROR_ILLEGAL_ADDRESS: an illegal memory access was encountered
E0929 17:53:16.835396 1711473 cuda_executor.cc:279] [0] failed to unload module 0x5aec9973aa70; leaking: INTERNAL: CUDA error: : CUDA_ERROR_ILLEGAL_ADDRESS: an illegal memory access was encountered
E0929 17:53:16.842504 1711473 cuda_executor.cc:279] [0] failed to unload module 0x5aeca08f0250; leaking: INTERNAL: CUDA error: : CUDA_ERROR_ILLEGAL_ADDRESS: an illegal memory access was encountered
E0929 17:53:16.854452 1711473 cuda_executor.cc:279] [0] failed to unload module 0x5aec9794da20; leaking: INTERNAL: CUDA error: : CUDA_ERROR_ILLEGAL_ADDRESS: an illegal memory access was encountered
E0929 17:53:16.855481 1711473 cuda_executor.cc:279] [0] failed to unload module 0x5aec99111ea0; leaking: INTERNAL: CUDA error: : CUDA_ERROR_ILLEGAL_ADDRESS: an illegal memory access was encountered
E0929 17:53:16.856881 1711473 cuda_executor.cc:279] [0] failed to unload module 0x5aec97ea4430; leaking: INTERNAL: CUDA error: : CUDA_ERROR_ILLEGAL_ADDRESS: an illegal memory access was encountered
E0929 17:53:16.857547 1711473 cuda_executor.cc:279] [0] failed to unload module 0x5aec9f012f10; leaking: INTERNAL: CUDA error: : CUDA_ERROR_ILLEGAL_ADDRESS: an illegal memory access was encountered
E0929 17:53:16.858329 1711473 cuda_executor.cc:279] [0] failed to unload module 0x5aec94ab0770; leaking: INTERNAL: CUDA error: : CUDA_ERROR_ILLEGAL_ADDRESS: an illegal memory access was encountered
E0929 17:53:16.859082 1711473 cuda_executor.cc:279] [0] failed to unload module 0x5aeca01bf9b0; leaking: INTERNAL: CUDA error: : CUDA_ERROR_ILLEGAL_ADDRESS: an illegal memory access was encountered
E0929 17:53:16.864679 1711473 cuda_executor.cc:279] [0] failed to unload module 0x5aec9f64e130; leaking: INTERNAL: CUDA error: : CUDA_ERROR_ILLEGAL_ADDRESS: an illegal memory access was encountered
E0929 17:53:16.869904 1711473 cuda_executor.cc:279] [0] failed to unload module 0x5aec98394de0; leaking: INTERNAL: CUDA error: : CUDA_ERROR_ILLEGAL_ADDRESS: an illegal memory access was encountered
E0929 17:53:16.874322 1711473 cuda_executor.cc:279] [0] failed to unload module 0x5aec98a0de40; leaking: INTERNAL: CUDA error: : CUDA_ERROR_ILLEGAL_ADDRESS: an illegal memory access was encountered
E0929 17:53:16.875704 1711473 cuda_executor.cc:279] [0] failed to unload module 0x77c3081dd850; leaking: INTERNAL: CUDA error: : CUDA_ERROR_ILLEGAL_ADDRESS: an illegal memory access was encountered
E0929 17:53:16.886557 1711473 cuda_executor.cc:279] [0] failed to unload module 0x5aec9913ed10; leaking: INTERNAL: CUDA error: : CUDA_ERROR_ILLEGAL_ADDRESS: an illegal memory access was encountered
E0929 17:53:16.887771 1711473 cuda_executor.cc:279] [0] failed to unload module 0x5aec9884b9f0; leaking: INTERNAL: CUDA error: : CUDA_ERROR_ILLEGAL_ADDRESS: an illegal memory access was encountered
E0929 17:53:16.904254 1711473 cuda_executor.cc:279] [0] failed to unload module 0x5aec9fba6b70; leaking: INTERNAL: CUDA error: : CUDA_ERROR_ILLEGAL_ADDRESS: an illegal memory access was encountered
E0929 17:53:16.928886 1711473 cuda_executor.cc:279] [0] failed to unload module 0x5aec951fc190; leaking: INTERNAL: CUDA error: : CUDA_ERROR_ILLEGAL_ADDRESS: an illegal memory access was encountered
E0929 17:53:16.947794 1711473 cuda_executor.cc:279] [0] failed to unload module 0x5aec9794ddc0; leaking: INTERNAL: CUDA error: : CUDA_ERROR_ILLEGAL_ADDRESS: an illegal memory access was encountered
E0929 17:53:16.951607 1711473 cuda_executor.cc:279] [0] failed to unload module 0x5aec9f0513a0; leaking: INTERNAL: CUDA error: : CUDA_ERROR_ILLEGAL_ADDRESS: an illegal memory access was encountered
E0929 17:53:16.979109 1711473 cuda_executor.cc:279] [0] failed to unload module 0x5aec98a98080; leaking: INTERNAL: CUDA error: : CUDA_ERROR_ILLEGAL_ADDRESS: an illegal memory access was encountered
E0929 17:53:16.986986 1711473 cuda_executor.cc:279] [0] failed to unload module 0x5aec94e9f010; leaking: INTERNAL: CUDA error: : CUDA_ERROR_ILLEGAL_ADDRESS: an illegal memory access was encountered
E0929 17:53:17.008068 1711473 cuda_executor.cc:279] [0] failed to unload module 0x5aec9f894100; leaking: INTERNAL: CUDA error: : CUDA_ERROR_ILLEGAL_ADDRESS: an illegal memory access was encountered
E0929 17:53:17.013361 1711473 cuda_executor.cc:279] [0] failed to unload module 0x5aec952cadc0; leaking: INTERNAL: CUDA error: : CUDA_ERROR_ILLEGAL_ADDRESS: an illegal memory access was encountered
E0929 17:53:17.022709 1711473 cuda_executor.cc:279] [0] failed to unload module 0x5aec996cb120; leaking: INTERNAL: CUDA error: : CUDA_ERROR_ILLEGAL_ADDRESS: an illegal memory access was encountered
E0929 17:53:17.025888 1711473 cuda_executor.cc:279] [0] failed to unload module 0x5aeca0aef6e0; leaking: INTERNAL: CUDA error: : CUDA_ERROR_ILLEGAL_ADDRESS: an illegal memory access was encountered
E0929 17:53:17.030843 1711473 cuda_executor.cc:279] [0] failed to unload module 0x5aec9fd865e0; leaking: INTERNAL: CUDA error: : CUDA_ERROR_ILLEGAL_ADDRESS: an illegal memory access was encountered
E0929 17:53:17.042446 1711473 cuda_executor.cc:279] [0] failed to unload module 0x5aec94a5d0b0; leaking: INTERNAL: CUDA error: : CUDA_ERROR_ILLEGAL_ADDRESS: an illegal memory access was encountered
E0929 17:53:17.046790 1711473 cuda_executor.cc:279] [0] failed to unload module 0x5aec955df030; leaking: INTERNAL: CUDA error: : CUDA_ERROR_ILLEGAL_ADDRESS: an illegal memory access was encountered
E0929 17:53:17.048106 1711473 cuda_executor.cc:279] [0] failed to unload module 0x5aec94be0aa0; leaking: INTERNAL: CUDA error: : CUDA_ERROR_ILLEGAL_ADDRESS: an illegal memory access was encountered
E0929 17:53:17.050918 1711473 cuda_executor.cc:279] [0] failed to unload module 0x5aec949c6d50; leaking: INTERNAL: CUDA error: : CUDA_ERROR_ILLEGAL_ADDRESS: an illegal memory access was encountered
E0929 17:53:17.136698 1711473 cuda_executor.cc:603] [0] error deallocating host memory at 0x204c03600: INTERNAL: CUDA error: : CUDA_ERROR_ILLEGAL_ADDRESS: an illegal memory access was encountered
E0929 17:53:17.142783 1711473 cuda_executor.cc:603] [0] error deallocating host memory at 0x204c03800: INTERNAL: CUDA error: : CUDA_ERROR_ILLEGAL_ADDRESS: an illegal memory access was encountered
E0929 17:53:17.145674 1711473 cuda_executor.cc:279] [0] failed to unload module 0x5aecd59150e0; leaking: INTERNAL: CUDA error: : CUDA_ERROR_ILLEGAL_ADDRESS: an illegal memory access was encountered
E0929 17:53:17.304822 1711473 cuda_executor.cc:603] [0] error deallocating host memory at 0x204c05200: INTERNAL: CUDA error: : CUDA_ERROR_ILLEGAL_ADDRESS: an illegal memory access was encountered
E0929 17:53:17.310352 1711473 cuda_executor.cc:603] [0] error deallocating host memory at 0x204c05400: INTERNAL: CUDA error: : CUDA_ERROR_ILLEGAL_ADDRESS: an illegal memory access was encountered
E0929 17:53:17.315291 1711473 cuda_executor.cc:603] [0] error deallocating host memory at 0x204c05800: INTERNAL: CUDA error: : CUDA_ERROR_ILLEGAL_ADDRESS: an illegal memory access was encountered
E0929 17:53:17.315351 1711473 cuda_executor.cc:603] [0] error deallocating host memory at 0x204c05600: INTERNAL: CUDA error: : CUDA_ERROR_ILLEGAL_ADDRESS: an illegal memory access was encountered
E0929 17:53:17.320438 1711473 cuda_executor.cc:603] [0] error deallocating host memory at 0x204c05a00: INTERNAL: CUDA error: : CUDA_ERROR_ILLEGAL_ADDRESS: an illegal memory access was encountered
E0929 17:53:17.325883 1711473 cuda_executor.cc:603] [0] error deallocating host memory at 0x204c05c00: INTERNAL: CUDA error: : CUDA_ERROR_ILLEGAL_ADDRESS: an illegal memory access was encountered
E0929 17:53:17.327859 1711473 cuda_executor.cc:279] [0] failed to unload module 0x5aed07feb730; leaking: INTERNAL: CUDA error: : CUDA_ERROR_ILLEGAL_ADDRESS: an illegal memory access was encountered
E0929 17:53:17.365779 1711473 cuda_executor.cc:603] [0] error deallocating host memory at 0x204c03a00: INTERNAL: CUDA error: : CUDA_ERROR_ILLEGAL_ADDRESS: an illegal memory access was encountered
E0929 17:53:17.366412 1711473 cuda_executor.cc:603] [0] error deallocating host memory at 0x204c03c00: INTERNAL: CUDA error: : CUDA_ERROR_ILLEGAL_ADDRESS: an illegal memory access was encountered
E0929 17:53:17.366561 1711473 cuda_executor.cc:279] [0] failed to unload module 0x5aecd591eb70; leaking: INTERNAL: CUDA error: : CUDA_ERROR_ILLEGAL_ADDRESS: an illegal memory access was encountered
E0929 17:53:17.509036 1711473 cuda_executor.cc:603] [0] error deallocating host memory at 0x204c00800: INTERNAL: CUDA error: : CUDA_ERROR_ILLEGAL_ADDRESS: an illegal memory access was encountered
E0929 17:53:17.512389 1711473 cuda_executor.cc:279] [0] failed to unload module 0x5aec7b43a8c0; leaking: INTERNAL: CUDA error: : CUDA_ERROR_ILLEGAL_ADDRESS: an illegal memory access was encountered
E0929 17:53:17.518764 1711473 cuda_executor.cc:279] [0] failed to unload module 0x5aec7f11cdb0; leaking: INTERNAL: CUDA error: : CUDA_ERROR_ILLEGAL_ADDRESS: an illegal memory access was encountered
E0929 17:53:17.518928 1711473 cuda_executor.cc:279] [0] failed to unload module 0x5aec79e93400; leaking: INTERNAL: CUDA error: : CUDA_ERROR_ILLEGAL_ADDRESS: an illegal memory access was encountered
E0929 17:53:17.519110 1711473 cuda_executor.cc:279] [0] failed to unload module 0x5aec7abb1e00; leaking: INTERNAL: CUDA error: : CUDA_ERROR_ILLEGAL_ADDRESS: an illegal memory access was encountered
E0929 17:53:17.525070 1711473 cuda_executor.cc:603] [0] error deallocating host memory at 0x204c00a00: INTERNAL: CUDA error: : CUDA_ERROR_ILLEGAL_ADDRESS: an illegal memory access was encountered
E0929 17:53:17.531548 1711473 cuda_executor.cc:279] [0] failed to unload module 0x5aec80b95450; leaking: INTERNAL: CUDA error: : CUDA_ERROR_ILLEGAL_ADDRESS: an illegal memory access was encountered
E0929 17:53:17.538051 1711473 cuda_executor.cc:603] [0] error deallocating host memory at 0x204c00c00: INTERNAL: CUDA error: : CUDA_ERROR_ILLEGAL_ADDRESS: an illegal memory access was encountered
E0929 17:53:17.544589 1711473 cuda_executor.cc:279] [0] failed to unload module 0x5aec84e07fa0; leaking: INTERNAL: CUDA error: : CUDA_ERROR_ILLEGAL_ADDRESS: an illegal memory access was encountered
E0929 17:53:17.547880 1711473 cuda_executor.cc:603] [0] error deallocating host memory at 0x204c00e00: INTERNAL: CUDA error: : CUDA_ERROR_ILLEGAL_ADDRESS: an illegal memory access was encountered
E0929 17:53:17.547888 1711473 cuda_executor.cc:279] [0] failed to unload module 0x5aec8761b630; leaking: INTERNAL: CUDA error: : CUDA_ERROR_ILLEGAL_ADDRESS: an illegal memory access was encountered
E0929 17:53:17.548457 1711473 cuda_executor.cc:279] [0] failed to unload module 0x5aec8331a470; leaking: INTERNAL: CUDA error: : CUDA_ERROR_ILLEGAL_ADDRESS: an illegal memory access was encountered
E0929 17:53:17.548899 1711473 cuda_executor.cc:603] [0] error deallocating host memory at 0x204c01200: INTERNAL: CUDA error: : CUDA_ERROR_ILLEGAL_ADDRESS: an illegal memory access was encountered
E0929 17:53:17.549120 1711473 cuda_executor.cc:279] [0] failed to unload module 0x5aec87de4000; leaking: INTERNAL: CUDA error: : CUDA_ERROR_ILLEGAL_ADDRESS: an illegal memory access was encountered
E0929 17:53:17.549855 1711473 cuda_executor.cc:279] [0] failed to unload module 0x5aec8485dc70; leaking: INTERNAL: CUDA error: : CUDA_ERROR_ILLEGAL_ADDRESS: an illegal memory access was encountered
E0929 17:53:17.550349 1711473 cuda_executor.cc:603] [0] error deallocating host memory at 0x204c01400: INTERNAL: CUDA error: : CUDA_ERROR_ILLEGAL_ADDRESS: an illegal memory access was encountered
E0929 17:53:17.550356 1711473 cuda_executor.cc:279] [0] failed to unload module 0x5aec87f78e70; leaking: INTERNAL: CUDA error: : CUDA_ERROR_ILLEGAL_ADDRESS: an illegal memory access was encountered
E0929 17:53:17.552336 1711473 cuda_executor.cc:279] [0] failed to unload module 0x5aec8a60db90; leaking: INTERNAL: CUDA error: : CUDA_ERROR_ILLEGAL_ADDRESS: an illegal memory access was encountered
E0929 17:53:17.553507 1711473 cuda_executor.cc:279] [0] failed to unload module 0x5aec9427a9a0; leaking: INTERNAL: CUDA error: : CUDA_ERROR_ILLEGAL_ADDRESS: an illegal memory access was encountered
E0929 17:53:17.554045 1711473 cuda_executor.cc:279] [0] failed to unload module 0x5aec8779d2c0; leaking: INTERNAL: CUDA error: : CUDA_ERROR_ILLEGAL_ADDRESS: an illegal memory access was encountered
E0929 17:53:17.554331 1711473 cuda_executor.cc:279] [0] failed to unload module 0x5aec955a3c70; leaking: INTERNAL: CUDA error: : CUDA_ERROR_ILLEGAL_ADDRESS: an illegal memory access was encountered
E0929 17:53:17.554804 1711473 cuda_executor.cc:279] [0] failed to unload module 0x5aec960d9d30; leaking: INTERNAL: CUDA error: : CUDA_ERROR_ILLEGAL_ADDRESS: an illegal memory access was encountered
E0929 17:53:17.555172 1711473 cuda_executor.cc:279] [0] failed to unload module 0x5aec9cf731f0; leaking: INTERNAL: CUDA error: : CUDA_ERROR_ILLEGAL_ADDRESS: an illegal memory access was encountered
E0929 17:53:17.556171 1711473 cuda_executor.cc:279] [0] failed to unload module 0x5aec99b64af0; leaking: INTERNAL: CUDA error: : CUDA_ERROR_ILLEGAL_ADDRESS: an illegal memory access was encountered
E0929 17:53:17.556914 1711473 cuda_executor.cc:279] [0] failed to unload module 0x5aeca0e58c10; leaking: INTERNAL: CUDA error: : CUDA_ERROR_ILLEGAL_ADDRESS: an illegal memory access was encountered
E0929 17:53:17.557874 1711473 cuda_executor.cc:279] [0] failed to unload module 0x5aeca27e6000; leaking: INTERNAL: CUDA error: : CUDA_ERROR_ILLEGAL_ADDRESS: an illegal memory access was encountered
E0929 17:53:17.558463 1711473 cuda_executor.cc:279] [0] failed to unload module 0x5aeca2c77280; leaking: INTERNAL: CUDA error: : CUDA_ERROR_ILLEGAL_ADDRESS: an illegal memory access was encountered
E0929 17:53:17.558864 1711473 cuda_executor.cc:279] [0] failed to unload module 0x5aec9cec7c10; leaking: INTERNAL: CUDA error: : CUDA_ERROR_ILLEGAL_ADDRESS: an illegal memory access was encountered
E0929 17:53:17.560263 1711473 cuda_executor.cc:279] [0] failed to unload module 0x5aeca61b77c0; leaking: INTERNAL: CUDA error: : CUDA_ERROR_ILLEGAL_ADDRESS: an illegal memory access was encountered
E0929 17:53:17.561407 1711473 cuda_executor.cc:279] [0] failed to unload module 0x5aec79c6fbe0; leaking: INTERNAL: CUDA error: : CUDA_ERROR_ILLEGAL_ADDRESS: an illegal memory access was encountered
E0929 17:53:17.561688 1711473 cuda_executor.cc:279] [0] failed to unload module 0x5aeca7100f10; leaking: INTERNAL: CUDA error: : CUDA_ERROR_ILLEGAL_ADDRESS: an illegal memory access was encountered
E0929 17:53:17.562378 1711473 cuda_executor.cc:279] [0] failed to unload module 0x5aeca9335200; leaking: INTERNAL: CUDA error: : CUDA_ERROR_ILLEGAL_ADDRESS: an illegal memory access was encountered
E0929 17:53:17.563745 1711473 cuda_executor.cc:603] [0] error deallocating host memory at 0x204c01a00: INTERNAL: CUDA error: : CUDA_ERROR_ILLEGAL_ADDRESS: an illegal memory access was encountered
E0929 17:53:17.564031 1711473 cuda_executor.cc:603] [0] error deallocating host memory at 0x204c01800: INTERNAL: CUDA error: : CUDA_ERROR_ILLEGAL_ADDRESS: an illegal memory access was encountered
E0929 17:53:17.564466 1711473 cuda_executor.cc:279] [0] failed to unload module 0x77c3040742c0; leaking: INTERNAL: CUDA error: : CUDA_ERROR_ILLEGAL_ADDRESS: an illegal memory access was encountered
E0929 17:53:17.565771 1711473 cuda_executor.cc:279] [0] failed to unload module 0x5aeca9be22e0; leaking: INTERNAL: CUDA error: : CUDA_ERROR_ILLEGAL_ADDRESS: an illegal memory access was encountered
E0929 17:53:17.566329 1711473 cuda_executor.cc:279] [0] failed to unload module 0x5aec80978570; leaking: INTERNAL: CUDA error: : CUDA_ERROR_ILLEGAL_ADDRESS: an illegal memory access was encountered
E0929 17:53:17.567102 1711473 cuda_executor.cc:279] [0] failed to unload module 0x5aec61e60720; leaking: INTERNAL: CUDA error: : CUDA_ERROR_ILLEGAL_ADDRESS: an illegal memory access was encountered
E0929 17:53:17.567709 1711473 cuda_executor.cc:279] [0] failed to unload module 0x5aeca0bafd00; leaking: INTERNAL: CUDA error: : CUDA_ERROR_ILLEGAL_ADDRESS: an illegal memory access was encountered
E0929 17:53:17.567853 1711473 cuda_executor.cc:279] [0] failed to unload module 0x5aec9bdcd770; leaking: INTERNAL: CUDA error: : CUDA_ERROR_ILLEGAL_ADDRESS: an illegal memory access was encountered
E0929 17:53:17.567984 1711473 cuda_executor.cc:279] [0] failed to unload module 0x5aec7704e570; leaking: INTERNAL: CUDA error: : CUDA_ERROR_ILLEGAL_ADDRESS: an illegal memory access was encountered
E0929 17:53:17.568654 1711473 cuda_executor.cc:279] [0] failed to unload module 0x5aec996cb3f0; leaking: INTERNAL: CUDA error: : CUDA_ERROR_ILLEGAL_ADDRESS: an illegal memory access was encountered
E0929 17:53:17.569064 1711473 cuda_executor.cc:279] [0] failed to unload module 0x5aec9d88bce0; leaking: INTERNAL: CUDA error: : CUDA_ERROR_ILLEGAL_ADDRESS: an illegal memory access was encountered
E0929 17:53:17.569469 1711473 cuda_executor.cc:279] [0] failed to unload module 0x5aec9e227320; leaking: INTERNAL: CUDA error: : CUDA_ERROR_ILLEGAL_ADDRESS: an illegal memory access was encountered
E0929 17:53:17.569945 1711473 cuda_executor.cc:279] [0] failed to unload module 0x5aec9c78a930; leaking: INTERNAL: CUDA error: : CUDA_ERROR_ILLEGAL_ADDRESS: an illegal memory access was encountered
E0929 17:53:17.570296 1711473 cuda_executor.cc:279] [0] failed to unload module 0x5aeca2101ba0; leaking: INTERNAL: CUDA error: : CUDA_ERROR_ILLEGAL_ADDRESS: an illegal memory access was encountered
E0929 17:53:17.570644 1711473 cuda_executor.cc:279] [0] failed to unload module 0x5aeca2cffd00; leaking: INTERNAL: CUDA error: : CUDA_ERROR_ILLEGAL_ADDRESS: an illegal memory access was encountered
E0929 17:53:17.570900 1711473 cuda_executor.cc:279] [0] failed to unload module 0x5aeca3707dc0; leaking: INTERNAL: CUDA error: : CUDA_ERROR_ILLEGAL_ADDRESS: an illegal memory access was encountered
E0929 17:53:17.571235 1711473 cuda_executor.cc:279] [0] failed to unload module 0x5aeca190ae90; leaking: INTERNAL: CUDA error: : CUDA_ERROR_ILLEGAL_ADDRESS: an illegal memory access was encountered
E0929 17:53:17.572355 1711473 cuda_executor.cc:279] [0] failed to unload module 0x5aec863ce150; leaking: INTERNAL: CUDA error: : CUDA_ERROR_ILLEGAL_ADDRESS: an illegal memory access was encountered
E0929 17:53:17.572979 1711473 cuda_executor.cc:279] [0] failed to unload module 0x5aec6acb8890; leaking: INTERNAL: CUDA error: : CUDA_ERROR_ILLEGAL_ADDRESS: an illegal memory access was encountered
E0929 17:53:17.573446 1711473 cuda_executor.cc:603] [0] error deallocating host memory at 0x204c02000: INTERNAL: CUDA error: : CUDA_ERROR_ILLEGAL_ADDRESS: an illegal memory access was encountered
E0929 17:53:17.573638 1711473 cuda_executor.cc:279] [0] failed to unload module 0x5aecb3c4ada0; leaking: INTERNAL: CUDA error: : CUDA_ERROR_ILLEGAL_ADDRESS: an illegal memory access was encountered
E0929 17:53:17.574111 1711473 cuda_executor.cc:603] [0] error deallocating host memory at 0x204c02200: INTERNAL: CUDA error: : CUDA_ERROR_ILLEGAL_ADDRESS: an illegal memory access was encountered
E0929 17:53:17.574460 1711473 cuda_executor.cc:279] [0] failed to unload module 0x5aecb423d280; leaking: INTERNAL: CUDA error: : CUDA_ERROR_ILLEGAL_ADDRESS: an illegal memory access was encountered
E0929 17:53:17.575169 1711473 cuda_executor.cc:279] [0] failed to unload module 0x5aecb3f37ac0; leaking: INTERNAL: CUDA error: : CUDA_ERROR_ILLEGAL_ADDRESS: an illegal memory access was encountered
E0929 17:53:17.575485 1711473 cuda_executor.cc:279] [0] failed to unload module 0x5aec7b2a73d0; leaking: INTERNAL: CUDA error: : CUDA_ERROR_ILLEGAL_ADDRESS: an illegal memory access was encountered
E0929 17:53:17.575981 1711473 cuda_executor.cc:279] [0] failed to unload module 0x5aec85121450; leaking: INTERNAL: CUDA error: : CUDA_ERROR_ILLEGAL_ADDRESS: an illegal memory access was encountered
E0929 17:53:17.576619 1711473 cuda_executor.cc:279] [0] failed to unload module 0x5aecb5e08340; leaking: INTERNAL: CUDA error: : CUDA_ERROR_ILLEGAL_ADDRESS: an illegal memory access was encountered
E0929 17:53:17.577245 1711473 cuda_executor.cc:279] [0] failed to unload module 0x5aec6977daf0; leaking: INTERNAL: CUDA error: : CUDA_ERROR_ILLEGAL_ADDRESS: an illegal memory access was encountered
E0929 17:53:17.577650 1711473 cuda_executor.cc:279] [0] failed to unload module 0x5aec6a6471a0; leaking: INTERNAL: CUDA error: : CUDA_ERROR_ILLEGAL_ADDRESS: an illegal memory access was encountered
E0929 17:53:17.578122 1711473 cuda_executor.cc:279] [0] failed to unload module 0x5aec76161640; leaking: INTERNAL: CUDA error: : CUDA_ERROR_ILLEGAL_ADDRESS: an illegal memory access was encountered
E0929 17:53:17.578508 1711473 cuda_executor.cc:279] [0] failed to unload module 0x5aec6a52d9b0; leaking: INTERNAL: CUDA error: : CUDA_ERROR_ILLEGAL_ADDRESS: an illegal memory access was encountered
E0929 17:53:17.578832 1711473 cuda_executor.cc:279] [0] failed to unload module 0x5aec6add2d40; leaking: INTERNAL: CUDA error: : CUDA_ERROR_ILLEGAL_ADDRESS: an illegal memory access was encountered
E0929 17:53:17.579737 1711473 cuda_executor.cc:279] [0] failed to unload module 0x5aecb52233b0; leaking: INTERNAL: CUDA error: : CUDA_ERROR_ILLEGAL_ADDRESS: an illegal memory access was encountered
E0929 17:53:17.580331 1711473 cuda_executor.cc:279] [0] failed to unload module 0x5aeca3832100; leaking: INTERNAL: CUDA error: : CUDA_ERROR_ILLEGAL_ADDRESS: an illegal memory access was encountered
E0929 17:53:17.580864 1711473 cuda_executor.cc:279] [0] failed to unload module 0x5aec6ba2fd40; leaking: INTERNAL: CUDA error: : CUDA_ERROR_ILLEGAL_ADDRESS: an illegal memory access was encountered
E0929 17:53:17.581212 1711473 cuda_executor.cc:279] [0] failed to unload module 0x5aec6bad0c40; leaking: INTERNAL: CUDA error: : CUDA_ERROR_ILLEGAL_ADDRESS: an illegal memory access was encountered
E0929 17:53:17.581450 1711473 cuda_executor.cc:279] [0] failed to unload module 0x5aecb53610a0; leaking: INTERNAL: CUDA error: : CUDA_ERROR_ILLEGAL_ADDRESS: an illegal memory access was encountered
E0929 17:53:17.581793 1711473 cuda_executor.cc:279] [0] failed to unload module 0x5aecb8179840; leaking: INTERNAL: CUDA error: : CUDA_ERROR_ILLEGAL_ADDRESS: an illegal memory access was encountered
E0929 17:53:17.594872 1711473 cuda_executor.cc:279] [0] failed to unload module 0x5aecd3985740; leaking: INTERNAL: CUDA error: : CUDA_ERROR_ILLEGAL_ADDRESS: an illegal memory access was encountered
E0929 17:53:17.595680 1711473 cuda_executor.cc:279] [0] failed to unload module 0x5aecd81c72b0; leaking: INTERNAL: CUDA error: : CUDA_ERROR_ILLEGAL_ADDRESS: an illegal memory access was encountered
E0929 17:53:17.596182 1711473 cuda_executor.cc:279] [0] failed to unload module 0x5aec939e0360; leaking: INTERNAL: CUDA error: : CUDA_ERROR_ILLEGAL_ADDRESS: an illegal memory access was encountered
E0929 17:53:17.596831 1711473 cuda_executor.cc:279] [0] failed to unload module 0x5aece322bf90; leaking: INTERNAL: CUDA error: : CUDA_ERROR_ILLEGAL_ADDRESS: an illegal memory access was encountered
E0929 17:53:17.597318 1711473 cuda_executor.cc:279] [0] failed to unload module 0x5aece3fb87d0; leaking: INTERNAL: CUDA error: : CUDA_ERROR_ILLEGAL_ADDRESS: an illegal memory access was encountered
E0929 17:53:17.598318 1711473 cuda_executor.cc:279] [0] failed to unload module 0x5aecdc7f8ad0; leaking: INTERNAL: CUDA error: : CUDA_ERROR_ILLEGAL_ADDRESS: an illegal memory access was encountered
E0929 17:53:17.601142 1711473 cuda_executor.cc:279] [0] failed to unload module 0x5aece6b48620; leaking: INTERNAL: CUDA error: : CUDA_ERROR_ILLEGAL_ADDRESS: an illegal memory access was encountered
E0929 17:53:17.601320 1711473 cuda_executor.cc:279] [0] failed to unload module 0x5aece6c72120; leaking: INTERNAL: CUDA error: : CUDA_ERROR_ILLEGAL_ADDRESS: an illegal memory access was encountered
E0929 17:53:17.601618 1711473 cuda_executor.cc:279] [0] failed to unload module 0x5aece6d80880; leaking: INTERNAL: CUDA error: : CUDA_ERROR_ILLEGAL_ADDRESS: an illegal memory access was encountered
E0929 17:53:17.602232 1711473 cuda_executor.cc:279] [0] failed to unload module 0x5aecb36a8170; leaking: INTERNAL: CUDA error: : CUDA_ERROR_ILLEGAL_ADDRESS: an illegal memory access was encountered
E0929 17:53:17.602642 1711473 cuda_executor.cc:279] [0] failed to unload module 0x5aece745d2b0; leaking: INTERNAL: CUDA error: : CUDA_ERROR_ILLEGAL_ADDRESS: an illegal memory access was encountered
E0929 17:53:17.603537 1711473 cuda_executor.cc:279] [0] failed to unload module 0x5aece7909330; leaking: INTERNAL: CUDA error: : CUDA_ERROR_ILLEGAL_ADDRESS: an illegal memory access was encountered
E0929 17:53:17.603888 1711473 cuda_executor.cc:279] [0] failed to unload module 0x5aece7bdb0a0; leaking: INTERNAL: CUDA error: : CUDA_ERROR_ILLEGAL_ADDRESS: an illegal memory access was encountered
E0929 17:53:17.604120 1711473 cuda_executor.cc:279] [0] failed to unload module 0x5aece7dd79f0; leaking: INTERNAL: CUDA error: : CUDA_ERROR_ILLEGAL_ADDRESS: an illegal memory access was encountered
E0929 17:53:17.604395 1711473 cuda_executor.cc:279] [0] failed to unload module 0x5aece7148080; leaking: INTERNAL: CUDA error: : CUDA_ERROR_ILLEGAL_ADDRESS: an illegal memory access was encountered
E0929 17:53:17.604721 1711473 cuda_executor.cc:279] [0] failed to unload module 0x5aec92e2bd70; leaking: INTERNAL: CUDA error: : CUDA_ERROR_ILLEGAL_ADDRESS: an illegal memory access was encountered
E0929 17:53:17.605009 1711473 cuda_executor.cc:279] [0] failed to unload module 0x5aec6bece9b0; leaking: INTERNAL: CUDA error: : CUDA_ERROR_ILLEGAL_ADDRESS: an illegal memory access was encountered
E0929 17:53:17.605236 1711473 cuda_executor.cc:279] [0] failed to unload module 0x5aec906b5030; leaking: INTERNAL: CUDA error: : CUDA_ERROR_ILLEGAL_ADDRESS: an illegal memory access was encountered
E0929 17:53:17.605565 1711473 cuda_executor.cc:279] [0] failed to unload module 0x5aeca5ae11a0; leaking: INTERNAL: CUDA error: : CUDA_ERROR_ILLEGAL_ADDRESS: an illegal memory access was encountered
E0929 17:53:17.605884 1711473 cuda_executor.cc:279] [0] failed to unload module 0x5aece7f94240; leaking: INTERNAL: CUDA error: : CUDA_ERROR_ILLEGAL_ADDRESS: an illegal memory access was encountered
E0929 17:53:17.606232 1711473 cuda_executor.cc:279] [0] failed to unload module 0x5aecb56973b0; leaking: INTERNAL: CUDA error: : CUDA_ERROR_ILLEGAL_ADDRESS: an illegal memory access was encountered
E0929 17:53:17.606601 1711473 cuda_executor.cc:279] [0] failed to unload module 0x5aece83bf700; leaking: INTERNAL: CUDA error: : CUDA_ERROR_ILLEGAL_ADDRESS: an illegal memory access was encountered
E0929 17:53:17.608450 1711473 cuda_executor.cc:279] [0] failed to unload module 0x5aecafec1ff0; leaking: INTERNAL: CUDA error: : CUDA_ERROR_ILLEGAL_ADDRESS: an illegal memory access was encountered
E0929 17:53:17.609009 1711473 cuda_executor.cc:279] [0] failed to unload module 0x5aec65b97c20; leaking: INTERNAL: CUDA error: : CUDA_ERROR_ILLEGAL_ADDRESS: an illegal memory access was encountered
E0929 17:53:17.609427 1711473 cuda_executor.cc:279] [0] failed to unload module 0x5aecac0fa8d0; leaking: INTERNAL: CUDA error: : CUDA_ERROR_ILLEGAL_ADDRESS: an illegal memory access was encountered
E0929 17:53:17.610306 1711473 cuda_executor.cc:279] [0] failed to unload module 0x5aec68af2710; leaking: INTERNAL: CUDA error: : CUDA_ERROR_ILLEGAL_ADDRESS: an illegal memory access was encountered
E0929 17:53:17.611257 1711473 cuda_executor.cc:279] [0] failed to unload module 0x5aecec9707a0; leaking: INTERNAL: CUDA error: : CUDA_ERROR_ILLEGAL_ADDRESS: an illegal memory access was encountered
E0929 17:53:17.613049 1711473 cuda_executor.cc:279] [0] failed to unload module 0x5aec86f60710; leaking: INTERNAL: CUDA error: : CUDA_ERROR_ILLEGAL_ADDRESS: an illegal memory access was encountered
E0929 17:53:17.613485 1711473 cuda_executor.cc:279] [0] failed to unload module 0x5aececddf000; leaking: INTERNAL: CUDA error: : CUDA_ERROR_ILLEGAL_ADDRESS: an illegal memory access was encountered
E0929 17:53:17.637720 1711473 cuda_executor.cc:279] [0] failed to unload module 0x5aecfb8e1d90; leaking: INTERNAL: CUDA error: : CUDA_ERROR_ILLEGAL_ADDRESS: an illegal memory access was encountered
E0929 17:53:17.639424 1711473 cuda_executor.cc:279] [0] failed to unload module 0x5aecfbaf8770; leaking: INTERNAL: CUDA error: : CUDA_ERROR_ILLEGAL_ADDRESS: an illegal memory access was encountered
E0929 17:53:17.640974 1711473 cuda_executor.cc:279] [0] failed to unload module 0x5aecfc9ea1b0; leaking: INTERNAL: CUDA error: : CUDA_ERROR_ILLEGAL_ADDRESS: an illegal memory access was encountered
E0929 17:53:17.642285 1711473 cuda_executor.cc:279] [0] failed to unload module 0x5aecffde4f70; leaking: INTERNAL: CUDA error: : CUDA_ERROR_ILLEGAL_ADDRESS: an illegal memory access was encountered
E0929 17:53:17.642656 1711473 cuda_executor.cc:279] [0] failed to unload module 0x5aed007a2700; leaking: INTERNAL: CUDA error: : CUDA_ERROR_ILLEGAL_ADDRESS: an illegal memory access was encountered
E0929 17:53:17.645213 1711473 cuda_executor.cc:279] [0] failed to unload module 0x5aeceb848460; leaking: INTERNAL: CUDA error: : CUDA_ERROR_ILLEGAL_ADDRESS: an illegal memory access was encountered
E0929 17:53:17.645647 1711473 cuda_executor.cc:279] [0] failed to unload module 0x5aec839ebdb0; leaking: INTERNAL: CUDA error: : CUDA_ERROR_ILLEGAL_ADDRESS: an illegal memory access was encountered
E0929 17:53:17.646026 1711473 cuda_executor.cc:279] [0] failed to unload module 0x5aec907f86a0; leaking: INTERNAL: CUDA error: : CUDA_ERROR_ILLEGAL_ADDRESS: an illegal memory access was encountered
E0929 17:53:17.646587 1711473 cuda_executor.cc:279] [0] failed to unload module 0x5aec938b8f80; leaking: INTERNAL: CUDA error: : CUDA_ERROR_ILLEGAL_ADDRESS: an illegal memory access was encountered
E0929 17:53:17.646885 1711473 cuda_executor.cc:279] [0] failed to unload module 0x5aec93ffefa0; leaking: INTERNAL: CUDA error: : CUDA_ERROR_ILLEGAL_ADDRESS: an illegal memory access was encountered
E0929 17:53:17.647132 1711473 cuda_executor.cc:279] [0] failed to unload module 0x5aed0089a790; leaking: INTERNAL: CUDA error: : CUDA_ERROR_ILLEGAL_ADDRESS: an illegal memory access was encountered
E0929 17:53:17.647443 1711473 cuda_executor.cc:279] [0] failed to unload module 0x5aece325ce40; leaking: INTERNAL: CUDA error: : CUDA_ERROR_ILLEGAL_ADDRESS: an illegal memory access was encountered
E0929 17:53:17.647897 1711473 cuda_executor.cc:279] [0] failed to unload module 0x5aecea16d410; leaking: INTERNAL: CUDA error: : CUDA_ERROR_ILLEGAL_ADDRESS: an illegal memory access was encountered
E0929 17:53:17.648408 1711473 cuda_executor.cc:279] [0] failed to unload module 0x5aec8a52f2a0; leaking: INTERNAL: CUDA error: : CUDA_ERROR_ILLEGAL_ADDRESS: an illegal memory access was encountered
E0929 17:53:17.648832 1711473 cuda_executor.cc:279] [0] failed to unload module 0x5aecb2641d90; leaking: INTERNAL: CUDA error: : CUDA_ERROR_ILLEGAL_ADDRESS: an illegal memory access was encountered
E0929 17:53:17.649194 1711473 cuda_executor.cc:279] [0] failed to unload module 0x5aeca758bcc0; leaking: INTERNAL: CUDA error: : CUDA_ERROR_ILLEGAL_ADDRESS: an illegal memory access was encountered
E0929 17:53:17.649689 1711473 cuda_executor.cc:279] [0] failed to unload module 0x5aece3913ef0; leaking: INTERNAL: CUDA error: : CUDA_ERROR_ILLEGAL_ADDRESS: an illegal memory access was encountered
E0929 17:53:17.650078 1711473 cuda_executor.cc:279] [0] failed to unload module 0x5aec993daef0; leaking: INTERNAL: CUDA error: : CUDA_ERROR_ILLEGAL_ADDRESS: an illegal memory access was encountered
E0929 17:53:17.650446 1711473 cuda_executor.cc:279] [0] failed to unload module 0x5aece3d4b530; leaking: INTERNAL: CUDA error: : CUDA_ERROR_ILLEGAL_ADDRESS: an illegal memory access was encountered
E0929 17:53:17.650736 1711473 cuda_executor.cc:279] [0] failed to unload module 0x5aeca87fc520; leaking: INTERNAL: CUDA error: : CUDA_ERROR_ILLEGAL_ADDRESS: an illegal memory access was encountered
E0929 17:53:17.651330 1711473 cuda_executor.cc:279] [0] failed to unload module 0x5aecb7a73ae0; leaking: INTERNAL: CUDA error: : CUDA_ERROR_ILLEGAL_ADDRESS: an illegal memory access was encountered
E0929 17:53:17.651809 1711473 cuda_executor.cc:279] [0] failed to unload module 0x5aec75f3d730; leaking: INTERNAL: CUDA error: : CUDA_ERROR_ILLEGAL_ADDRESS: an illegal memory access was encountered
E0929 17:53:17.652277 1711473 cuda_executor.cc:279] [0] failed to unload module 0x5aec9117a6f0; leaking: INTERNAL: CUDA error: : CUDA_ERROR_ILLEGAL_ADDRESS: an illegal memory access was encountered
E0929 17:53:17.652653 1711473 cuda_executor.cc:279] [0] failed to unload module 0x5aecb62bcea0; leaking: INTERNAL: CUDA error: : CUDA_ERROR_ILLEGAL_ADDRESS: an illegal memory access was encountered
E0929 17:53:17.653103 1711473 cuda_executor.cc:279] [0] failed to unload module 0x5aeca05a0470; leaking: INTERNAL: CUDA error: : CUDA_ERROR_ILLEGAL_ADDRESS: an illegal memory access was encountered
E0929 17:53:17.653465 1711473 cuda_executor.cc:279] [0] failed to unload module 0x5aec814deed0; leaking: INTERNAL: CUDA error: : CUDA_ERROR_ILLEGAL_ADDRESS: an illegal memory access was encountered
E0929 17:53:17.653766 1711473 cuda_executor.cc:279] [0] failed to unload module 0x5aec7845dee0; leaking: INTERNAL: CUDA error: : CUDA_ERROR_ILLEGAL_ADDRESS: an illegal memory access was encountered
E0929 17:53:17.654164 1711473 cuda_executor.cc:279] [0] failed to unload module 0x5aeca6965a60; leaking: INTERNAL: CUDA error: : CUDA_ERROR_ILLEGAL_ADDRESS: an illegal memory access was encountered
E0929 17:53:17.654569 1711473 cuda_executor.cc:279] [0] failed to unload module 0x5aecec83ef20; leaking: INTERNAL: CUDA error: : CUDA_ERROR_ILLEGAL_ADDRESS: an illegal memory access was encountered
E0929 17:53:17.654910 1711473 cuda_executor.cc:279] [0] failed to unload module 0x5aeca915e030; leaking: INTERNAL: CUDA error: : CUDA_ERROR_ILLEGAL_ADDRESS: an illegal memory access was encountered
E0929 17:53:17.655756 1711473 cuda_executor.cc:279] [0] failed to unload module 0x5aece62b8c40; leaking: INTERNAL: CUDA error: : CUDA_ERROR_ILLEGAL_ADDRESS: an illegal memory access was encountered
E0929 17:53:17.656099 1711473 cuda_executor.cc:279] [0] failed to unload module 0x5aece4d63c90; leaking: INTERNAL: CUDA error: : CUDA_ERROR_ILLEGAL_ADDRESS: an illegal memory access was encountered
E0929 17:53:17.656418 1711473 cuda_executor.cc:279] [0] failed to unload module 0x5aec8665a790; leaking: INTERNAL: CUDA error: : CUDA_ERROR_ILLEGAL_ADDRESS: an illegal memory access was encountered
E0929 17:53:17.656738 1711473 cuda_executor.cc:279] [0] failed to unload module 0x5aec6a17bf30; leaking: INTERNAL: CUDA error: : CUDA_ERROR_ILLEGAL_ADDRESS: an illegal memory access was encountered
E0929 17:53:17.656940 1711473 cuda_executor.cc:279] [0] failed to unload module 0x5aec75b126b0; leaking: INTERNAL: CUDA error: : CUDA_ERROR_ILLEGAL_ADDRESS: an illegal memory access was encountered
E0929 17:53:17.657831 1711473 cuda_executor.cc:279] [0] failed to unload module 0x5aece5820700; leaking: INTERNAL: CUDA error: : CUDA_ERROR_ILLEGAL_ADDRESS: an illegal memory access was encountered
E0929 17:53:17.658158 1711473 cuda_executor.cc:279] [0] failed to unload module 0x5aecde4b2cb0; leaking: INTERNAL: CUDA error: : CUDA_ERROR_ILLEGAL_ADDRESS: an illegal memory access was encountered
E0929 17:53:17.658431 1711473 cuda_executor.cc:279] [0] failed to unload module 0x5aecdb851770; leaking: INTERNAL: CUDA error: : CUDA_ERROR_ILLEGAL_ADDRESS: an illegal memory access was encountered
E0929 17:53:17.658783 1711473 cuda_executor.cc:279] [0] failed to unload module 0x5aed01906540; leaking: INTERNAL: CUDA error: : CUDA_ERROR_ILLEGAL_ADDRESS: an illegal memory access was encountered
E0929 17:53:17.659099 1711473 cuda_executor.cc:279] [0] failed to unload module 0x5aed00785a70; leaking: INTERNAL: CUDA error: : CUDA_ERROR_ILLEGAL_ADDRESS: an illegal memory access was encountered
E0929 17:53:17.659447 1711473 cuda_executor.cc:279] [0] failed to unload module 0x5aecfe284410; leaking: INTERNAL: CUDA error: : CUDA_ERROR_ILLEGAL_ADDRESS: an illegal memory access was encountered
E0929 17:53:17.659823 1711473 cuda_executor.cc:279] [0] failed to unload module 0x5aece53452e0; leaking: INTERNAL: CUDA error: : CUDA_ERROR_ILLEGAL_ADDRESS: an illegal memory access was encountered
E0929 17:53:17.660158 1711473 cuda_executor.cc:279] [0] failed to unload module 0x5aecb36ade80; leaking: INTERNAL: CUDA error: : CUDA_ERROR_ILLEGAL_ADDRESS: an illegal memory access was encountered
E0929 17:53:17.660469 1711473 cuda_executor.cc:279] [0] failed to unload module 0x5aec8588bc20; leaking: INTERNAL: CUDA error: : CUDA_ERROR_ILLEGAL_ADDRESS: an illegal memory access was encountered
E0929 17:53:17.660782 1711473 cuda_executor.cc:279] [0] failed to unload module 0x5aec77e9ff50; leaking: INTERNAL: CUDA error: : CUDA_ERROR_ILLEGAL_ADDRESS: an illegal memory access was encountered
E0929 17:53:17.661068 1711473 cuda_executor.cc:279] [0] failed to unload module 0x5aec870d61c0; leaking: INTERNAL: CUDA error: : CUDA_ERROR_ILLEGAL_ADDRESS: an illegal memory access was encountered
E0929 17:53:17.661367 1711473 cuda_executor.cc:279] [0] failed to unload module 0x5aecd81c2120; leaking: INTERNAL: CUDA error: : CUDA_ERROR_ILLEGAL_ADDRESS: an illegal memory access was encountered
E0929 17:53:17.661775 1711473 cuda_executor.cc:279] [0] failed to unload module 0x5aecd9e5e320; leaking: INTERNAL: CUDA error: : CUDA_ERROR_ILLEGAL_ADDRESS: an illegal memory access was encountered
E0929 17:53:17.662234 1711473 cuda_executor.cc:279] [0] failed to unload module 0x5aecb4c06650; leaking: INTERNAL: CUDA error: : CUDA_ERROR_ILLEGAL_ADDRESS: an illegal memory access was encountered
E0929 17:53:17.662550 1711473 cuda_executor.cc:279] [0] failed to unload module 0x5aecb10bcc10; leaking: INTERNAL: CUDA error: : CUDA_ERROR_ILLEGAL_ADDRESS: an illegal memory access was encountered
E0929 17:53:17.662903 1711473 cuda_executor.cc:279] [0] failed to unload module 0x5aed00922c40; leaking: INTERNAL: CUDA error: : CUDA_ERROR_ILLEGAL_ADDRESS: an illegal memory access was encountered
E0929 17:53:17.663222 1711473 cuda_executor.cc:279] [0] failed to unload module 0x5aecfd8ae790; leaking: INTERNAL: CUDA error: : CUDA_ERROR_ILLEGAL_ADDRESS: an illegal memory access was encountered
E0929 17:53:17.663517 1711473 cuda_executor.cc:279] [0] failed to unload module 0x5aecdab7e930; leaking: INTERNAL: CUDA error: : CUDA_ERROR_ILLEGAL_ADDRESS: an illegal memory access was encountered
E0929 17:53:17.663997 1711473 cuda_executor.cc:279] [0] failed to unload module 0x5aece5b0c3d0; leaking: INTERNAL: CUDA error: : CUDA_ERROR_ILLEGAL_ADDRESS: an illegal memory access was encountered
E0929 17:53:17.664405 1711473 cuda_executor.cc:279] [0] failed to unload module 0x5aed00900030; leaking: INTERNAL: CUDA error: : CUDA_ERROR_ILLEGAL_ADDRESS: an illegal memory access was encountered
E0929 17:53:17.664766 1711473 cuda_executor.cc:279] [0] failed to unload module 0x5aec69879ce0; leaking: INTERNAL: CUDA error: : CUDA_ERROR_ILLEGAL_ADDRESS: an illegal memory access was encountered
E0929 17:53:17.665094 1711473 cuda_executor.cc:279] [0] failed to unload module 0x5aec7781a0c0; leaking: INTERNAL: CUDA error: : CUDA_ERROR_ILLEGAL_ADDRESS: an illegal memory access was encountered
E0929 17:53:17.665445 1711473 cuda_executor.cc:279] [0] failed to unload module 0x5aec85cbc4a0; leaking: INTERNAL: CUDA error: : CUDA_ERROR_ILLEGAL_ADDRESS: an illegal memory access was encountered
E0929 17:53:17.665837 1711473 cuda_executor.cc:279] [0] failed to unload module 0x5aecb44086c0; leaking: INTERNAL: CUDA error: : CUDA_ERROR_ILLEGAL_ADDRESS: an illegal memory access was encountered
E0929 17:53:17.666170 1711473 cuda_executor.cc:279] [0] failed to unload module 0x5aec84d7ccf0; leaking: INTERNAL: CUDA error: : CUDA_ERROR_ILLEGAL_ADDRESS: an illegal memory access was encountered
E0929 17:53:17.666552 1711473 cuda_executor.cc:279] [0] failed to unload module 0x5aecd4160920; leaking: INTERNAL: CUDA error: : CUDA_ERROR_ILLEGAL_ADDRESS: an illegal memory access was encountered
E0929 17:53:17.666903 1711473 cuda_executor.cc:279] [0] failed to unload module 0x5aece6750440; leaking: INTERNAL: CUDA error: : CUDA_ERROR_ILLEGAL_ADDRESS: an illegal memory access was encountered
E0929 17:53:17.667265 1711473 cuda_executor.cc:279] [0] failed to unload module 0x5aecaf421c20; leaking: INTERNAL: CUDA error: : CUDA_ERROR_ILLEGAL_ADDRESS: an illegal memory access was encountered
E0929 17:53:17.667631 1711473 cuda_executor.cc:279] [0] failed to unload module 0x5aece7422a80; leaking: INTERNAL: CUDA error: : CUDA_ERROR_ILLEGAL_ADDRESS: an illegal memory access was encountered
E0929 17:53:17.668027 1711473 cuda_executor.cc:279] [0] failed to unload module 0x5aece7be9340; leaking: INTERNAL: CUDA error: : CUDA_ERROR_ILLEGAL_ADDRESS: an illegal memory access was encountered
E0929 17:53:17.668348 1711473 cuda_executor.cc:279] [0] failed to unload module 0x77c3143fbca0; leaking: INTERNAL: CUDA error: : CUDA_ERROR_ILLEGAL_ADDRESS: an illegal memory access was encountered
E0929 17:53:17.668746 1711473 cuda_executor.cc:279] [0] failed to unload module 0x5aecd4fd4510; leaking: INTERNAL: CUDA error: : CUDA_ERROR_ILLEGAL_ADDRESS: an illegal memory access was encountered
E0929 17:53:17.669054 1711473 cuda_executor.cc:279] [0] failed to unload module 0x5aece4029c90; leaking: INTERNAL: CUDA error: : CUDA_ERROR_ILLEGAL_ADDRESS: an illegal memory access was encountered
E0929 17:53:17.669554 1711473 cuda_executor.cc:279] [0] failed to unload module 0x5aece761b430; leaking: INTERNAL: CUDA error: : CUDA_ERROR_ILLEGAL_ADDRESS: an illegal memory access was encountered
E0929 17:53:17.669829 1711473 cuda_executor.cc:279] [0] failed to unload module 0x5aece78e16e0; leaking: INTERNAL: CUDA error: : CUDA_ERROR_ILLEGAL_ADDRESS: an illegal memory access was encountered
E0929 17:53:17.670141 1711473 cuda_executor.cc:279] [0] failed to unload module 0x5aec753de130; leaking: INTERNAL: CUDA error: : CUDA_ERROR_ILLEGAL_ADDRESS: an illegal memory access was encountered
E0929 17:53:17.670584 1711473 cuda_executor.cc:279] [0] failed to unload module 0x5aece7275b40; leaking: INTERNAL: CUDA error: : CUDA_ERROR_ILLEGAL_ADDRESS: an illegal memory access was encountered
E0929 17:53:17.670959 1711473 cuda_executor.cc:279] [0] failed to unload module 0x77c32832efb0; leaking: INTERNAL: CUDA error: : CUDA_ERROR_ILLEGAL_ADDRESS: an illegal memory access was encountered
E0929 17:53:17.671290 1711473 cuda_executor.cc:279] [0] failed to unload module 0x5aece6e52230; leaking: INTERNAL: CUDA error: : CUDA_ERROR_ILLEGAL_ADDRESS: an illegal memory access was encountered
E0929 17:53:17.671616 1711473 cuda_executor.cc:279] [0] failed to unload module 0x5aece7d55620; leaking: INTERNAL: CUDA error: : CUDA_ERROR_ILLEGAL_ADDRESS: an illegal memory access was encountered
E0929 17:53:17.672030 1711473 cuda_executor.cc:279] [0] failed to unload module 0x5aecd986a6f0; leaking: INTERNAL: CUDA error: : CUDA_ERROR_ILLEGAL_ADDRESS: an illegal memory access was encountered
E0929 17:53:17.672453 1711473 cuda_executor.cc:279] [0] failed to unload module 0x5aecda2fd8b0; leaking: INTERNAL: CUDA error: : CUDA_ERROR_ILLEGAL_ADDRESS: an illegal memory access was encountered
E0929 17:53:17.672688 1711473 cuda_executor.cc:279] [0] failed to unload module 0x77c2d40c0550; leaking: INTERNAL: CUDA error: : CUDA_ERROR_ILLEGAL_ADDRESS: an illegal memory access was encountered
E0929 17:53:17.673008 1711473 cuda_executor.cc:279] [0] failed to unload module 0x5aecdbf724a0; leaking: INTERNAL: CUDA error: : CUDA_ERROR_ILLEGAL_ADDRESS: an illegal memory access was encountered
E0929 17:53:17.673197 1711473 cuda_executor.cc:279] [0] failed to unload module 0x5aece4f19df0; leaking: INTERNAL: CUDA error: : CUDA_ERROR_ILLEGAL_ADDRESS: an illegal memory access was encountered
E0929 17:53:17.673688 1711473 cuda_executor.cc:279] [0] failed to unload module 0x5aecd81891c0; leaking: INTERNAL: CUDA error: : CUDA_ERROR_ILLEGAL_ADDRESS: an illegal memory access was encountered
E0929 17:53:17.674130 1711473 cuda_executor.cc:279] [0] failed to unload module 0x5aec854d4b80; leaking: INTERNAL: CUDA error: : CUDA_ERROR_ILLEGAL_ADDRESS: an illegal memory access was encountered
E0929 17:53:17.674455 1711473 cuda_executor.cc:279] [0] failed to unload module 0x5aec75516fa0; leaking: INTERNAL: CUDA error: : CUDA_ERROR_ILLEGAL_ADDRESS: an illegal memory access was encountered
E0929 17:53:17.674744 1711473 cuda_executor.cc:279] [0] failed to unload module 0x5aec85deef90; leaking: INTERNAL: CUDA error: : CUDA_ERROR_ILLEGAL_ADDRESS: an illegal memory access was encountered
E0929 17:53:17.674982 1711473 cuda_executor.cc:279] [0] failed to unload module 0x5aecd529b8d0; leaking: INTERNAL: CUDA error: : CUDA_ERROR_ILLEGAL_ADDRESS: an illegal memory access was encountered
E0929 17:53:17.675397 1711473 cuda_executor.cc:279] [0] failed to unload module 0x5aecdbf919c0; leaking: INTERNAL: CUDA error: : CUDA_ERROR_ILLEGAL_ADDRESS: an illegal memory access was encountered
E0929 17:53:17.675650 1711473 cuda_executor.cc:279] [0] failed to unload module 0x5aece50148b0; leaking: INTERNAL: CUDA error: : CUDA_ERROR_ILLEGAL_ADDRESS: an illegal memory access was encountered
E0929 17:53:17.675895 1711473 cuda_executor.cc:279] [0] failed to unload module 0x5aece46a1200; leaking: INTERNAL: CUDA error: : CUDA_ERROR_ILLEGAL_ADDRESS: an illegal memory access was encountered
E0929 17:53:17.676285 1711473 cuda_executor.cc:279] [0] failed to unload module 0x5aec69abc0d0; leaking: INTERNAL: CUDA error: : CUDA_ERROR_ILLEGAL_ADDRESS: an illegal memory access was encountered
E0929 17:53:17.676626 1711473 cuda_executor.cc:279] [0] failed to unload module 0x5aec77a4a810; leaking: INTERNAL: CUDA error: : CUDA_ERROR_ILLEGAL_ADDRESS: an illegal memory access was encountered
E0929 17:53:17.677114 1711473 cuda_executor.cc:279] [0] failed to unload module 0x77c2e4267b90; leaking: INTERNAL: CUDA error: : CUDA_ERROR_ILLEGAL_ADDRESS: an illegal memory access was encountered
E0929 17:53:17.677522 1711473 cuda_executor.cc:279] [0] failed to unload module 0x5aecfc3fd360; leaking: INTERNAL: CUDA error: : CUDA_ERROR_ILLEGAL_ADDRESS: an illegal memory access was encountered
E0929 17:53:17.677929 1711473 cuda_executor.cc:279] [0] failed to unload module 0x5aecb4016de0; leaking: INTERNAL: CUDA error: : CUDA_ERROR_ILLEGAL_ADDRESS: an illegal memory access was encountered
E0929 17:53:17.678383 1711473 cuda_executor.cc:279] [0] failed to unload module 0x5aecd99dbee0; leaking: INTERNAL: CUDA error: : CUDA_ERROR_ILLEGAL_ADDRESS: an illegal memory access was encountered
E0929 17:53:17.678747 1711473 cuda_executor.cc:279] [0] failed to unload module 0x5aecaf611f10; leaking: INTERNAL: CUDA error: : CUDA_ERROR_ILLEGAL_ADDRESS: an illegal memory access was encountered
E0929 17:53:17.679264 1711473 cuda_executor.cc:279] [0] failed to unload module 0x5aed00930940; leaking: INTERNAL: CUDA error: : CUDA_ERROR_ILLEGAL_ADDRESS: an illegal memory access was encountered
E0929 17:53:17.679569 1711473 cuda_executor.cc:279] [0] failed to unload module 0x5aecda3a4ff0; leaking: INTERNAL: CUDA error: : CUDA_ERROR_ILLEGAL_ADDRESS: an illegal memory access was encountered
E0929 17:53:17.679914 1711473 cuda_executor.cc:279] [0] failed to unload module 0x77c2d41b26c0; leaking: INTERNAL: CUDA error: : CUDA_ERROR_ILLEGAL_ADDRESS: an illegal memory access was encountered
E0929 17:53:17.680428 1711473 cuda_executor.cc:279] [0] failed to unload module 0x5aece5be8100; leaking: INTERNAL: CUDA error: : CUDA_ERROR_ILLEGAL_ADDRESS: an illegal memory access was encountered
E0929 17:53:17.680815 1711473 cuda_executor.cc:279] [0] failed to unload module 0x5aece4495b50; leaking: INTERNAL: CUDA error: : CUDA_ERROR_ILLEGAL_ADDRESS: an illegal memory access was encountered
E0929 17:53:17.681335 1711473 cuda_executor.cc:279] [0] failed to unload module 0x5aecfc510510; leaking: INTERNAL: CUDA error: : CUDA_ERROR_ILLEGAL_ADDRESS: an illegal memory access was encountered
E0929 17:53:17.681709 1711473 cuda_executor.cc:279] [0] failed to unload module 0x5aecdbeee9e0; leaking: INTERNAL: CUDA error: : CUDA_ERROR_ILLEGAL_ADDRESS: an illegal memory access was encountered
E0929 17:53:17.682131 1711473 cuda_executor.cc:279] [0] failed to unload module 0x5aec77c21e30; leaking: INTERNAL: CUDA error: : CUDA_ERROR_ILLEGAL_ADDRESS: an illegal memory access was encountered
E0929 17:53:17.682520 1711473 cuda_executor.cc:279] [0] failed to unload module 0x5aec85fe5260; leaking: INTERNAL: CUDA error: : CUDA_ERROR_ILLEGAL_ADDRESS: an illegal memory access was encountered
E0929 17:53:17.682838 1711473 cuda_executor.cc:279] [0] failed to unload module 0x5aec7a8c7890; leaking: INTERNAL: CUDA error: : CUDA_ERROR_ILLEGAL_ADDRESS: an illegal memory access was encountered
E0929 17:53:17.683334 1711473 cuda_executor.cc:279] [0] failed to unload module 0x5aecb49eb060; leaking: INTERNAL: CUDA error: : CUDA_ERROR_ILLEGAL_ADDRESS: an illegal memory access was encountered
E0929 17:53:17.683552 1711473 cuda_executor.cc:279] [0] failed to unload module 0x5aecd43dadd0; leaking: INTERNAL: CUDA error: : CUDA_ERROR_ILLEGAL_ADDRESS: an illegal memory access was encountered
E0929 17:53:17.683915 1711473 cuda_executor.cc:279] [0] failed to unload module 0x5aecd9b11270; leaking: INTERNAL: CUDA error: : CUDA_ERROR_ILLEGAL_ADDRESS: an illegal memory access was encountered
E0929 17:53:17.684314 1711473 cuda_executor.cc:279] [0] failed to unload module 0x5aece5e93240; leaking: INTERNAL: CUDA error: : CUDA_ERROR_ILLEGAL_ADDRESS: an illegal memory access was encountered
E0929 17:53:17.684613 1711473 cuda_executor.cc:279] [0] failed to unload module 0x5aecdbe92920; leaking: INTERNAL: CUDA error: : CUDA_ERROR_ILLEGAL_ADDRESS: an illegal memory access was encountered
E0929 17:53:17.684986 1711473 cuda_executor.cc:279] [0] failed to unload module 0x5aecaf981400; leaking: INTERNAL: CUDA error: : CUDA_ERROR_ILLEGAL_ADDRESS: an illegal memory access was encountered
E0929 17:53:17.685317 1711473 cuda_executor.cc:279] [0] failed to unload module 0x5aec7587f9b0; leaking: INTERNAL: CUDA error: : CUDA_ERROR_ILLEGAL_ADDRESS: an illegal memory access was encountered
E0929 17:53:17.685639 1711473 cuda_executor.cc:279] [0] failed to unload module 0x5aec69c78c80; leaking: INTERNAL: CUDA error: : CUDA_ERROR_ILLEGAL_ADDRESS: an illegal memory access was encountered
E0929 17:53:17.685943 1711473 cuda_executor.cc:279] [0] failed to unload module 0x5aece52eb020; leaking: INTERNAL: CUDA error: : CUDA_ERROR_ILLEGAL_ADDRESS: an illegal memory access was encountered
E0929 17:53:17.686223 1711473 cuda_executor.cc:279] [0] failed to unload module 0x5aec85773b90; leaking: INTERNAL: CUDA error: : CUDA_ERROR_ILLEGAL_ADDRESS: an illegal memory access was encountered
E0929 17:53:17.686469 1711473 cuda_executor.cc:279] [0] failed to unload module 0x77c2c801e680; leaking: INTERNAL: CUDA error: : CUDA_ERROR_ILLEGAL_ADDRESS: an illegal memory access was encountered
E0929 17:53:17.686847 1711473 cuda_executor.cc:279] [0] failed to unload module 0x5aecd52ee310; leaking: INTERNAL: CUDA error: : CUDA_ERROR_ILLEGAL_ADDRESS: an illegal memory access was encountered
E0929 17:53:17.687126 1711473 cuda_executor.cc:279] [0] failed to unload module 0x5aecda76c870; leaking: INTERNAL: CUDA error: : CUDA_ERROR_ILLEGAL_ADDRESS: an illegal memory access was encountered
E0929 17:53:17.687464 1711473 cuda_executor.cc:279] [0] failed to unload module 0x5aecfc7f1a70; leaking: INTERNAL: CUDA error: : CUDA_ERROR_ILLEGAL_ADDRESS: an illegal memory access was encountered
E0929 17:53:17.688042 1711473 cuda_executor.cc:279] [0] failed to unload module 0x5aed0280b4e0; leaking: INTERNAL: CUDA error: : CUDA_ERROR_ILLEGAL_ADDRESS: an illegal memory access was encountered
E0929 17:53:17.688650 1711473 cuda_executor.cc:279] [0] failed to unload module 0x5aec9a5a6fd0; leaking: INTERNAL: CUDA error: : CUDA_ERROR_ILLEGAL_ADDRESS: an illegal memory access was encountered
E0929 17:53:17.689007 1711473 cuda_executor.cc:279] [0] failed to unload module 0x5aec9a63ec50; leaking: INTERNAL: CUDA error: : CUDA_ERROR_ILLEGAL_ADDRESS: an illegal memory access was encountered
E0929 17:53:17.689909 1711473 cuda_executor.cc:279] [0] failed to unload module 0x5aec88b9e0a0; leaking: INTERNAL: CUDA error: : CUDA_ERROR_ILLEGAL_ADDRESS: an illegal memory access was encountered
E0929 17:53:17.691309 1711473 cuda_executor.cc:279] [0] failed to unload module 0x5aecc5111e50; leaking: INTERNAL: CUDA error: : CUDA_ERROR_ILLEGAL_ADDRESS: an illegal memory access was encountered
E0929 17:53:17.691720 1711473 cuda_executor.cc:279] [0] failed to unload module 0x5aed0399f240; leaking: INTERNAL: CUDA error: : CUDA_ERROR_ILLEGAL_ADDRESS: an illegal memory access was encountered
E0929 17:53:17.692164 1711473 cuda_executor.cc:279] [0] failed to unload module 0x5aed03f75580; leaking: INTERNAL: CUDA error: : CUDA_ERROR_ILLEGAL_ADDRESS: an illegal memory access was encountered
E0929 17:53:17.692895 1711473 cuda_executor.cc:279] [0] failed to unload module 0x5aecac2d7100; leaking: INTERNAL: CUDA error: : CUDA_ERROR_ILLEGAL_ADDRESS: an illegal memory access was encountered
E0929 17:53:17.693709 1711473 cuda_executor.cc:279] [0] failed to unload module 0x5aec863871b0; leaking: INTERNAL: CUDA error: : CUDA_ERROR_ILLEGAL_ADDRESS: an illegal memory access was encountered
E0929 17:53:17.693923 1711473 cuda_executor.cc:279] [0] failed to unload module 0x5aec9a8ebc50; leaking: INTERNAL: CUDA error: : CUDA_ERROR_ILLEGAL_ADDRESS: an illegal memory access was encountered
E0929 17:53:17.694785 1711473 cuda_executor.cc:279] [0] failed to unload module 0x5aec7a8cbd30; leaking: INTERNAL: CUDA error: : CUDA_ERROR_ILLEGAL_ADDRESS: an illegal memory access was encountered
E0929 17:53:17.696175 1711473 cuda_executor.cc:279] [0] failed to unload module 0x5aecf5d84a50; leaking: INTERNAL: CUDA error: : CUDA_ERROR_ILLEGAL_ADDRESS: an illegal memory access was encountered
E0929 17:53:17.696545 1711473 cuda_executor.cc:279] [0] failed to unload module 0x5aecfca4f5a0; leaking: INTERNAL: CUDA error: : CUDA_ERROR_ILLEGAL_ADDRESS: an illegal memory access was encountered
E0929 17:53:17.696815 1711473 cuda_executor.cc:279] [0] failed to unload module 0x5aec760aa540; leaking: INTERNAL: CUDA error: : CUDA_ERROR_ILLEGAL_ADDRESS: an illegal memory access was encountered
E0929 17:53:17.697236 1711473 cuda_executor.cc:279] [0] failed to unload module 0x5aec9bd426b0; leaking: INTERNAL: CUDA error: : CUDA_ERROR_ILLEGAL_ADDRESS: an illegal memory access was encountered
E0929 17:53:17.697973 1711473 cuda_executor.cc:279] [0] failed to unload module 0x5aeca688ada0; leaking: INTERNAL: CUDA error: : CUDA_ERROR_ILLEGAL_ADDRESS: an illegal memory access was encountered
E0929 17:53:17.698390 1711473 cuda_executor.cc:279] [0] failed to unload module 0x5aecf129b430; leaking: INTERNAL: CUDA error: : CUDA_ERROR_ILLEGAL_ADDRESS: an illegal memory access was encountered
E0929 17:53:17.698666 1711473 cuda_executor.cc:279] [0] failed to unload module 0x5aec941bbc20; leaking: INTERNAL: CUDA error: : CUDA_ERROR_ILLEGAL_ADDRESS: an illegal memory access was encountered
E0929 17:53:17.699247 1711473 cuda_executor.cc:279] [0] failed to unload module 0x5aecb2790a10; leaking: INTERNAL: CUDA error: : CUDA_ERROR_ILLEGAL_ADDRESS: an illegal memory access was encountered
E0929 17:53:17.699548 1711473 cuda_executor.cc:279] [0] failed to unload module 0x5aecab85ba30; leaking: INTERNAL: CUDA error: : CUDA_ERROR_ILLEGAL_ADDRESS: an illegal memory access was encountered
E0929 17:53:17.699899 1711473 cuda_executor.cc:279] [0] failed to unload module 0x5aecf5cf82d0; leaking: INTERNAL: CUDA error: : CUDA_ERROR_ILLEGAL_ADDRESS: an illegal memory access was encountered
E0929 17:53:17.700494 1711473 cuda_executor.cc:279] [0] failed to unload module 0x5aeca1716ad0; leaking: INTERNAL: CUDA error: : CUDA_ERROR_ILLEGAL_ADDRESS: an illegal memory access was encountered
E0929 17:53:17.700840 1711473 cuda_executor.cc:279] [0] failed to unload module 0x5aec9c7867f0; leaking: INTERNAL: CUDA error: : CUDA_ERROR_ILLEGAL_ADDRESS: an illegal memory access was encountered
E0929 17:53:17.701167 1711473 cuda_executor.cc:279] [0] failed to unload module 0x5aec8380f440; leaking: INTERNAL: CUDA error: : CUDA_ERROR_ILLEGAL_ADDRESS: an illegal memory access was encountered
E0929 17:53:17.701606 1711473 cuda_executor.cc:279] [0] failed to unload module 0x5aec65d51630; leaking: INTERNAL: CUDA error: : CUDA_ERROR_ILLEGAL_ADDRESS: an illegal memory access was encountered
E0929 17:53:17.701979 1711473 cuda_executor.cc:279] [0] failed to unload module 0x5aec90f0bae0; leaking: INTERNAL: CUDA error: : CUDA_ERROR_ILLEGAL_ADDRESS: an illegal memory access was encountered
E0929 17:53:17.702300 1711473 cuda_executor.cc:279] [0] failed to unload module 0x5aec9ce097d0; leaking: INTERNAL: CUDA error: : CUDA_ERROR_ILLEGAL_ADDRESS: an illegal memory access was encountered
E0929 17:53:17.702684 1711473 cuda_executor.cc:279] [0] failed to unload module 0x5aecfe2e9450; leaking: INTERNAL: CUDA error: : CUDA_ERROR_ILLEGAL_ADDRESS: an illegal memory access was encountered
E0929 17:53:17.702999 1711473 cuda_executor.cc:279] [0] failed to unload module 0x5aeca26bc020; leaking: INTERNAL: CUDA error: : CUDA_ERROR_ILLEGAL_ADDRESS: an illegal memory access was encountered
E0929 17:53:17.703352 1711473 cuda_executor.cc:279] [0] failed to unload module 0x77c3140d8310; leaking: INTERNAL: CUDA error: : CUDA_ERROR_ILLEGAL_ADDRESS: an illegal memory access was encountered
E0929 17:53:17.703704 1711473 cuda_executor.cc:279] [0] failed to unload module 0x5aeca8698090; leaking: INTERNAL: CUDA error: : CUDA_ERROR_ILLEGAL_ADDRESS: an illegal memory access was encountered
E0929 17:53:17.704097 1711473 cuda_executor.cc:279] [0] failed to unload module 0x5aeca90c3a20; leaking: INTERNAL: CUDA error: : CUDA_ERROR_ILLEGAL_ADDRESS: an illegal memory access was encountered
E0929 17:53:17.704504 1711473 cuda_executor.cc:279] [0] failed to unload module 0x5aed042aced0; leaking: INTERNAL: CUDA error: : CUDA_ERROR_ILLEGAL_ADDRESS: an illegal memory access was encountered
E0929 17:53:17.704847 1711473 cuda_executor.cc:279] [0] failed to unload module 0x5aecb6478720; leaking: INTERNAL: CUDA error: : CUDA_ERROR_ILLEGAL_ADDRESS: an illegal memory access was encountered
E0929 17:53:17.705171 1711473 cuda_executor.cc:279] [0] failed to unload module 0x5aecfde7aef0; leaking: INTERNAL: CUDA error: : CUDA_ERROR_ILLEGAL_ADDRESS: an illegal memory access was encountered
E0929 17:53:17.705469 1711473 cuda_executor.cc:279] [0] failed to unload module 0x5aeca214b280; leaking: INTERNAL: CUDA error: : CUDA_ERROR_ILLEGAL_ADDRESS: an illegal memory access was encountered
E0929 17:53:17.705848 1711473 cuda_executor.cc:279] [0] failed to unload module 0x5aece903ec30; leaking: INTERNAL: CUDA error: : CUDA_ERROR_ILLEGAL_ADDRESS: an illegal memory access was encountered
E0929 17:53:17.706206 1711473 cuda_executor.cc:279] [0] failed to unload module 0x5aec9e1df1a0; leaking: INTERNAL: CUDA error: : CUDA_ERROR_ILLEGAL_ADDRESS: an illegal memory access was encountered
E0929 17:53:17.706853 1711473 cuda_executor.cc:279] [0] failed to unload module 0x5aec613c10c0; leaking: INTERNAL: CUDA error: : CUDA_ERROR_ILLEGAL_ADDRESS: an illegal memory access was encountered
E0929 17:53:17.707407 1711473 cuda_executor.cc:279] [0] failed to unload module 0x5aec613bfda0; leaking: INTERNAL: CUDA error: : CUDA_ERROR_ILLEGAL_ADDRESS: an illegal memory access was encountered
E0929 17:53:17.707839 1711473 cuda_executor.cc:279] [0] failed to unload module 0x5aec9d8bc6d0; leaking: INTERNAL: CUDA error: : CUDA_ERROR_ILLEGAL_ADDRESS: an illegal memory access was encountered
E0929 17:53:17.708370 1711473 cuda_executor.cc:279] [0] failed to unload module 0x5aec9a2714b0; leaking: INTERNAL: CUDA error: : CUDA_ERROR_ILLEGAL_ADDRESS: an illegal memory access was encountered
E0929 17:53:17.708948 1711473 cuda_executor.cc:279] [0] failed to unload module 0x5aec6281bc60; leaking: INTERNAL: CUDA error: : CUDA_ERROR_ILLEGAL_ADDRESS: an illegal memory access was encountered
E0929 17:53:17.709380 1711473 cuda_executor.cc:279] [0] failed to unload module 0x5aec908face0; leaking: INTERNAL: CUDA error: : CUDA_ERROR_ILLEGAL_ADDRESS: an illegal memory access was encountered
E0929 17:53:17.709858 1711473 cuda_executor.cc:279] [0] failed to unload module 0x5aeca83e3290; leaking: INTERNAL: CUDA error: : CUDA_ERROR_ILLEGAL_ADDRESS: an illegal memory access was encountered
E0929 17:53:17.710443 1711473 cuda_executor.cc:279] [0] failed to unload module 0x5aeca31acb40; leaking: INTERNAL: CUDA error: : CUDA_ERROR_ILLEGAL_ADDRESS: an illegal memory access was encountered
E0929 17:53:17.711480 1711473 cuda_executor.cc:279] [0] failed to unload module 0x5aecab9a77f0; leaking: INTERNAL: CUDA error: : CUDA_ERROR_ILLEGAL_ADDRESS: an illegal memory access was encountered
E0929 17:53:17.711720 1711473 cuda_executor.cc:279] [0] failed to unload module 0x5aec7f8ef7b0; leaking: INTERNAL: CUDA error: : CUDA_ERROR_ILLEGAL_ADDRESS: an illegal memory access was encountered
E0929 17:53:17.712733 1711473 cuda_executor.cc:279] [0] failed to unload module 0x5aec9a8fbc50; leaking: INTERNAL: CUDA error: : CUDA_ERROR_ILLEGAL_ADDRESS: an illegal memory access was encountered
E0929 17:53:17.713333 1711473 cuda_executor.cc:279] [0] failed to unload module 0x5aec7c69b110; leaking: INTERNAL: CUDA error: : CUDA_ERROR_ILLEGAL_ADDRESS: an illegal memory access was encountered
E0929 17:53:17.713609 1711473 cuda_executor.cc:279] [0] failed to unload module 0x5aec7fe82df0; leaking: INTERNAL: CUDA error: : CUDA_ERROR_ILLEGAL_ADDRESS: an illegal memory access was encountered
E0929 17:53:17.715724 1711473 cuda_executor.cc:279] [0] failed to unload module 0x5aec84c85ff0; leaking: INTERNAL: CUDA error: : CUDA_ERROR_ILLEGAL_ADDRESS: an illegal memory access was encountered
E0929 17:53:17.716739 1711473 cuda_executor.cc:279] [0] failed to unload module 0x5aec7abefcd0; leaking: INTERNAL: CUDA error: : CUDA_ERROR_ILLEGAL_ADDRESS: an illegal memory access was encountered
E0929 17:53:17.717296 1711473 cuda_executor.cc:279] [0] failed to unload module 0x5aecb3b614f0; leaking: INTERNAL: CUDA error: : CUDA_ERROR_ILLEGAL_ADDRESS: an illegal memory access was encountered
E0929 17:53:17.717671 1711473 cuda_executor.cc:279] [0] failed to unload module 0x5aec7ec36f40; leaking: INTERNAL: CUDA error: : CUDA_ERROR_ILLEGAL_ADDRESS: an illegal memory access was encountered
E0929 17:53:17.718793 1711473 cuda_executor.cc:279] [0] failed to unload module 0x5aec7f9687f0; leaking: INTERNAL: CUDA error: : CUDA_ERROR_ILLEGAL_ADDRESS: an illegal memory access was encountered
E0929 17:53:17.719306 1711473 cuda_executor.cc:279] [0] failed to unload module 0x5aecede7d870; leaking: INTERNAL: CUDA error: : CUDA_ERROR_ILLEGAL_ADDRESS: an illegal memory access was encountered
E0929 17:53:17.719585 1711473 cuda_executor.cc:279] [0] failed to unload module 0x5aec968c33a0; leaking: INTERNAL: CUDA error: : CUDA_ERROR_ILLEGAL_ADDRESS: an illegal memory access was encountered
E0929 17:53:17.720346 1711473 cuda_executor.cc:279] [0] failed to unload module 0x5aecb6d34c50; leaking: INTERNAL: CUDA error: : CUDA_ERROR_ILLEGAL_ADDRESS: an illegal memory access was encountered
E0929 17:53:17.720920 1711473 cuda_executor.cc:279] [0] failed to unload module 0x5aeca74d35f0; leaking: INTERNAL: CUDA error: : CUDA_ERROR_ILLEGAL_ADDRESS: an illegal memory access was encountered
E0929 17:53:17.721555 1711473 cuda_executor.cc:279] [0] failed to unload module 0x5aeca7d7b310; leaking: INTERNAL: CUDA error: : CUDA_ERROR_ILLEGAL_ADDRESS: an illegal memory access was encountered
E0929 17:53:17.722524 1711473 cuda_executor.cc:279] [0] failed to unload module 0x5aecb34ac6e0; leaking: INTERNAL: CUDA error: : CUDA_ERROR_ILLEGAL_ADDRESS: an illegal memory access was encountered
E0929 17:53:17.723083 1711473 cuda_executor.cc:279] [0] failed to unload module 0x5aec7a329fb0; leaking: INTERNAL: CUDA error: : CUDA_ERROR_ILLEGAL_ADDRESS: an illegal memory access was encountered
E0929 17:53:17.724354 1711473 cuda_executor.cc:279] [0] failed to unload module 0x5aece368a120; leaking: INTERNAL: CUDA error: : CUDA_ERROR_ILLEGAL_ADDRESS: an illegal memory access was encountered
E0929 17:53:17.724684 1711473 cuda_executor.cc:279] [0] failed to unload module 0x5aeca7541440; leaking: INTERNAL: CUDA error: : CUDA_ERROR_ILLEGAL_ADDRESS: an illegal memory access was encountered
E0929 17:53:17.725011 1711473 cuda_executor.cc:279] [0] failed to unload module 0x5aec963ea6f0; leaking: INTERNAL: CUDA error: : CUDA_ERROR_ILLEGAL_ADDRESS: an illegal memory access was encountered
E0929 17:53:17.725660 1711473 cuda_executor.cc:279] [0] failed to unload module 0x5aec7a1d0620; leaking: INTERNAL: CUDA error: : CUDA_ERROR_ILLEGAL_ADDRESS: an illegal memory access was encountered
E0929 17:53:17.726131 1711473 cuda_executor.cc:279] [0] failed to unload module 0x5aecb832e050; leaking: INTERNAL: CUDA error: : CUDA_ERROR_ILLEGAL_ADDRESS: an illegal memory access was encountered
E0929 17:53:17.726613 1711473 cuda_executor.cc:279] [0] failed to unload module 0x5aecebce2f20; leaking: INTERNAL: CUDA error: : CUDA_ERROR_ILLEGAL_ADDRESS: an illegal memory access was encountered
E0929 17:53:17.726875 1711473 cuda_executor.cc:279] [0] failed to unload module 0x5aecfffba510; leaking: INTERNAL: CUDA error: : CUDA_ERROR_ILLEGAL_ADDRESS: an illegal memory access was encountered
E0929 17:53:17.727939 1711473 cuda_executor.cc:279] [0] failed to unload module 0x5aec7ee6b1b0; leaking: INTERNAL: CUDA error: : CUDA_ERROR_ILLEGAL_ADDRESS: an illegal memory access was encountered
E0929 17:53:17.728579 1711473 cuda_executor.cc:279] [0] failed to unload module 0x5aec8462e950; leaking: INTERNAL: CUDA error: : CUDA_ERROR_ILLEGAL_ADDRESS: an illegal memory access was encountered
E0929 17:53:17.729035 1711473 cuda_executor.cc:279] [0] failed to unload module 0x5aec7fbb6410; leaking: INTERNAL: CUDA error: : CUDA_ERROR_ILLEGAL_ADDRESS: an illegal memory access was encountered
E0929 17:53:17.729551 1711473 cuda_executor.cc:279] [0] failed to unload module 0x5aec76cd53b0; leaking: INTERNAL: CUDA error: : CUDA_ERROR_ILLEGAL_ADDRESS: an illegal memory access was encountered
E0929 17:53:17.729983 1711473 cuda_executor.cc:279] [0] failed to unload module 0x5aeced9bf7c0; leaking: INTERNAL: CUDA error: : CUDA_ERROR_ILLEGAL_ADDRESS: an illegal memory access was encountered
E0929 17:53:17.730783 1711473 cuda_executor.cc:279] [0] failed to unload module 0x5aece84b8970; leaking: INTERNAL: CUDA error: : CUDA_ERROR_ILLEGAL_ADDRESS: an illegal memory access was encountered
E0929 17:53:17.731045 1711473 cuda_executor.cc:279] [0] failed to unload module 0x5aed03108a80; leaking: INTERNAL: CUDA error: : CUDA_ERROR_ILLEGAL_ADDRESS: an illegal memory access was encountered
E0929 17:53:17.763053 1711473 cuda_executor.cc:279] [0] failed to unload module 0x5aec6571f640; leaking: INTERNAL: CUDA error: : CUDA_ERROR_ILLEGAL_ADDRESS: an illegal memory access was encountered
E0929 17:53:17.765021 1711473 cuda_executor.cc:279] [0] failed to unload module 0x5aec6a5b99c0; leaking: INTERNAL: CUDA error: : CUDA_ERROR_ILLEGAL_ADDRESS: an illegal memory access was encountered
E0929 17:53:17.765446 1711473 cuda_executor.cc:279] [0] failed to unload module 0x5aeca9a42650; leaking: INTERNAL: CUDA error: : CUDA_ERROR_ILLEGAL_ADDRESS: an illegal memory access was encountered
E0929 17:53:17.766439 1711473 cuda_executor.cc:279] [0] failed to unload module 0x5aeceb44f6a0; leaking: INTERNAL: CUDA error: : CUDA_ERROR_ILLEGAL_ADDRESS: an illegal memory access was encountered
E0929 17:53:17.766822 1711473 cuda_executor.cc:279] [0] failed to unload module 0x5aec773d0520; leaking: INTERNAL: CUDA error: : CUDA_ERROR_ILLEGAL_ADDRESS: an illegal memory access was encountered
E0929 17:53:17.767272 1711473 cuda_executor.cc:279] [0] failed to unload module 0x5aecf06aa3c0; leaking: INTERNAL: CUDA error: : CUDA_ERROR_ILLEGAL_ADDRESS: an illegal memory access was encountered
E0929 17:53:17.767700 1711473 cuda_executor.cc:279] [0] failed to unload module 0x5aec7fb45280; leaking: INTERNAL: CUDA error: : CUDA_ERROR_ILLEGAL_ADDRESS: an illegal memory access was encountered
E0929 17:53:17.771734 1711473 cuda_executor.cc:279] [0] failed to unload module 0x5aecb7a74620; leaking: INTERNAL: CUDA error: : CUDA_ERROR_ILLEGAL_ADDRESS: an illegal memory access was encountered
E0929 17:53:17.772201 1711473 cuda_executor.cc:279] [0] failed to unload module 0x5aeced9697e0; leaking: INTERNAL: CUDA error: : CUDA_ERROR_ILLEGAL_ADDRESS: an illegal memory access was encountered
E0929 17:53:17.773105 1711473 cuda_executor.cc:279] [0] failed to unload module 0x5aed024eb910; leaking: INTERNAL: CUDA error: : CUDA_ERROR_ILLEGAL_ADDRESS: an illegal memory access was encountered
E0929 17:53:17.773775 1711473 cuda_executor.cc:279] [0] failed to unload module 0x5aec8773bd90; leaking: INTERNAL: CUDA error: : CUDA_ERROR_ILLEGAL_ADDRESS: an illegal memory access was encountered
E0929 17:53:17.774152 1711473 cuda_executor.cc:279] [0] failed to unload module 0x5aec9b67d250; leaking: INTERNAL: CUDA error: : CUDA_ERROR_ILLEGAL_ADDRESS: an illegal memory access was encountered
E0929 17:53:17.774656 1711473 cuda_executor.cc:279] [0] failed to unload module 0x5aed018457d0; leaking: INTERNAL: CUDA error: : CUDA_ERROR_ILLEGAL_ADDRESS: an illegal memory access was encountered
E0929 17:53:17.775031 1711473 cuda_executor.cc:279] [0] failed to unload module 0x5aec839da9a0; leaking: INTERNAL: CUDA error: : CUDA_ERROR_ILLEGAL_ADDRESS: an illegal memory access was encountered
E0929 17:53:17.775591 1711473 cuda_executor.cc:279] [0] failed to unload module 0x5aed021856b0; leaking: INTERNAL: CUDA error: : CUDA_ERROR_ILLEGAL_ADDRESS: an illegal memory access was encountered
E0929 17:53:17.776144 1711473 cuda_executor.cc:279] [0] failed to unload module 0x5aec78a903c0; leaking: INTERNAL: CUDA error: : CUDA_ERROR_ILLEGAL_ADDRESS: an illegal memory access was encountered
E0929 17:53:17.776435 1711473 cuda_executor.cc:279] [0] failed to unload module 0x5aec6ad1c7b0; leaking: INTERNAL: CUDA error: : CUDA_ERROR_ILLEGAL_ADDRESS: an illegal memory access was encountered
E0929 17:53:17.776897 1711473 cuda_executor.cc:279] [0] failed to unload module 0x5aecb2847ca0; leaking: INTERNAL: CUDA error: : CUDA_ERROR_ILLEGAL_ADDRESS: an illegal memory access was encountered
E0929 17:53:17.777547 1711473 cuda_executor.cc:279] [0] failed to unload module 0x5aeca6549320; leaking: INTERNAL: CUDA error: : CUDA_ERROR_ILLEGAL_ADDRESS: an illegal memory access was encountered
E0929 17:53:17.777909 1711473 cuda_executor.cc:279] [0] failed to unload module 0x5aecb71bc070; leaking: INTERNAL: CUDA error: : CUDA_ERROR_ILLEGAL_ADDRESS: an illegal memory access was encountered
E0929 17:53:17.778807 1711473 cuda_executor.cc:279] [0] failed to unload module 0x5aec80b4f750; leaking: INTERNAL: CUDA error: : CUDA_ERROR_ILLEGAL_ADDRESS: an illegal memory access was encountered
E0929 17:53:17.779342 1711473 cuda_executor.cc:279] [0] failed to unload module 0x5aec6ac95fe0; leaking: INTERNAL: CUDA error: : CUDA_ERROR_ILLEGAL_ADDRESS: an illegal memory access was encountered
E0929 17:53:17.779707 1711473 cuda_executor.cc:279] [0] failed to unload module 0x5aecec2848f0; leaking: INTERNAL: CUDA error: : CUDA_ERROR_ILLEGAL_ADDRESS: an illegal memory access was encountered
E0929 17:53:17.780325 1711473 cuda_executor.cc:279] [0] failed to unload module 0x5aec9ad35a00; leaking: INTERNAL: CUDA error: : CUDA_ERROR_ILLEGAL_ADDRESS: an illegal memory access was encountered
E0929 17:53:17.780899 1711473 cuda_executor.cc:279] [0] failed to unload module 0x5aecb5ab4620; leaking: INTERNAL: CUDA error: : CUDA_ERROR_ILLEGAL_ADDRESS: an illegal memory access was encountered
E0929 17:53:17.782024 1711473 cuda_executor.cc:279] [0] failed to unload module 0x5aecdc580ae0; leaking: INTERNAL: CUDA error: : CUDA_ERROR_ILLEGAL_ADDRESS: an illegal memory access was encountered
E0929 17:53:17.782518 1711473 cuda_executor.cc:279] [0] failed to unload module 0x77c3001cfd10; leaking: INTERNAL: CUDA error: : CUDA_ERROR_ILLEGAL_ADDRESS: an illegal memory access was encountered
E0929 17:53:17.782926 1711473 cuda_executor.cc:279] [0] failed to unload module 0x5aecb668d020; leaking: INTERNAL: CUDA error: : CUDA_ERROR_ILLEGAL_ADDRESS: an illegal memory access was encountered
E0929 17:53:17.783389 1711473 cuda_executor.cc:279] [0] failed to unload module 0x5aecf2ed00c0; leaking: INTERNAL: CUDA error: : CUDA_ERROR_ILLEGAL_ADDRESS: an illegal memory access was encountered
E0929 17:53:17.783767 1711473 cuda_executor.cc:279] [0] failed to unload module 0x5aece4d3a1e0; leaking: INTERNAL: CUDA error: : CUDA_ERROR_ILLEGAL_ADDRESS: an illegal memory access was encountered
E0929 17:53:17.784234 1711473 cuda_executor.cc:279] [0] failed to unload module 0x5aed0092cac0; leaking: INTERNAL: CUDA error: : CUDA_ERROR_ILLEGAL_ADDRESS: an illegal memory access was encountered
E0929 17:53:17.784617 1711473 cuda_executor.cc:279] [0] failed to unload module 0x5aecf2526630; leaking: INTERNAL: CUDA error: : CUDA_ERROR_ILLEGAL_ADDRESS: an illegal memory access was encountered
E0929 17:53:17.785259 1711473 cuda_executor.cc:279] [0] failed to unload module 0x5aeca9509de0; leaking: INTERNAL: CUDA error: : CUDA_ERROR_ILLEGAL_ADDRESS: an illegal memory access was encountered
E0929 17:53:17.785681 1711473 cuda_executor.cc:279] [0] failed to unload module 0x5aecf23cffe0; leaking: INTERNAL: CUDA error: : CUDA_ERROR_ILLEGAL_ADDRESS: an illegal memory access was encountered
E0929 17:53:17.786491 1711473 cuda_executor.cc:279] [0] failed to unload module 0x5aec9db676b0; leaking: INTERNAL: CUDA error: : CUDA_ERROR_ILLEGAL_ADDRESS: an illegal memory access was encountered
E0929 17:53:17.787346 1711473 cuda_executor.cc:279] [0] failed to unload module 0x5aec7efd5950; leaking: INTERNAL: CUDA error: : CUDA_ERROR_ILLEGAL_ADDRESS: an illegal memory access was encountered
E0929 17:53:17.787740 1711473 cuda_executor.cc:279] [0] failed to unload module 0x5aec90dc28d0; leaking: INTERNAL: CUDA error: : CUDA_ERROR_ILLEGAL_ADDRESS: an illegal memory access was encountered
E0929 17:53:17.788300 1711473 cuda_executor.cc:279] [0] failed to unload module 0x5aec835fc2b0; leaking: INTERNAL: CUDA error: : CUDA_ERROR_ILLEGAL_ADDRESS: an illegal memory access was encountered
E0929 17:53:17.788772 1711473 cuda_executor.cc:279] [0] failed to unload module 0x5aec86954520; leaking: INTERNAL: CUDA error: : CUDA_ERROR_ILLEGAL_ADDRESS: an illegal memory access was encountered
E0929 17:53:17.789021 1711473 cuda_executor.cc:279] [0] failed to unload module 0x5aec69fd0b90; leaking: INTERNAL: CUDA error: : CUDA_ERROR_ILLEGAL_ADDRESS: an illegal memory access was encountered
E0929 17:53:17.789320 1711473 cuda_executor.cc:279] [0] failed to unload module 0x5aec870c9ed0; leaking: INTERNAL: CUDA error: : CUDA_ERROR_ILLEGAL_ADDRESS: an illegal memory access was encountered
E0929 17:53:17.789850 1711473 cuda_executor.cc:279] [0] failed to unload module 0x5aec7888aee0; leaking: INTERNAL: CUDA error: : CUDA_ERROR_ILLEGAL_ADDRESS: an illegal memory access was encountered
E0929 17:53:17.790451 1711473 cuda_executor.cc:279] [0] failed to unload module 0x5aeca319b970; leaking: INTERNAL: CUDA error: : CUDA_ERROR_ILLEGAL_ADDRESS: an illegal memory access was encountered
E0929 17:53:17.791388 1711473 cuda_executor.cc:279] [0] failed to unload module 0x5aecfd6cf6a0; leaking: INTERNAL: CUDA error: : CUDA_ERROR_ILLEGAL_ADDRESS: an illegal memory access was encountered
E0929 17:53:17.791962 1711473 cuda_executor.cc:279] [0] failed to unload module 0x5aec69452dd0; leaking: INTERNAL: CUDA error: : CUDA_ERROR_ILLEGAL_ADDRESS: an illegal memory access was encountered
E0929 17:53:17.792512 1711473 cuda_executor.cc:279] [0] failed to unload module 0x5aecb22d8c50; leaking: INTERNAL: CUDA error: : CUDA_ERROR_ILLEGAL_ADDRESS: an illegal memory access was encountered
E0929 17:53:17.792943 1711473 cuda_executor.cc:279] [0] failed to unload module 0x5aec76475290; leaking: INTERNAL: CUDA error: : CUDA_ERROR_ILLEGAL_ADDRESS: an illegal memory access was encountered
E0929 17:53:17.793833 1711473 cuda_executor.cc:279] [0] failed to unload module 0x5aecb4eb5de0; leaking: INTERNAL: CUDA error: : CUDA_ERROR_ILLEGAL_ADDRESS: an illegal memory access was encountered
E0929 17:53:17.794465 1711473 cuda_executor.cc:279] [0] failed to unload module 0x5aec785c7a40; leaking: INTERNAL: CUDA error: : CUDA_ERROR_ILLEGAL_ADDRESS: an illegal memory access was encountered
E0929 17:53:17.795013 1711473 cuda_executor.cc:279] [0] failed to unload module 0x5aece2e951f0; leaking: INTERNAL: CUDA error: : CUDA_ERROR_ILLEGAL_ADDRESS: an illegal memory access was encountered
E0929 17:53:17.796185 1711473 cuda_executor.cc:279] [0] failed to unload module 0x5aec6aa0bf10; leaking: INTERNAL: CUDA error: : CUDA_ERROR_ILLEGAL_ADDRESS: an illegal memory access was encountered
E0929 17:53:17.796746 1711473 cuda_executor.cc:279] [0] failed to unload module 0x5aecdc72fb70; leaking: INTERNAL: CUDA error: : CUDA_ERROR_ILLEGAL_ADDRESS: an illegal memory access was encountered
E0929 17:53:17.797130 1711473 cuda_executor.cc:279] [0] failed to unload module 0x5aec75c31900; leaking: INTERNAL: CUDA error: : CUDA_ERROR_ILLEGAL_ADDRESS: an illegal memory access was encountered
E0929 17:53:17.797508 1711473 cuda_executor.cc:279] [0] failed to unload module 0x5aec9c16ffe0; leaking: INTERNAL: CUDA error: : CUDA_ERROR_ILLEGAL_ADDRESS: an illegal memory access was encountered
E0929 17:53:17.798729 1711473 cuda_executor.cc:279] [0] failed to unload module 0x5aeca194ffb0; leaking: INTERNAL: CUDA error: : CUDA_ERROR_ILLEGAL_ADDRESS: an illegal memory access was encountered
E0929 17:53:17.799306 1711473 cuda_executor.cc:279] [0] failed to unload module 0x5aeca89aa830; leaking: INTERNAL: CUDA error: : CUDA_ERROR_ILLEGAL_ADDRESS: an illegal memory access was encountered
E0929 17:53:17.799788 1711473 cuda_executor.cc:279] [0] failed to unload module 0x5aeca8329560; leaking: INTERNAL: CUDA error: : CUDA_ERROR_ILLEGAL_ADDRESS: an illegal memory access was encountered
E0929 17:53:17.801059 1711473 cuda_executor.cc:279] [0] failed to unload module 0x5aec90a3c8a0; leaking: INTERNAL: CUDA error: : CUDA_ERROR_ILLEGAL_ADDRESS: an illegal memory access was encountered
E0929 17:53:17.801992 1711473 cuda_executor.cc:279] [0] failed to unload module 0x5aec93985ff0; leaking: INTERNAL: CUDA error: : CUDA_ERROR_ILLEGAL_ADDRESS: an illegal memory access was encountered
E0929 17:53:17.802627 1711473 cuda_executor.cc:279] [0] failed to unload module 0x5aec9dac8ec0; leaking: INTERNAL: CUDA error: : CUDA_ERROR_ILLEGAL_ADDRESS: an illegal memory access was encountered
E0929 17:53:17.803312 1711473 cuda_executor.cc:279] [0] failed to unload module 0x5aeca2e8fbe0; leaking: INTERNAL: CUDA error: : CUDA_ERROR_ILLEGAL_ADDRESS: an illegal memory access was encountered
E0929 17:53:17.807155 1711473 cuda_executor.cc:279] [0] failed to unload module 0x5aecd81c2410; leaking: INTERNAL: CUDA error: : CUDA_ERROR_ILLEGAL_ADDRESS: an illegal memory access was encountered
E0929 17:53:17.810113 1711473 cuda_executor.cc:279] [0] failed to unload module 0x5aec65adf840; leaking: INTERNAL: CUDA error: : CUDA_ERROR_ILLEGAL_ADDRESS: an illegal memory access was encountered
E0929 17:53:17.810868 1711473 cuda_executor.cc:279] [0] failed to unload module 0x5aec78c3e940; leaking: INTERNAL: CUDA error: : CUDA_ERROR_ILLEGAL_ADDRESS: an illegal memory access was encountered
E0929 17:53:17.811455 1711473 cuda_executor.cc:279] [0] failed to unload module 0x5aeca7d132a0; leaking: INTERNAL: CUDA error: : CUDA_ERROR_ILLEGAL_ADDRESS: an illegal memory access was encountered
E0929 17:53:17.812250 1711473 cuda_executor.cc:279] [0] failed to unload module 0x5aecdc5cfa80; leaking: INTERNAL: CUDA error: : CUDA_ERROR_ILLEGAL_ADDRESS: an illegal memory access was encountered
E0929 17:53:17.812781 1711473 cuda_executor.cc:279] [0] failed to unload module 0x5aecffd49430; leaking: INTERNAL: CUDA error: : CUDA_ERROR_ILLEGAL_ADDRESS: an illegal memory access was encountered
E0929 17:53:17.813551 1711473 cuda_executor.cc:279] [0] failed to unload module 0x5aecf28faf40; leaking: INTERNAL: CUDA error: : CUDA_ERROR_ILLEGAL_ADDRESS: an illegal memory access was encountered
E0929 17:53:17.817026 1711473 cuda_executor.cc:279] [0] failed to unload module 0x5aec9b6db2b0; leaking: INTERNAL: CUDA error: : CUDA_ERROR_ILLEGAL_ADDRESS: an illegal memory access was encountered
E0929 17:53:17.820018 1711473 cuda_executor.cc:279] [0] failed to unload module 0x5aed02217e60; leaking: INTERNAL: CUDA error: : CUDA_ERROR_ILLEGAL_ADDRESS: an illegal memory access was encountered
E0929 17:53:17.820525 1711473 cuda_executor.cc:279] [0] failed to unload module 0x5aec95cccb10; leaking: INTERNAL: CUDA error: : CUDA_ERROR_ILLEGAL_ADDRESS: an illegal memory access was encountered
E0929 17:53:17.821279 1711473 cuda_executor.cc:279] [0] failed to unload module 0x5aec7b1f4dd0; leaking: INTERNAL: CUDA error: : CUDA_ERROR_ILLEGAL_ADDRESS: an illegal memory access was encountered
E0929 17:53:17.821687 1711473 cuda_executor.cc:279] [0] failed to unload module 0x5aec69678090; leaking: INTERNAL: CUDA error: : CUDA_ERROR_ILLEGAL_ADDRESS: an illegal memory access was encountered
E0929 17:53:17.822242 1711473 cuda_executor.cc:279] [0] failed to unload module 0x5aec81066780; leaking: INTERNAL: CUDA error: : CUDA_ERROR_ILLEGAL_ADDRESS: an illegal memory access was encountered
E0929 17:53:17.822723 1711473 cuda_executor.cc:279] [0] failed to unload module 0x5aec846d49d0; leaking: INTERNAL: CUDA error: : CUDA_ERROR_ILLEGAL_ADDRESS: an illegal memory access was encountered
E0929 17:53:17.823066 1711473 cuda_executor.cc:279] [0] failed to unload module 0x5aec7a80bf00; leaking: INTERNAL: CUDA error: : CUDA_ERROR_ILLEGAL_ADDRESS: an illegal memory access was encountered
E0929 17:53:17.823285 1711473 cuda_executor.cc:279] [0] failed to unload module 0x5aecf0d731f0; leaking: INTERNAL: CUDA error: : CUDA_ERROR_ILLEGAL_ADDRESS: an illegal memory access was encountered
E0929 17:53:17.824067 1711473 cuda_executor.cc:279] [0] failed to unload module 0x5aece33a7ec0; leaking: INTERNAL: CUDA error: : CUDA_ERROR_ILLEGAL_ADDRESS: an illegal memory access was encountered
E0929 17:53:17.824783 1711473 cuda_executor.cc:279] [0] failed to unload module 0x5aed026be5d0; leaking: INTERNAL: CUDA error: : CUDA_ERROR_ILLEGAL_ADDRESS: an illegal memory access was encountered
E0929 17:53:17.825271 1711473 cuda_executor.cc:279] [0] failed to unload module 0x5aecf1208530; leaking: INTERNAL: CUDA error: : CUDA_ERROR_ILLEGAL_ADDRESS: an illegal memory access was encountered
E0929 17:53:17.825760 1711473 cuda_executor.cc:279] [0] failed to unload module 0x5aeceb5caac0; leaking: INTERNAL: CUDA error: : CUDA_ERROR_ILLEGAL_ADDRESS: an illegal memory access was encountered
E0929 17:53:17.826406 1711473 cuda_executor.cc:279] [0] failed to unload module 0x5aec9af7c2c0; leaking: INTERNAL: CUDA error: : CUDA_ERROR_ILLEGAL_ADDRESS: an illegal memory access was encountered
E0929 17:53:17.826873 1711473 cuda_executor.cc:279] [0] failed to unload module 0x5aed01e9ab00; leaking: INTERNAL: CUDA error: : CUDA_ERROR_ILLEGAL_ADDRESS: an illegal memory access was encountered
E0929 17:53:17.827246 1711473 cuda_executor.cc:279] [0] failed to unload module 0x5aecb3250a00; leaking: INTERNAL: CUDA error: : CUDA_ERROR_ILLEGAL_ADDRESS: an illegal memory access was encountered
E0929 17:53:17.827836 1711473 cuda_executor.cc:279] [0] failed to unload module 0x5aecb50b8bc0; leaking: INTERNAL: CUDA error: : CUDA_ERROR_ILLEGAL_ADDRESS: an illegal memory access was encountered
E0929 17:53:17.828366 1711473 cuda_executor.cc:279] [0] failed to unload module 0x5aecb668df60; leaking: INTERNAL: CUDA error: : CUDA_ERROR_ILLEGAL_ADDRESS: an illegal memory access was encountered
E0929 17:53:17.828766 1711473 cuda_executor.cc:279] [0] failed to unload module 0x5aec86ac2000; leaking: INTERNAL: CUDA error: : CUDA_ERROR_ILLEGAL_ADDRESS: an illegal memory access was encountered
E0929 17:53:17.829231 1711473 cuda_executor.cc:279] [0] failed to unload module 0x5aecb668e1c0; leaking: INTERNAL: CUDA error: : CUDA_ERROR_ILLEGAL_ADDRESS: an illegal memory access was encountered
E0929 17:53:17.829518 1711473 cuda_executor.cc:279] [0] failed to unload module 0x5aec79b78ff0; leaking: INTERNAL: CUDA error: : CUDA_ERROR_ILLEGAL_ADDRESS: an illegal memory access was encountered
E0929 17:53:17.829895 1711473 cuda_executor.cc:279] [0] failed to unload module 0x5aec76475b90; leaking: INTERNAL: CUDA error: : CUDA_ERROR_ILLEGAL_ADDRESS: an illegal memory access was encountered
E0929 17:53:17.830435 1711473 cuda_executor.cc:279] [0] failed to unload module 0x5aec84378990; leaking: INTERNAL: CUDA error: : CUDA_ERROR_ILLEGAL_ADDRESS: an illegal memory access was encountered
E0929 17:53:17.830901 1711473 cuda_executor.cc:279] [0] failed to unload module 0x5aeca7c76960; leaking: INTERNAL: CUDA error: : CUDA_ERROR_ILLEGAL_ADDRESS: an illegal memory access was encountered
E0929 17:53:17.831359 1711473 cuda_executor.cc:279] [0] failed to unload module 0x5aec95f02860; leaking: INTERNAL: CUDA error: : CUDA_ERROR_ILLEGAL_ADDRESS: an illegal memory access was encountered
E0929 17:53:17.831708 1711473 cuda_executor.cc:279] [0] failed to unload module 0x5aeca6dad150; leaking: INTERNAL: CUDA error: : CUDA_ERROR_ILLEGAL_ADDRESS: an illegal memory access was encountered
E0929 17:53:17.832186 1711473 cuda_executor.cc:279] [0] failed to unload module 0x5aecb8027e90; leaking: INTERNAL: CUDA error: : CUDA_ERROR_ILLEGAL_ADDRESS: an illegal memory access was encountered
E0929 17:53:17.832901 1711473 cuda_executor.cc:279] [0] failed to unload module 0x5aecedb6fbc0; leaking: INTERNAL: CUDA error: : CUDA_ERROR_ILLEGAL_ADDRESS: an illegal memory access was encountered
E0929 17:53:17.833242 1711473 cuda_executor.cc:279] [0] failed to unload module 0x5aecf29fd650; leaking: INTERNAL: CUDA error: : CUDA_ERROR_ILLEGAL_ADDRESS: an illegal memory access was encountered
E0929 17:53:17.833624 1711473 cuda_executor.cc:279] [0] failed to unload module 0x5aecb31c05a0; leaking: INTERNAL: CUDA error: : CUDA_ERROR_ILLEGAL_ADDRESS: an illegal memory access was encountered
E0929 17:53:17.833989 1711473 cuda_executor.cc:279] [0] failed to unload module 0x5aecec6d6e70; leaking: INTERNAL: CUDA error: : CUDA_ERROR_ILLEGAL_ADDRESS: an illegal memory access was encountered
E0929 17:53:17.834469 1711473 cuda_executor.cc:279] [0] failed to unload module 0x5aeca70701d0; leaking: INTERNAL: CUDA error: : CUDA_ERROR_ILLEGAL_ADDRESS: an illegal memory access was encountered
E0929 17:53:17.834922 1711473 cuda_executor.cc:279] [0] failed to unload module 0x5aec79e4f220; leaking: INTERNAL: CUDA error: : CUDA_ERROR_ILLEGAL_ADDRESS: an illegal memory access was encountered
E0929 17:53:17.835157 1711473 cuda_executor.cc:279] [0] failed to unload module 0x5aec76475930; leaking: INTERNAL: CUDA error: : CUDA_ERROR_ILLEGAL_ADDRESS: an illegal memory access was encountered
E0929 17:53:17.835506 1711473 cuda_executor.cc:279] [0] failed to unload module 0x5aec844f4a60; leaking: INTERNAL: CUDA error: : CUDA_ERROR_ILLEGAL_ADDRESS: an illegal memory access was encountered
E0929 17:53:17.835703 1711473 cuda_executor.cc:279] [0] failed to unload module 0x5aeca7d17140; leaking: INTERNAL: CUDA error: : CUDA_ERROR_ILLEGAL_ADDRESS: an illegal memory access was encountered
E0929 17:53:17.836035 1711473 cuda_executor.cc:279] [0] failed to unload module 0x5aecb32efdf0; leaking: INTERNAL: CUDA error: : CUDA_ERROR_ILLEGAL_ADDRESS: an illegal memory access was encountered
E0929 17:53:17.836328 1711473 cuda_executor.cc:279] [0] failed to unload module 0x5aec96087770; leaking: INTERNAL: CUDA error: : CUDA_ERROR_ILLEGAL_ADDRESS: an illegal memory access was encountered
E0929 17:53:17.836517 1711473 cuda_executor.cc:279] [0] failed to unload module 0x5aecb818c830; leaking: INTERNAL: CUDA error: : CUDA_ERROR_ILLEGAL_ADDRESS: an illegal memory access was encountered
E0929 17:53:17.837004 1711473 cuda_executor.cc:279] [0] failed to unload module 0x5aecb6e65b00; leaking: INTERNAL: CUDA error: : CUDA_ERROR_ILLEGAL_ADDRESS: an illegal memory access was encountered
E0929 17:53:17.837443 1711473 cuda_executor.cc:279] [0] failed to unload module 0x5aec95ff6170; leaking: INTERNAL: CUDA error: : CUDA_ERROR_ILLEGAL_ADDRESS: an illegal memory access was encountered
E0929 17:53:17.837896 1711473 cuda_executor.cc:279] [0] failed to unload module 0x5aec79ee3e90; leaking: INTERNAL: CUDA error: : CUDA_ERROR_ILLEGAL_ADDRESS: an illegal memory access was encountered
E0929 17:53:17.838429 1711473 cuda_executor.cc:279] [0] failed to unload module 0x5aeca71c5470; leaking: INTERNAL: CUDA error: : CUDA_ERROR_ILLEGAL_ADDRESS: an illegal memory access was encountered
E0929 17:53:17.839040 1711473 cuda_executor.cc:279] [0] failed to unload module 0x5aecb81de8e0; leaking: INTERNAL: CUDA error: : CUDA_ERROR_ILLEGAL_ADDRESS: an illegal memory access was encountered
E0929 17:53:17.839465 1711473 cuda_executor.cc:279] [0] failed to unload module 0x5aecebdfb2b0; leaking: INTERNAL: CUDA error: : CUDA_ERROR_ILLEGAL_ADDRESS: an illegal memory access was encountered
E0929 17:53:17.839711 1711473 cuda_executor.cc:279] [0] failed to unload module 0x5aec9553b350; leaking: INTERNAL: CUDA error: : CUDA_ERROR_ILLEGAL_ADDRESS: an illegal memory access was encountered
E0929 17:53:17.840116 1711473 cuda_executor.cc:279] [0] failed to unload module 0x5aec7a2e5330; leaking: INTERNAL: CUDA error: : CUDA_ERROR_ILLEGAL_ADDRESS: an illegal memory access was encountered
E0929 17:53:17.840571 1711473 cuda_executor.cc:279] [0] failed to unload module 0x5aecb86e81d0; leaking: INTERNAL: CUDA error: : CUDA_ERROR_ILLEGAL_ADDRESS: an illegal memory access was encountered
E0929 17:53:17.841208 1711473 cuda_executor.cc:279] [0] failed to unload module 0x5aecdc7a8870; leaking: INTERNAL: CUDA error: : CUDA_ERROR_ILLEGAL_ADDRESS: an illegal memory access was encountered
E0929 17:53:17.841605 1711473 cuda_executor.cc:279] [0] failed to unload module 0x5aecec88e760; leaking: INTERNAL: CUDA error: : CUDA_ERROR_ILLEGAL_ADDRESS: an illegal memory access was encountered
E0929 17:53:17.842449 1711473 cuda_executor.cc:279] [0] failed to unload module 0x5aecf38faad0; leaking: INTERNAL: CUDA error: : CUDA_ERROR_ILLEGAL_ADDRESS: an illegal memory access was encountered
E0929 17:53:17.842948 1711473 cuda_executor.cc:279] [0] failed to unload module 0x5aecf41dd290; leaking: INTERNAL: CUDA error: : CUDA_ERROR_ILLEGAL_ADDRESS: an illegal memory access was encountered
E0929 17:53:17.843158 1711473 cuda_executor.cc:279] [0] failed to unload module 0x5aecf4638010; leaking: INTERNAL: CUDA error: : CUDA_ERROR_ILLEGAL_ADDRESS: an illegal memory access was encountered
E0929 17:53:17.843765 1711473 cuda_executor.cc:279] [0] failed to unload module 0x5aecf4b2e910; leaking: INTERNAL: CUDA error: : CUDA_ERROR_ILLEGAL_ADDRESS: an illegal memory access was encountered
E0929 17:53:17.844270 1711473 cuda_executor.cc:279] [0] failed to unload module 0x5aeca761a060; leaking: INTERNAL: CUDA error: : CUDA_ERROR_ILLEGAL_ADDRESS: an illegal memory access was encountered
E0929 17:53:17.844723 1711473 cuda_executor.cc:279] [0] failed to unload module 0x5aecf5638310; leaking: INTERNAL: CUDA error: : CUDA_ERROR_ILLEGAL_ADDRESS: an illegal memory access was encountered
E0929 17:53:17.845379 1711473 cuda_executor.cc:279] [0] failed to unload module 0x5aec96158a50; leaking: INTERNAL: CUDA error: : CUDA_ERROR_ILLEGAL_ADDRESS: an illegal memory access was encountered
E0929 17:53:17.845559 1711473 cuda_executor.cc:279] [0] failed to unload module 0x5aed021b5360; leaking: INTERNAL: CUDA error: : CUDA_ERROR_ILLEGAL_ADDRESS: an illegal memory access was encountered
E0929 17:53:17.845973 1711473 cuda_executor.cc:279] [0] failed to unload module 0x5aecf3819930; leaking: INTERNAL: CUDA error: : CUDA_ERROR_ILLEGAL_ADDRESS: an illegal memory access was encountered
E0929 17:53:17.846288 1711473 cuda_executor.cc:279] [0] failed to unload module 0x5aecee471c50; leaking: INTERNAL: CUDA error: : CUDA_ERROR_ILLEGAL_ADDRESS: an illegal memory access was encountered
E0929 17:53:17.846600 1711473 cuda_executor.cc:279] [0] failed to unload module 0x5aecf5a9e7e0; leaking: INTERNAL: CUDA error: : CUDA_ERROR_ILLEGAL_ADDRESS: an illegal memory access was encountered
E0929 17:53:17.849667 1711473 cuda_executor.cc:279] [0] failed to unload module 0x5aecf2ed0be0; leaking: INTERNAL: CUDA error: : CUDA_ERROR_ILLEGAL_ADDRESS: an illegal memory access was encountered
E0929 17:53:17.850239 1711473 cuda_executor.cc:279] [0] failed to unload module 0x5aec8a740000; leaking: INTERNAL: CUDA error: : CUDA_ERROR_ILLEGAL_ADDRESS: an illegal memory access was encountered
E0929 17:53:17.850606 1711473 cuda_executor.cc:279] [0] failed to unload module 0x5aec7a8e6830; leaking: INTERNAL: CUDA error: : CUDA_ERROR_ILLEGAL_ADDRESS: an illegal memory access was encountered
E0929 17:53:17.851101 1711473 cuda_executor.cc:279] [0] failed to unload module 0x5aece2e95450; leaking: INTERNAL: CUDA error: : CUDA_ERROR_ILLEGAL_ADDRESS: an illegal memory access was encountered
E0929 17:53:17.851785 1711473 cuda_executor.cc:279] [0] failed to unload module 0x5aec8486f5b0; leaking: INTERNAL: CUDA error: : CUDA_ERROR_ILLEGAL_ADDRESS: an illegal memory access was encountered
E0929 17:53:17.852104 1711473 cuda_executor.cc:279] [0] failed to unload module 0x5aec7a918730; leaking: INTERNAL: CUDA error: : CUDA_ERROR_ILLEGAL_ADDRESS: an illegal memory access was encountered
E0929 17:53:17.852355 1711473 cuda_executor.cc:279] [0] failed to unload module 0x5aecb36b7340; leaking: INTERNAL: CUDA error: : CUDA_ERROR_ILLEGAL_ADDRESS: an illegal memory access was encountered
E0929 17:53:17.857433 1711473 cuda_executor.cc:279] [0] failed to unload module 0x5aecb3ceab00; leaking: INTERNAL: CUDA error: : CUDA_ERROR_ILLEGAL_ADDRESS: an illegal memory access was encountered
E0929 17:53:17.857934 1711473 cuda_executor.cc:279] [0] failed to unload module 0x5aec7b41ca40; leaking: INTERNAL: CUDA error: : CUDA_ERROR_ILLEGAL_ADDRESS: an illegal memory access was encountered
E0929 17:53:17.858195 1711473 cuda_executor.cc:279] [0] failed to unload module 0x5aec84e0d850; leaking: INTERNAL: CUDA error: : CUDA_ERROR_ILLEGAL_ADDRESS: an illegal memory access was encountered
E0929 17:53:17.858803 1711473 cuda_executor.cc:279] [0] failed to unload module 0x5aec7b638960; leaking: INTERNAL: CUDA error: : CUDA_ERROR_ILLEGAL_ADDRESS: an illegal memory access was encountered
E0929 17:53:17.859325 1711473 cuda_executor.cc:279] [0] failed to unload module 0x5aec76c891a0; leaking: INTERNAL: CUDA error: : CUDA_ERROR_ILLEGAL_ADDRESS: an illegal memory access was encountered
E0929 17:53:17.860125 1711473 cuda_executor.cc:279] [0] failed to unload module 0x5aecf336c2e0; leaking: INTERNAL: CUDA error: : CUDA_ERROR_ILLEGAL_ADDRESS: an illegal memory access was encountered
E0929 17:53:17.860671 1711473 cuda_executor.cc:279] [0] failed to unload module 0x5aecb7f89300; leaking: INTERNAL: CUDA error: : CUDA_ERROR_ILLEGAL_ADDRESS: an illegal memory access was encountered
E0929 17:53:17.861172 1711473 cuda_executor.cc:279] [0] failed to unload module 0x5aec81140380; leaking: INTERNAL: CUDA error: : CUDA_ERROR_ILLEGAL_ADDRESS: an illegal memory access was encountered
E0929 17:53:17.861697 1711473 cuda_executor.cc:279] [0] failed to unload module 0x5aec7bb37440; leaking: INTERNAL: CUDA error: : CUDA_ERROR_ILLEGAL_ADDRESS: an illegal memory access was encountered
E0929 17:53:17.862301 1711473 cuda_executor.cc:279] [0] failed to unload module 0x5aeca99cb480; leaking: INTERNAL: CUDA error: : CUDA_ERROR_ILLEGAL_ADDRESS: an illegal memory access was encountered
E0929 17:53:17.863277 1711473 cuda_executor.cc:279] [0] failed to unload module 0x5aecee72fa80; leaking: INTERNAL: CUDA error: : CUDA_ERROR_ILLEGAL_ADDRESS: an illegal memory access was encountered
E0929 17:53:17.863804 1711473 cuda_executor.cc:279] [0] failed to unload module 0x5aecb78cf120; leaking: INTERNAL: CUDA error: : CUDA_ERROR_ILLEGAL_ADDRESS: an illegal memory access was encountered
E0929 17:53:17.864385 1711473 cuda_executor.cc:279] [0] failed to unload module 0x5aec86a0df50; leaking: INTERNAL: CUDA error: : CUDA_ERROR_ILLEGAL_ADDRESS: an illegal memory access was encountered
E0929 17:53:17.864908 1711473 cuda_executor.cc:279] [0] failed to unload module 0x5aec783d13a0; leaking: INTERNAL: CUDA error: : CUDA_ERROR_ILLEGAL_ADDRESS: an illegal memory access was encountered
E0929 17:53:17.865339 1711473 cuda_executor.cc:279] [0] failed to unload module 0x5aec9a0fa7e0; leaking: INTERNAL: CUDA error: : CUDA_ERROR_ILLEGAL_ADDRESS: an illegal memory access was encountered
E0929 17:53:17.865928 1711473 cuda_executor.cc:279] [0] failed to unload module 0x5aecdc0a6ca0; leaking: INTERNAL: CUDA error: : CUDA_ERROR_ILLEGAL_ADDRESS: an illegal memory access was encountered
E0929 17:53:17.866841 1711473 cuda_executor.cc:279] [0] failed to unload module 0x77c3280f4c40; leaking: INTERNAL: CUDA error: : CUDA_ERROR_ILLEGAL_ADDRESS: an illegal memory access was encountered
E0929 17:53:17.867370 1711473 cuda_executor.cc:279] [0] failed to unload module 0x5aecb668e680; leaking: INTERNAL: CUDA error: : CUDA_ERROR_ILLEGAL_ADDRESS: an illegal memory access was encountered
E0929 17:53:17.867804 1711473 cuda_executor.cc:279] [0] failed to unload module 0x5aec95754c30; leaking: INTERNAL: CUDA error: : CUDA_ERROR_ILLEGAL_ADDRESS: an illegal memory access was encountered
E0929 17:53:17.868283 1711473 cuda_executor.cc:279] [0] failed to unload module 0x5aec76475030; leaking: INTERNAL: CUDA error: : CUDA_ERROR_ILLEGAL_ADDRESS: an illegal memory access was encountered
E0929 17:53:17.868731 1711473 cuda_executor.cc:279] [0] failed to unload module 0x5aec83e96680; leaking: INTERNAL: CUDA error: : CUDA_ERROR_ILLEGAL_ADDRESS: an illegal memory access was encountered
E0929 17:53:17.869234 1711473 cuda_executor.cc:279] [0] failed to unload module 0x5aecb2b734c0; leaking: INTERNAL: CUDA error: : CUDA_ERROR_ILLEGAL_ADDRESS: an illegal memory access was encountered
E0929 17:53:17.869864 1711473 cuda_executor.cc:279] [0] failed to unload module 0x5aeca6e8db30; leaking: INTERNAL: CUDA error: : CUDA_ERROR_ILLEGAL_ADDRESS: an illegal memory access was encountered
E0929 17:53:17.870272 1711473 cuda_executor.cc:279] [0] failed to unload module 0x5aecb668dd00; leaking: INTERNAL: CUDA error: : CUDA_ERROR_ILLEGAL_ADDRESS: an illegal memory access was encountered
E0929 17:53:17.870550 1711473 cuda_executor.cc:279] [0] failed to unload module 0x5aec80939130; leaking: INTERNAL: CUDA error: : CUDA_ERROR_ILLEGAL_ADDRESS: an illegal memory access was encountered
E0929 17:53:17.870930 1711473 cuda_executor.cc:279] [0] failed to unload module 0x5aec764762b0; leaking: INTERNAL: CUDA error: : CUDA_ERROR_ILLEGAL_ADDRESS: an illegal memory access was encountered
E0929 17:53:17.871646 1711473 cuda_executor.cc:279] [0] failed to unload module 0x5aec83cec670; leaking: INTERNAL: CUDA error: : CUDA_ERROR_ILLEGAL_ADDRESS: an illegal memory access was encountered
E0929 17:53:17.872090 1711473 cuda_executor.cc:279] [0] failed to unload module 0x5aecab84df30; leaking: INTERNAL: CUDA error: : CUDA_ERROR_ILLEGAL_ADDRESS: an illegal memory access was encountered
E0929 17:53:17.872533 1711473 cuda_executor.cc:279] [0] failed to unload module 0x5aecb2ae3840; leaking: INTERNAL: CUDA error: : CUDA_ERROR_ILLEGAL_ADDRESS: an illegal memory access was encountered
E0929 17:53:17.872973 1711473 cuda_executor.cc:279] [0] failed to unload module 0x5aecedad7f10; leaking: INTERNAL: CUDA error: : CUDA_ERROR_ILLEGAL_ADDRESS: an illegal memory access was encountered
E0929 17:53:17.873609 1711473 cuda_executor.cc:279] [0] failed to unload module 0x5aecec0d0990; leaking: INTERNAL: CUDA error: : CUDA_ERROR_ILLEGAL_ADDRESS: an illegal memory access was encountered
E0929 17:53:17.874274 1711473 cuda_executor.cc:279] [0] failed to unload module 0x5aecffc49280; leaking: INTERNAL: CUDA error: : CUDA_ERROR_ILLEGAL_ADDRESS: an illegal memory access was encountered
E0929 17:53:17.874807 1711473 cuda_executor.cc:279] [0] failed to unload module 0x5aece325cbc0; leaking: INTERNAL: CUDA error: : CUDA_ERROR_ILLEGAL_ADDRESS: an illegal memory access was encountered
E0929 17:53:17.875701 1711473 cuda_executor.cc:279] [0] failed to unload module 0x5aed003b80f0; leaking: INTERNAL: CUDA error: : CUDA_ERROR_ILLEGAL_ADDRESS: an illegal memory access was encountered
E0929 17:53:17.876440 1711473 cuda_executor.cc:279] [0] failed to unload module 0x5aeceea08320; leaking: INTERNAL: CUDA error: : CUDA_ERROR_ILLEGAL_ADDRESS: an illegal memory access was encountered
E0929 17:53:17.877115 1711473 cuda_executor.cc:279] [0] failed to unload module 0x5aec814d37a0; leaking: INTERNAL: CUDA error: : CUDA_ERROR_ILLEGAL_ADDRESS: an illegal memory access was encountered
E0929 17:53:17.877659 1711473 cuda_executor.cc:279] [0] failed to unload module 0x5aeceb45ffa0; leaking: INTERNAL: CUDA error: : CUDA_ERROR_ILLEGAL_ADDRESS: an illegal memory access was encountered
E0929 17:53:17.878117 1711473 cuda_executor.cc:279] [0] failed to unload module 0x5aed00926960; leaking: INTERNAL: CUDA error: : CUDA_ERROR_ILLEGAL_ADDRESS: an illegal memory access was encountered
E0929 17:53:17.879271 1711473 cuda_executor.cc:279] [0] failed to unload module 0x5aece40737d0; leaking: INTERNAL: CUDA error: : CUDA_ERROR_ILLEGAL_ADDRESS: an illegal memory access was encountered
E0929 17:53:17.880465 1711473 cuda_executor.cc:279] [0] failed to unload module 0x5aecb217e9d0; leaking: INTERNAL: CUDA error: : CUDA_ERROR_ILLEGAL_ADDRESS: an illegal memory access was encountered
E0929 17:53:17.881115 1711473 cuda_executor.cc:279] [0] failed to unload module 0x5aeca60d6720; leaking: INTERNAL: CUDA error: : CUDA_ERROR_ILLEGAL_ADDRESS: an illegal memory access was encountered
E0929 17:53:17.881883 1711473 cuda_executor.cc:279] [0] failed to unload module 0x5aec75264250; leaking: INTERNAL: CUDA error: : CUDA_ERROR_ILLEGAL_ADDRESS: an illegal memory access was encountered
E0929 17:53:17.882502 1711473 cuda_executor.cc:279] [0] failed to unload module 0x5aec63d65340; leaking: INTERNAL: CUDA error: : CUDA_ERROR_ILLEGAL_ADDRESS: an illegal memory access was encountered
E0929 17:53:17.882952 1711473 cuda_executor.cc:279] [0] failed to unload module 0x5aec81859bb0; leaking: INTERNAL: CUDA error: : CUDA_ERROR_ILLEGAL_ADDRESS: an illegal memory access was encountered
E0929 17:53:17.883803 1711473 cuda_executor.cc:279] [0] failed to unload module 0x5aec8a6d8130; leaking: INTERNAL: CUDA error: : CUDA_ERROR_ILLEGAL_ADDRESS: an illegal memory access was encountered
E0929 17:53:17.886025 1711473 cuda_executor.cc:279] [0] failed to unload module 0x5aecb5b78350; leaking: INTERNAL: CUDA error: : CUDA_ERROR_ILLEGAL_ADDRESS: an illegal memory access was encountered
E0929 17:53:17.887006 1711473 cuda_executor.cc:279] [0] failed to unload module 0x5aec93882380; leaking: INTERNAL: CUDA error: : CUDA_ERROR_ILLEGAL_ADDRESS: an illegal memory access was encountered
E0929 17:53:17.887653 1711473 cuda_executor.cc:279] [0] failed to unload module 0x5aec86d4e480; leaking: INTERNAL: CUDA error: : CUDA_ERROR_ILLEGAL_ADDRESS: an illegal memory access was encountered
E0929 17:53:17.888116 1711473 cuda_executor.cc:279] [0] failed to unload module 0x5aec7872f960; leaking: INTERNAL: CUDA error: : CUDA_ERROR_ILLEGAL_ADDRESS: an illegal memory access was encountered
E0929 17:53:17.888898 1711473 cuda_executor.cc:279] [0] failed to unload module 0x5aecb75fccb0; leaking: INTERNAL: CUDA error: : CUDA_ERROR_ILLEGAL_ADDRESS: an illegal memory access was encountered
E0929 17:53:17.889427 1711473 cuda_executor.cc:279] [0] failed to unload module 0x5aec77ebbe90; leaking: INTERNAL: CUDA error: : CUDA_ERROR_ILLEGAL_ADDRESS: an illegal memory access was encountered
E0929 17:53:17.890283 1711473 cuda_executor.cc:279] [0] failed to unload module 0x5aecefd34e80; leaking: INTERNAL: CUDA error: : CUDA_ERROR_ILLEGAL_ADDRESS: an illegal memory access was encountered
E0929 17:53:17.890886 1711473 cuda_executor.cc:279] [0] failed to unload module 0x5aecf2b8da30; leaking: INTERNAL: CUDA error: : CUDA_ERROR_ILLEGAL_ADDRESS: an illegal memory access was encountered
E0929 17:53:17.891358 1711473 cuda_executor.cc:279] [0] failed to unload module 0x5aeca21fcc90; leaking: INTERNAL: CUDA error: : CUDA_ERROR_ILLEGAL_ADDRESS: an illegal memory access was encountered
E0929 17:53:17.891895 1711473 cuda_executor.cc:279] [0] failed to unload module 0x5aec898c2110; leaking: INTERNAL: CUDA error: : CUDA_ERROR_ILLEGAL_ADDRESS: an illegal memory access was encountered
E0929 17:53:17.892305 1711473 cuda_executor.cc:279] [0] failed to unload module 0x5aecb2b42a10; leaking: INTERNAL: CUDA error: : CUDA_ERROR_ILLEGAL_ADDRESS: an illegal memory access was encountered
E0929 17:53:17.892657 1711473 cuda_executor.cc:279] [0] failed to unload module 0x5aec9c800570; leaking: INTERNAL: CUDA error: : CUDA_ERROR_ILLEGAL_ADDRESS: an illegal memory access was encountered
E0929 17:53:17.893124 1711473 cuda_executor.cc:279] [0] failed to unload module 0x5aecb7d3e1e0; leaking: INTERNAL: CUDA error: : CUDA_ERROR_ILLEGAL_ADDRESS: an illegal memory access was encountered
E0929 17:53:17.893556 1711473 cuda_executor.cc:279] [0] failed to unload module 0x5aec9a3b5790; leaking: INTERNAL: CUDA error: : CUDA_ERROR_ILLEGAL_ADDRESS: an illegal memory access was encountered
E0929 17:53:17.894031 1711473 cuda_executor.cc:279] [0] failed to unload module 0x5aecef99cac0; leaking: INTERNAL: CUDA error: : CUDA_ERROR_ILLEGAL_ADDRESS: an illegal memory access was encountered
E0929 17:53:17.894742 1711473 cuda_executor.cc:279] [0] failed to unload module 0x5aed01db0610; leaking: INTERNAL: CUDA error: : CUDA_ERROR_ILLEGAL_ADDRESS: an illegal memory access was encountered
E0929 17:53:17.895350 1711473 cuda_executor.cc:279] [0] failed to unload module 0x5aec7644fd90; leaking: INTERNAL: CUDA error: : CUDA_ERROR_ILLEGAL_ADDRESS: an illegal memory access was encountered
E0929 17:53:17.895908 1711473 cuda_executor.cc:279] [0] failed to unload module 0x5aec8a5c7070; leaking: INTERNAL: CUDA error: : CUDA_ERROR_ILLEGAL_ADDRESS: an illegal memory access was encountered
E0929 17:53:17.896483 1711473 cuda_executor.cc:279] [0] failed to unload module 0x5aec83ce9c90; leaking: INTERNAL: CUDA error: : CUDA_ERROR_ILLEGAL_ADDRESS: an illegal memory access was encountered
E0929 17:53:17.897046 1711473 cuda_executor.cc:279] [0] failed to unload module 0x5aeca6ae3c60; leaking: INTERNAL: CUDA error: : CUDA_ERROR_ILLEGAL_ADDRESS: an illegal memory access was encountered
E0929 17:53:17.897605 1711473 cuda_executor.cc:279] [0] failed to unload module 0x5aed022c8030; leaking: INTERNAL: CUDA error: : CUDA_ERROR_ILLEGAL_ADDRESS: an illegal memory access was encountered
E0929 17:53:17.898090 1711473 cuda_executor.cc:279] [0] failed to unload module 0x5aeca9a5ef70; leaking: INTERNAL: CUDA error: : CUDA_ERROR_ILLEGAL_ADDRESS: an illegal memory access was encountered
E0929 17:53:17.898334 1711473 cuda_executor.cc:279] [0] failed to unload module 0x5aecb6537fd0; leaking: INTERNAL: CUDA error: : CUDA_ERROR_ILLEGAL_ADDRESS: an illegal memory access was encountered
E0929 17:53:17.899161 1711473 cuda_executor.cc:603] [0] error deallocating host memory at 0x204c02400: INTERNAL: CUDA error: : CUDA_ERROR_ILLEGAL_ADDRESS: an illegal memory access was encountered
E0929 17:53:17.899643 1711473 cuda_executor.cc:279] [0] failed to unload module 0x5aecb7153b40; leaking: INTERNAL: CUDA error: : CUDA_ERROR_ILLEGAL_ADDRESS: an illegal memory access was encountered
E0929 17:53:17.900103 1711473 cuda_executor.cc:603] [0] error deallocating host memory at 0x204c01000: INTERNAL: CUDA error: : CUDA_ERROR_ILLEGAL_ADDRESS: an illegal memory access was encountered
E0929 17:53:17.900359 1711473 cuda_executor.cc:279] [0] failed to unload module 0x5aec878eb890; leaking: INTERNAL: CUDA error: : CUDA_ERROR_ILLEGAL_ADDRESS: an illegal memory access was encountered
E0929 17:53:17.901103 1711473 cuda_executor.cc:603] [0] error deallocating host memory at 0x204c00600: INTERNAL: CUDA error: : CUDA_ERROR_ILLEGAL_ADDRESS: an illegal memory access was encountered
E0929 17:53:17.902028 1711473 cuda_executor.cc:279] [0] failed to unload module 0x5aec690b2bb0; leaking: INTERNAL: CUDA error: : CUDA_ERROR_ILLEGAL_ADDRESS: an illegal memory access was encountered
E0929 17:53:17.902626 1711473 cuda_executor.cc:603] [0] error deallocating host memory at 0x204c01e00: INTERNAL: CUDA error: : CUDA_ERROR_ILLEGAL_ADDRESS: an illegal memory access was encountered
E0929 17:53:17.903180 1711473 cuda_executor.cc:279] [0] failed to unload module 0x5aecb0272c50; leaking: INTERNAL: CUDA error: : CUDA_ERROR_ILLEGAL_ADDRESS: an illegal memory access was encountered
E0929 17:53:17.903967 1711473 cuda_executor.cc:279] [0] failed to unload module 0x5aec9b23f2c0; leaking: INTERNAL: CUDA error: : CUDA_ERROR_ILLEGAL_ADDRESS: an illegal memory access was encountered
E0929 17:53:17.904790 1711473 cuda_executor.cc:279] [0] failed to unload module 0x5aec841f2fa0; leaking: INTERNAL: CUDA error: : CUDA_ERROR_ILLEGAL_ADDRESS: an illegal memory access was encountered
E0929 17:53:17.904919 1711473 cuda_executor.cc:279] [0] failed to unload module 0x5aecf4d55bc0; leaking: INTERNAL: CUDA error: : CUDA_ERROR_ILLEGAL_ADDRESS: an illegal memory access was encountered
E0929 17:53:17.905582 1711473 cuda_executor.cc:279] [0] failed to unload module 0x5aecf4feb7b0; leaking: INTERNAL: CUDA error: : CUDA_ERROR_ILLEGAL_ADDRESS: an illegal memory access was encountered
E0929 17:53:17.905714 1711473 cuda_executor.cc:279] [0] failed to unload module 0x5aecf5637fe0; leaking: INTERNAL: CUDA error: : CUDA_ERROR_ILLEGAL_ADDRESS: an illegal memory access was encountered
E0929 17:53:17.906208 1711473 cuda_executor.cc:279] [0] failed to unload module 0x5aecf3c41650; leaking: INTERNAL: CUDA error: : CUDA_ERROR_ILLEGAL_ADDRESS: an illegal memory access was encountered
E0929 17:53:17.906305 1711473 cuda_executor.cc:279] [0] failed to unload module 0x5aecf474c3c0; leaking: INTERNAL: CUDA error: : CUDA_ERROR_ILLEGAL_ADDRESS: an illegal memory access was encountered
E0929 17:53:17.906816 1711473 cuda_executor.cc:279] [0] failed to unload module 0x5aecef30ca20; leaking: INTERNAL: CUDA error: : CUDA_ERROR_ILLEGAL_ADDRESS: an illegal memory access was encountered
E0929 17:53:17.907295 1711473 cuda_executor.cc:279] [0] failed to unload module 0x5aecd24e25f0; leaking: INTERNAL: CUDA error: : CUDA_ERROR_ILLEGAL_ADDRESS: an illegal memory access was encountered
E0929 17:53:17.907709 1711473 cuda_executor.cc:279] [0] failed to unload module 0x5aecf435d5a0; leaking: INTERNAL: CUDA error: : CUDA_ERROR_ILLEGAL_ADDRESS: an illegal memory access was encountered
E0929 17:53:17.908014 1711473 cuda_executor.cc:279] [0] failed to unload module 0x5aec6aa6c0f0; leaking: INTERNAL: CUDA error: : CUDA_ERROR_ILLEGAL_ADDRESS: an illegal memory access was encountered
E0929 17:53:17.908363 1711473 cuda_executor.cc:279] [0] failed to unload module 0x5aec76395e20; leaking: INTERNAL: CUDA error: : CUDA_ERROR_ILLEGAL_ADDRESS: an illegal memory access was encountered
E0929 17:53:17.908793 1711473 cuda_executor.cc:279] [0] failed to unload module 0x5aecb77bdaa0; leaking: INTERNAL: CUDA error: : CUDA_ERROR_ILLEGAL_ADDRESS: an illegal memory access was encountered
E0929 17:53:17.909139 1711473 cuda_executor.cc:279] [0] failed to unload module 0x5aecb2ef57c0; leaking: INTERNAL: CUDA error: : CUDA_ERROR_ILLEGAL_ADDRESS: an illegal memory access was encountered
E0929 17:53:17.909639 1711473 cuda_executor.cc:279] [0] failed to unload module 0x5aecf53c9210; leaking: INTERNAL: CUDA error: : CUDA_ERROR_ILLEGAL_ADDRESS: an illegal memory access was encountered
E0929 17:53:17.910039 1711473 cuda_executor.cc:279] [0] failed to unload module 0x5aecefcf2390; leaking: INTERNAL: CUDA error: : CUDA_ERROR_ILLEGAL_ADDRESS: an illegal memory access was encountered
E0929 17:53:17.910500 1711473 cuda_executor.cc:279] [0] failed to unload module 0x5aecefcbfd90; leaking: INTERNAL: CUDA error: : CUDA_ERROR_ILLEGAL_ADDRESS: an illegal memory access was encountered
E0929 17:53:17.911116 1711473 cuda_executor.cc:279] [0] failed to unload module 0x5aecf591f340; leaking: INTERNAL: CUDA error: : CUDA_ERROR_ILLEGAL_ADDRESS: an illegal memory access was encountered
E0929 17:53:17.911807 1711473 cuda_executor.cc:279] [0] failed to unload module 0x5aecf336de20; leaking: INTERNAL: CUDA error: : CUDA_ERROR_ILLEGAL_ADDRESS: an illegal memory access was encountered
E0929 17:53:17.912310 1711473 cuda_executor.cc:279] [0] failed to unload module 0x5aecb09bd070; leaking: INTERNAL: CUDA error: : CUDA_ERROR_ILLEGAL_ADDRESS: an illegal memory access was encountered
E0929 17:53:17.912883 1711473 cuda_executor.cc:279] [0] failed to unload module 0x5aec88033670; leaking: INTERNAL: CUDA error: : CUDA_ERROR_ILLEGAL_ADDRESS: an illegal memory access was encountered
E0929 17:53:17.913764 1711473 cuda_executor.cc:279] [0] failed to unload module 0x5aecabd5e050; leaking: INTERNAL: CUDA error: : CUDA_ERROR_ILLEGAL_ADDRESS: an illegal memory access was encountered
E0929 17:53:17.914222 1711473 cuda_executor.cc:279] [0] failed to unload module 0x5aecb43dca90; leaking: INTERNAL: CUDA error: : CUDA_ERROR_ILLEGAL_ADDRESS: an illegal memory access was encountered
E0929 17:53:17.915134 1711473 cuda_executor.cc:279] [0] failed to unload module 0x5aecd196ff00; leaking: INTERNAL: CUDA error: : CUDA_ERROR_ILLEGAL_ADDRESS: an illegal memory access was encountered
E0929 17:53:17.916339 1711473 cuda_executor.cc:279] [0] failed to unload module 0x5aecf4667d30; leaking: INTERNAL: CUDA error: : CUDA_ERROR_ILLEGAL_ADDRESS: an illegal memory access was encountered
E0929 17:53:17.916955 1711473 cuda_executor.cc:279] [0] failed to unload module 0x5aecf4d52e30; leaking: INTERNAL: CUDA error: : CUDA_ERROR_ILLEGAL_ADDRESS: an illegal memory access was encountered
E0929 17:53:17.918285 1711473 cuda_executor.cc:603] [0] error deallocating host memory at 0x204c02800: INTERNAL: CUDA error: : CUDA_ERROR_ILLEGAL_ADDRESS: an illegal memory access was encountered
E0929 17:53:17.918807 1711473 cuda_executor.cc:603] [0] error deallocating host memory at 0x204c02600: INTERNAL: CUDA error: : CUDA_ERROR_ILLEGAL_ADDRESS: an illegal memory access was encountered
E0929 17:53:17.919319 1711473 cuda_executor.cc:279] [0] failed to unload module 0x5aeccdbd84e0; leaking: INTERNAL: CUDA error: : CUDA_ERROR_ILLEGAL_ADDRESS: an illegal memory access was encountered
E0929 17:53:17.920913 1711473 cuda_executor.cc:603] [0] error deallocating host memory at 0x204c03200: INTERNAL: CUDA error: : CUDA_ERROR_ILLEGAL_ADDRESS: an illegal memory access was encountered
E0929 17:53:17.921758 1711473 cuda_executor.cc:279] [0] failed to unload module 0x5aeccfb307d0; leaking: INTERNAL: CUDA error: : CUDA_ERROR_ILLEGAL_ADDRESS: an illegal memory access was encountered
E0929 17:53:17.922824 1711473 cuda_executor.cc:279] [0] failed to unload module 0x5aecf45db850; leaking: INTERNAL: CUDA error: : CUDA_ERROR_ILLEGAL_ADDRESS: an illegal memory access was encountered
E0929 17:53:17.923759 1711473 cuda_executor.cc:279] [0] failed to unload module 0x5aecd0d7b2b0; leaking: INTERNAL: CUDA error: : CUDA_ERROR_ILLEGAL_ADDRESS: an illegal memory access was encountered
E0929 17:53:17.924930 1711473 cuda_executor.cc:279] [0] failed to unload module 0x5aecf308cd80; leaking: INTERNAL: CUDA error: : CUDA_ERROR_ILLEGAL_ADDRESS: an illegal memory access was encountered
E0929 17:53:17.925172 1711473 cuda_executor.cc:279] [0] failed to unload module 0x5aecf4443d00; leaking: INTERNAL: CUDA error: : CUDA_ERROR_ILLEGAL_ADDRESS: an illegal memory access was encountered
E0929 17:53:17.926112 1711473 cuda_executor.cc:279] [0] failed to unload module 0x5aecd413bdb0; leaking: INTERNAL: CUDA error: : CUDA_ERROR_ILLEGAL_ADDRESS: an illegal memory access was encountered
E0929 17:53:17.928040 1711473 cuda_executor.cc:279] [0] failed to unload module 0x5aecf591f050; leaking: INTERNAL: CUDA error: : CUDA_ERROR_ILLEGAL_ADDRESS: an illegal memory access was encountered
E0929 17:53:17.928565 1711473 cuda_executor.cc:279] [0] failed to unload module 0x5aeccf015a30; leaking: INTERNAL: CUDA error: : CUDA_ERROR_ILLEGAL_ADDRESS: an illegal memory access was encountered
E0929 17:53:17.930416 1711473 cuda_executor.cc:603] [0] error deallocating host memory at 0x204c02e00: INTERNAL: CUDA error: : CUDA_ERROR_ILLEGAL_ADDRESS: an illegal memory access was encountered
E0929 17:53:17.931083 1711473 cuda_executor.cc:279] [0] failed to unload module 0x5aecce6c74f0; leaking: INTERNAL: CUDA error: : CUDA_ERROR_ILLEGAL_ADDRESS: an illegal memory access was encountered
E0929 17:53:17.933556 1711473 cuda_executor.cc:603] [0] error deallocating host memory at 0x204c01600: INTERNAL: CUDA error: : CUDA_ERROR_ILLEGAL_ADDRESS: an illegal memory access was encountered
E0929 17:53:17.934264 1711473 cuda_executor.cc:279] [0] failed to unload module 0x5aec8a8b6e30; leaking: INTERNAL: CUDA error: : CUDA_ERROR_ILLEGAL_ADDRESS: an illegal memory access was encountered
E0929 17:53:17.936396 1711473 cuda_executor.cc:279] [0] failed to unload module 0x5aecf55fc940; leaking: INTERNAL: CUDA error: : CUDA_ERROR_ILLEGAL_ADDRESS: an illegal memory access was encountered
E0929 17:53:17.939080 1711473 cuda_executor.cc:279] [0] failed to unload module 0x5aecf50204f0; leaking: INTERNAL: CUDA error: : CUDA_ERROR_ILLEGAL_ADDRESS: an illegal memory access was encountered
E0929 17:53:17.939972 1711473 cuda_executor.cc:279] [0] failed to unload module 0x5aecd0961ce0; leaking: INTERNAL: CUDA error: : CUDA_ERROR_ILLEGAL_ADDRESS: an illegal memory access was encountered
E0929 17:53:17.941695 1711473 cuda_executor.cc:279] [0] failed to unload module 0x5aecd2f209e0; leaking: INTERNAL: CUDA error: : CUDA_ERROR_ILLEGAL_ADDRESS: an illegal memory access was encountered
E0929 17:53:17.942723 1711473 cuda_executor.cc:279] [0] failed to unload module 0x5aecf4d06490; leaking: INTERNAL: CUDA error: : CUDA_ERROR_ILLEGAL_ADDRESS: an illegal memory access was encountered
E0929 17:53:17.943881 1711473 cuda_executor.cc:279] [0] failed to unload module 0x5aecf3900ab0; leaking: INTERNAL: CUDA error: : CUDA_ERROR_ILLEGAL_ADDRESS: an illegal memory access was encountered
E0929 17:53:17.944141 1711473 cuda_executor.cc:279] [0] failed to unload module 0x5aecf2dc5850; leaking: INTERNAL: CUDA error: : CUDA_ERROR_ILLEGAL_ADDRESS: an illegal memory access was encountered
E0929 17:53:17.945649 1711473 cuda_executor.cc:279] [0] failed to unload module 0x5aec8a7712c0; leaking: INTERNAL: CUDA error: : CUDA_ERROR_ILLEGAL_ADDRESS: an illegal memory access was encountered
E0929 17:53:17.946301 1711473 cuda_executor.cc:279] [0] failed to unload module 0x5aeca34026d0; leaking: INTERNAL: CUDA error: : CUDA_ERROR_ILLEGAL_ADDRESS: an illegal memory access was encountered
E0929 17:53:17.946944 1711473 cuda_executor.cc:279] [0] failed to unload module 0x5aec9de47720; leaking: INTERNAL: CUDA error: : CUDA_ERROR_ILLEGAL_ADDRESS: an illegal memory access was encountered
E0929 17:53:17.947308 1711473 cuda_executor.cc:279] [0] failed to unload module 0x5aec90d50ac0; leaking: INTERNAL: CUDA error: : CUDA_ERROR_ILLEGAL_ADDRESS: an illegal memory access was encountered
E0929 17:53:17.948179 1711473 cuda_executor.cc:279] [0] failed to unload module 0x5aec99f56d30; leaking: INTERNAL: CUDA error: : CUDA_ERROR_ILLEGAL_ADDRESS: an illegal memory access was encountered
E0929 17:53:17.948960 1711473 cuda_executor.cc:279] [0] failed to unload module 0x5aeca853c2d0; leaking: INTERNAL: CUDA error: : CUDA_ERROR_ILLEGAL_ADDRESS: an illegal memory access was encountered
E0929 17:53:17.949872 1711473 cuda_executor.cc:279] [0] failed to unload module 0x77c2d8064ea0; leaking: INTERNAL: CUDA error: : CUDA_ERROR_ILLEGAL_ADDRESS: an illegal memory access was encountered
E0929 17:53:17.950858 1711473 cuda_executor.cc:279] [0] failed to unload module 0x5aeca1c11900; leaking: INTERNAL: CUDA error: : CUDA_ERROR_ILLEGAL_ADDRESS: an illegal memory access was encountered
E0929 17:53:17.951688 1711473 cuda_executor.cc:279] [0] failed to unload module 0x5aec93af5d50; leaking: INTERNAL: CUDA error: : CUDA_ERROR_ILLEGAL_ADDRESS: an illegal memory access was encountered
E0929 17:53:17.952287 1711473 cuda_executor.cc:279] [0] failed to unload module 0x77c31c142a50; leaking: INTERNAL: CUDA error: : CUDA_ERROR_ILLEGAL_ADDRESS: an illegal memory access was encountered
E0929 17:53:17.953154 1711473 cuda_executor.cc:279] [0] failed to unload module 0x5aeca8dfda50; leaking: INTERNAL: CUDA error: : CUDA_ERROR_ILLEGAL_ADDRESS: an illegal memory access was encountered
E0929 17:53:17.953953 1711473 cuda_executor.cc:279] [0] failed to unload module 0x5aec9c44d070; leaking: INTERNAL: CUDA error: : CUDA_ERROR_ILLEGAL_ADDRESS: an illegal memory access was encountered
E0929 17:53:17.954357 1711473 cuda_executor.cc:279] [0] failed to unload module 0x5aec93cbc1b0; leaking: INTERNAL: CUDA error: : CUDA_ERROR_ILLEGAL_ADDRESS: an illegal memory access was encountered
E0929 17:53:17.954791 1711473 cuda_executor.cc:279] [0] failed to unload module 0x77c2e00f0780; leaking: INTERNAL: CUDA error: : CUDA_ERROR_ILLEGAL_ADDRESS: an illegal memory access was encountered
E0929 17:53:17.955644 1711473 cuda_executor.cc:279] [0] failed to unload module 0x5aeca06aa140; leaking: INTERNAL: CUDA error: : CUDA_ERROR_ILLEGAL_ADDRESS: an illegal memory access was encountered
E0929 17:53:17.956169 1711473 cuda_executor.cc:279] [0] failed to unload module 0x5aec99324c60; leaking: INTERNAL: CUDA error: : CUDA_ERROR_ILLEGAL_ADDRESS: an illegal memory access was encountered
E0929 17:53:17.957488 1711473 cuda_executor.cc:279] [0] failed to unload module 0x5aec9b87eed0; leaking: INTERNAL: CUDA error: : CUDA_ERROR_ILLEGAL_ADDRESS: an illegal memory access was encountered
E0929 17:53:17.958193 1711473 cuda_executor.cc:279] [0] failed to unload module 0x5aec6b489410; leaking: INTERNAL: CUDA error: : CUDA_ERROR_ILLEGAL_ADDRESS: an illegal memory access was encountered
E0929 17:53:17.958731 1711473 cuda_executor.cc:279] [0] failed to unload module 0x5aeca14f26b0; leaking: INTERNAL: CUDA error: : CUDA_ERROR_ILLEGAL_ADDRESS: an illegal memory access was encountered
E0929 17:53:17.959520 1711473 cuda_executor.cc:279] [0] failed to unload module 0x5aeca2a86ca0; leaking: INTERNAL: CUDA error: : CUDA_ERROR_ILLEGAL_ADDRESS: an illegal memory access was encountered
E0929 17:53:17.960102 1711473 cuda_executor.cc:279] [0] failed to unload module 0x5aec9d186a20; leaking: INTERNAL: CUDA error: : CUDA_ERROR_ILLEGAL_ADDRESS: an illegal memory access was encountered
E0929 17:53:17.960894 1711473 cuda_executor.cc:279] [0] failed to unload module 0x5aecafdd9c30; leaking: INTERNAL: CUDA error: : CUDA_ERROR_ILLEGAL_ADDRESS: an illegal memory access was encountered
E0929 17:53:17.962261 1711473 cuda_executor.cc:279] [0] failed to unload module 0x5aec96b11bc0; leaking: INTERNAL: CUDA error: : CUDA_ERROR_ILLEGAL_ADDRESS: an illegal memory access was encountered
E0929 17:53:17.964055 1711473 cuda_executor.cc:279] [0] failed to unload module 0x5aece8153580; leaking: INTERNAL: CUDA error: : CUDA_ERROR_ILLEGAL_ADDRESS: an illegal memory access was encountered
E0929 17:53:17.966280 1711473 cuda_executor.cc:279] [0] failed to unload module 0x5aec88a434f0; leaking: INTERNAL: CUDA error: : CUDA_ERROR_ILLEGAL_ADDRESS: an illegal memory access was encountered
E0929 17:53:17.970590 1711473 cuda_executor.cc:279] [0] failed to unload module 0x5aecb5be3950; leaking: INTERNAL: CUDA error: : CUDA_ERROR_ILLEGAL_ADDRESS: an illegal memory access was encountered
E0929 17:53:17.971485 1711473 cuda_executor.cc:279] [0] failed to unload module 0x5aec6caac770; leaking: INTERNAL: CUDA error: : CUDA_ERROR_ILLEGAL_ADDRESS: an illegal memory access was encountered
E0929 17:53:17.972114 1711473 cuda_executor.cc:279] [0] failed to unload module 0x5aeca600ed30; leaking: INTERNAL: CUDA error: : CUDA_ERROR_ILLEGAL_ADDRESS: an illegal memory access was encountered
E0929 17:53:17.972917 1711473 cuda_executor.cc:279] [0] failed to unload module 0x5aec9ac7dcd0; leaking: INTERNAL: CUDA error: : CUDA_ERROR_ILLEGAL_ADDRESS: an illegal memory access was encountered
E0929 17:53:17.973689 1711473 cuda_executor.cc:279] [0] failed to unload module 0x5aec9b641f50; leaking: INTERNAL: CUDA error: : CUDA_ERROR_ILLEGAL_ADDRESS: an illegal memory access was encountered
E0929 17:53:17.974932 1711473 cuda_executor.cc:279] [0] failed to unload module 0x5aec9ae9da40; leaking: INTERNAL: CUDA error: : CUDA_ERROR_ILLEGAL_ADDRESS: an illegal memory access was encountered
E0929 17:53:17.977455 1711473 cuda_executor.cc:279] [0] failed to unload module 0x5aec9b6db030; leaking: INTERNAL: CUDA error: : CUDA_ERROR_ILLEGAL_ADDRESS: an illegal memory access was encountered
E0929 17:53:17.983430 1711473 cuda_executor.cc:279] [0] failed to unload module 0x5aecd23367d0; leaking: INTERNAL: CUDA error: : CUDA_ERROR_ILLEGAL_ADDRESS: an illegal memory access was encountered
E0929 17:53:17.985197 1711473 cuda_executor.cc:279] [0] failed to unload module 0x5aecce56d430; leaking: INTERNAL: CUDA error: : CUDA_ERROR_ILLEGAL_ADDRESS: an illegal memory access was encountered
E0929 17:53:17.987126 1711473 cuda_executor.cc:603] [0] error deallocating host memory at 0x204c02c00: INTERNAL: CUDA error: : CUDA_ERROR_ILLEGAL_ADDRESS: an illegal memory access was encountered
E0929 17:53:17.987729 1711473 cuda_executor.cc:603] [0] error deallocating host memory at 0x204c02a00: INTERNAL: CUDA error: : CUDA_ERROR_ILLEGAL_ADDRESS: an illegal memory access was encountered
E0929 17:53:17.988054 1711473 cuda_executor.cc:279] [0] failed to unload module 0x5aeccd883000; leaking: INTERNAL: CUDA error: : CUDA_ERROR_ILLEGAL_ADDRESS: an illegal memory access was encountered
E0929 17:53:17.990403 1711473 cuda_executor.cc:603] [0] error deallocating host memory at 0x204c01c00: INTERNAL: CUDA error: : CUDA_ERROR_ILLEGAL_ADDRESS: an illegal memory access was encountered
E0929 17:53:17.991070 1711473 cuda_executor.cc:279] [0] failed to unload module 0x5aecaba0bb50; leaking: INTERNAL: CUDA error: : CUDA_ERROR_ILLEGAL_ADDRESS: an illegal memory access was encountered
E0929 17:53:17.993860 1711473 cuda_executor.cc:603] [0] error deallocating host memory at 0x204c03000: INTERNAL: CUDA error: : CUDA_ERROR_ILLEGAL_ADDRESS: an illegal memory access was encountered
E0929 17:53:17.994683 1711473 cuda_executor.cc:279] [0] failed to unload module 0x5aeccfa4f180; leaking: INTERNAL: CUDA error: : CUDA_ERROR_ILLEGAL_ADDRESS: an illegal memory access was encountered
E0929 17:53:17.996673 1711473 cuda_executor.cc:603] [0] error deallocating host memory at 0x204c03400: INTERNAL: CUDA error: : CUDA_ERROR_ILLEGAL_ADDRESS: an illegal memory access was encountered
E0929 17:53:17.996793 1711473 cuda_executor.cc:279] [0] failed to unload module 0x5aecd05c5910; leaking: INTERNAL: CUDA error: : CUDA_ERROR_ILLEGAL_ADDRESS: an illegal memory access was encountered
E0929 17:53:17.997851 1711473 cuda_executor.cc:279] [0] failed to unload module 0x5aecd0affb80; leaking: INTERNAL: CUDA error: : CUDA_ERROR_ILLEGAL_ADDRESS: an illegal memory access was encountered
E0929 17:53:18.000071 1711473 cuda_executor.cc:279] [0] failed to unload module 0x5aecd17adb50; leaking: INTERNAL: CUDA error: : CUDA_ERROR_ILLEGAL_ADDRESS: an illegal memory access was encountered
E0929 17:53:18.001591 1711473 cuda_executor.cc:279] [0] failed to unload module 0x5aecd38614e0; leaking: INTERNAL: CUDA error: : CUDA_ERROR_ILLEGAL_ADDRESS: an illegal memory access was encountered
E0929 17:53:18.005654 1711473 cuda_executor.cc:279] [0] failed to unload module 0x5aecd4b1d970; leaking: INTERNAL: CUDA error: : CUDA_ERROR_ILLEGAL_ADDRESS: an illegal memory access was encountered
E0929 17:53:18.006957 1711473 cuda_executor.cc:279] [0] failed to unload module 0x5aec77257340; leaking: INTERNAL: CUDA error: : CUDA_ERROR_ILLEGAL_ADDRESS: an illegal memory access was encountered
E0929 17:53:18.009495 1711473 cuda_executor.cc:279] [0] failed to unload module 0x5aec6b4f5870; leaking: INTERNAL: CUDA error: : CUDA_ERROR_ILLEGAL_ADDRESS: an illegal memory access was encountered
E0929 17:53:18.010743 1711473 cuda_executor.cc:279] [0] failed to unload module 0x5aecfc3fdad0; leaking: INTERNAL: CUDA error: : CUDA_ERROR_ILLEGAL_ADDRESS: an illegal memory access was encountered
E0929 17:53:18.012792 1711473 cuda_executor.cc:279] [0] failed to unload module 0x5aecdb539fe0; leaking: INTERNAL: CUDA error: : CUDA_ERROR_ILLEGAL_ADDRESS: an illegal memory access was encountered
E0929 17:53:18.014083 1711473 cuda_executor.cc:279] [0] failed to unload module 0x5aecde499440; leaking: INTERNAL: CUDA error: : CUDA_ERROR_ILLEGAL_ADDRESS: an illegal memory access was encountered
E0929 17:53:18.015164 1711473 cuda_executor.cc:279] [0] failed to unload module 0x5aecfe178b70; leaking: INTERNAL: CUDA error: : CUDA_ERROR_ILLEGAL_ADDRESS: an illegal memory access was encountered
E0929 17:53:18.016333 1711473 cuda_executor.cc:279] [0] failed to unload module 0x5aecedcf1070; leaking: INTERNAL: CUDA error: : CUDA_ERROR_ILLEGAL_ADDRESS: an illegal memory access was encountered
E0929 17:53:18.017941 1711473 cuda_executor.cc:279] [0] failed to unload module 0x5aece32a27a0; leaking: INTERNAL: CUDA error: : CUDA_ERROR_ILLEGAL_ADDRESS: an illegal memory access was encountered
E0929 17:53:18.021201 1711473 cuda_executor.cc:279] [0] failed to unload module 0x5aecef4a12c0; leaking: INTERNAL: CUDA error: : CUDA_ERROR_ILLEGAL_ADDRESS: an illegal memory access was encountered
E0929 17:53:18.022878 1711473 cuda_executor.cc:279] [0] failed to unload module 0x5aecfe34f9e0; leaking: INTERNAL: CUDA error: : CUDA_ERROR_ILLEGAL_ADDRESS: an illegal memory access was encountered
E0929 17:53:18.024015 1711473 cuda_executor.cc:279] [0] failed to unload module 0x5aed02b9e320; leaking: INTERNAL: CUDA error: : CUDA_ERROR_ILLEGAL_ADDRESS: an illegal memory access was encountered
E0929 17:53:18.025810 1711473 cuda_executor.cc:279] [0] failed to unload module 0x5aece3958150; leaking: INTERNAL: CUDA error: : CUDA_ERROR_ILLEGAL_ADDRESS: an illegal memory access was encountered
E0929 17:53:18.027049 1711473 cuda_executor.cc:279] [0] failed to unload module 0x5aece65bbb70; leaking: INTERNAL: CUDA error: : CUDA_ERROR_ILLEGAL_ADDRESS: an illegal memory access was encountered
E0929 17:53:18.027794 1711473 cuda_executor.cc:279] [0] failed to unload module 0x77c328024b90; leaking: INTERNAL: CUDA error: : CUDA_ERROR_ILLEGAL_ADDRESS: an illegal memory access was encountered
E0929 17:53:18.028942 1711473 cuda_executor.cc:279] [0] failed to unload module 0x5aecdbf73220; leaking: INTERNAL: CUDA error: : CUDA_ERROR_ILLEGAL_ADDRESS: an illegal memory access was encountered
E0929 17:53:18.030855 1711473 cuda_executor.cc:603] [0] error deallocating host memory at 0x204c03e00: INTERNAL: CUDA error: : CUDA_ERROR_ILLEGAL_ADDRESS: an illegal memory access was encountered
E0929 17:53:18.031452 1711473 cuda_executor.cc:603] [0] error deallocating host memory at 0x204c04000: INTERNAL: CUDA error: : CUDA_ERROR_ILLEGAL_ADDRESS: an illegal memory access was encountered
E0929 17:53:18.031769 1711473 cuda_executor.cc:603] [0] error deallocating host memory at 0x204c04200: INTERNAL: CUDA error: : CUDA_ERROR_ILLEGAL_ADDRESS: an illegal memory access was encountered
E0929 17:53:18.032132 1711473 cuda_executor.cc:279] [0] failed to unload module 0x5aece9c54300; leaking: INTERNAL: CUDA error: : CUDA_ERROR_ILLEGAL_ADDRESS: an illegal memory access was encountered
E0929 17:53:18.035073 1711473 cuda_executor.cc:279] [0] failed to unload module 0x5aece7f93fe0; leaking: INTERNAL: CUDA error: : CUDA_ERROR_ILLEGAL_ADDRESS: an illegal memory access was encountered
E0929 17:53:18.035993 1711473 cuda_executor.cc:279] [0] failed to unload module 0x5aece8153320; leaking: INTERNAL: CUDA error: : CUDA_ERROR_ILLEGAL_ADDRESS: an illegal memory access was encountered
E0929 17:53:18.037164 1711473 cuda_executor.cc:279] [0] failed to unload module 0x5aecde609aa0; leaking: INTERNAL: CUDA error: : CUDA_ERROR_ILLEGAL_ADDRESS: an illegal memory access was encountered
E0929 17:53:18.039062 1711473 cuda_executor.cc:279] [0] failed to unload module 0x5aece8fc5730; leaking: INTERNAL: CUDA error: : CUDA_ERROR_ILLEGAL_ADDRESS: an illegal memory access was encountered
E0929 17:53:18.040724 1711473 cuda_executor.cc:279] [0] failed to unload module 0x5aed02e15f10; leaking: INTERNAL: CUDA error: : CUDA_ERROR_ILLEGAL_ADDRESS: an illegal memory access was encountered
E0929 17:53:18.040908 1711473 cuda_executor.cc:279] [0] failed to unload module 0x5aed034fbac0; leaking: INTERNAL: CUDA error: : CUDA_ERROR_ILLEGAL_ADDRESS: an illegal memory access was encountered
E0929 17:53:18.041036 1711473 cuda_executor.cc:279] [0] failed to unload module 0x5aece93029b0; leaking: INTERNAL: CUDA error: : CUDA_ERROR_ILLEGAL_ADDRESS: an illegal memory access was encountered
E0929 17:53:18.041218 1711473 cuda_executor.cc:279] [0] failed to unload module 0x5aed035c49f0; leaking: INTERNAL: CUDA error: : CUDA_ERROR_ILLEGAL_ADDRESS: an illegal memory access was encountered
E0929 17:53:18.043021 1711473 cuda_executor.cc:279] [0] failed to unload module 0x5aece95bb5e0; leaking: INTERNAL: CUDA error: : CUDA_ERROR_ILLEGAL_ADDRESS: an illegal memory access was encountered
E0929 17:53:18.044037 1711473 cuda_executor.cc:279] [0] failed to unload module 0x5aecf0115f80; leaking: INTERNAL: CUDA error: : CUDA_ERROR_ILLEGAL_ADDRESS: an illegal memory access was encountered
E0929 17:53:18.045603 1711473 cuda_executor.cc:279] [0] failed to unload module 0x5aece976a870; leaking: INTERNAL: CUDA error: : CUDA_ERROR_ILLEGAL_ADDRESS: an illegal memory access was encountered
E0929 17:53:18.046690 1711473 cuda_executor.cc:279] [0] failed to unload module 0x5aed03984470; leaking: INTERNAL: CUDA error: : CUDA_ERROR_ILLEGAL_ADDRESS: an illegal memory access was encountered
E0929 17:53:18.046973 1711473 cuda_executor.cc:279] [0] failed to unload module 0x5aecf0a93e80; leaking: INTERNAL: CUDA error: : CUDA_ERROR_ILLEGAL_ADDRESS: an illegal memory access was encountered
E0929 17:53:18.047921 1711473 cuda_executor.cc:279] [0] failed to unload module 0x5aeceb4ffa50; leaking: INTERNAL: CUDA error: : CUDA_ERROR_ILLEGAL_ADDRESS: an illegal memory access was encountered
E0929 17:53:18.048983 1711473 cuda_executor.cc:603] [0] error deallocating host memory at 0x204c04c00: INTERNAL: CUDA error: : CUDA_ERROR_ILLEGAL_ADDRESS: an illegal memory access was encountered
E0929 17:53:18.049388 1711473 cuda_executor.cc:603] [0] error deallocating host memory at 0x204c04a00: INTERNAL: CUDA error: : CUDA_ERROR_ILLEGAL_ADDRESS: an illegal memory access was encountered
E0929 17:53:18.049926 1711473 cuda_executor.cc:279] [0] failed to unload module 0x5aecef64e2f0; leaking: INTERNAL: CUDA error: : CUDA_ERROR_ILLEGAL_ADDRESS: an illegal memory access was encountered
E0929 17:53:18.051145 1711473 cuda_executor.cc:603] [0] error deallocating host memory at 0x204c05000: INTERNAL: CUDA error: : CUDA_ERROR_ILLEGAL_ADDRESS: an illegal memory access was encountered
E0929 17:53:18.051738 1711473 cuda_executor.cc:603] [0] error deallocating host memory at 0x204c04e00: INTERNAL: CUDA error: : CUDA_ERROR_ILLEGAL_ADDRESS: an illegal memory access was encountered
E0929 17:53:18.052540 1711473 cuda_executor.cc:279] [0] failed to unload module 0x5aecef5d0f80; leaking: INTERNAL: CUDA error: : CUDA_ERROR_ILLEGAL_ADDRESS: an illegal memory access was encountered
E0929 17:53:18.054072 1711473 cuda_executor.cc:279] [0] failed to unload module 0x5aecee68b820; leaking: INTERNAL: CUDA error: : CUDA_ERROR_ILLEGAL_ADDRESS: an illegal memory access was encountered
E0929 17:53:18.054636 1711473 cuda_executor.cc:279] [0] failed to unload module 0x5aeceece1e00; leaking: INTERNAL: CUDA error: : CUDA_ERROR_ILLEGAL_ADDRESS: an illegal memory access was encountered
E0929 17:53:18.055038 1711473 cuda_executor.cc:279] [0] failed to unload module 0x5aeced933930; leaking: INTERNAL: CUDA error: : CUDA_ERROR_ILLEGAL_ADDRESS: an illegal memory access was encountered
E0929 17:53:18.055193 1711473 cuda_executor.cc:279] [0] failed to unload module 0x5aecea1c3380; leaking: INTERNAL: CUDA error: : CUDA_ERROR_ILLEGAL_ADDRESS: an illegal memory access was encountered
E0929 17:53:18.055441 1711473 cuda_executor.cc:279] [0] failed to unload module 0x5aecf0709f80; leaking: INTERNAL: CUDA error: : CUDA_ERROR_ILLEGAL_ADDRESS: an illegal memory access was encountered
E0929 17:53:18.056229 1711473 cuda_executor.cc:279] [0] failed to unload module 0x5aecedd4bc90; leaking: INTERNAL: CUDA error: : CUDA_ERROR_ILLEGAL_ADDRESS: an illegal memory access was encountered
E0929 17:53:18.056417 1711473 cuda_executor.cc:279] [0] failed to unload module 0x5aecaf43b800; leaking: INTERNAL: CUDA error: : CUDA_ERROR_ILLEGAL_ADDRESS: an illegal memory access was encountered
E0929 17:53:18.061156 1711473 cuda_executor.cc:603] [0] error deallocating host memory at 0x204c04400: INTERNAL: CUDA error: : CUDA_ERROR_ILLEGAL_ADDRESS: an illegal memory access was encountered
E0929 17:53:18.061534 1711473 cuda_executor.cc:603] [0] error deallocating host memory at 0x204c04600: INTERNAL: CUDA error: : CUDA_ERROR_ILLEGAL_ADDRESS: an illegal memory access was encountered
E0929 17:53:18.062097 1711473 cuda_executor.cc:603] [0] error deallocating host memory at 0x204c04800: INTERNAL: CUDA error: : CUDA_ERROR_ILLEGAL_ADDRESS: an illegal memory access was encountered
E0929 17:53:18.062262 1711473 cuda_executor.cc:279] [0] failed to unload module 0x5aecec6db8b0; leaking: INTERNAL: CUDA error: : CUDA_ERROR_ILLEGAL_ADDRESS: an illegal memory access was encountered
E0929 17:53:18.066660 1711473 cuda_executor.cc:279] [0] failed to unload module 0x5aecec3695c0; leaking: INTERNAL: CUDA error: : CUDA_ERROR_ILLEGAL_ADDRESS: an illegal memory access was encountered
E0929 17:53:18.067408 1711473 cuda_executor.cc:279] [0] failed to unload module 0x5aecede7dd60; leaking: INTERNAL: CUDA error: : CUDA_ERROR_ILLEGAL_ADDRESS: an illegal memory access was encountered
E0929 17:53:18.068026 1711473 cuda_executor.cc:279] [0] failed to unload module 0x5aecf0ed80b0; leaking: INTERNAL: CUDA error: : CUDA_ERROR_ILLEGAL_ADDRESS: an illegal memory access was encountered
E0929 17:53:18.068952 1711473 cuda_executor.cc:279] [0] failed to unload module 0x77c314169e20; leaking: INTERNAL: CUDA error: : CUDA_ERROR_ILLEGAL_ADDRESS: an illegal memory access was encountered
E0929 17:53:18.069160 1711473 cuda_executor.cc:279] [0] failed to unload module 0x77c2e01d5380; leaking: INTERNAL: CUDA error: : CUDA_ERROR_ILLEGAL_ADDRESS: an illegal memory access was encountered
E0929 17:53:18.069574 1711473 cuda_executor.cc:279] [0] failed to unload module 0x5aecf24703f0; leaking: INTERNAL: CUDA error: : CUDA_ERROR_ILLEGAL_ADDRESS: an illegal memory access was encountered
E0929 17:53:18.070211 1711473 cuda_executor.cc:279] [0] failed to unload module 0x5aecf13157c0; leaking: INTERNAL: CUDA error: : CUDA_ERROR_ILLEGAL_ADDRESS: an illegal memory access was encountered
E0929 17:53:18.073269 1711473 cuda_executor.cc:279] [0] failed to unload module 0x5aecac450b70; leaking: INTERNAL: CUDA error: : CUDA_ERROR_ILLEGAL_ADDRESS: an illegal memory access was encountered
E0929 17:53:18.076247 1711473 cuda_executor.cc:279] [0] failed to unload module 0x5aecaeef1ad0; leaking: INTERNAL: CUDA error: : CUDA_ERROR_ILLEGAL_ADDRESS: an illegal memory access was encountered
E0929 17:53:18.078293 1711473 cuda_executor.cc:279] [0] failed to unload module 0x5aecaffe1fd0; leaking: INTERNAL: CUDA error: : CUDA_ERROR_ILLEGAL_ADDRESS: an illegal memory access was encountered
E0929 17:53:18.079945 1711473 cuda_executor.cc:603] [0] error deallocating host memory at 0x204c00400: INTERNAL: CUDA error: : CUDA_ERROR_ILLEGAL_ADDRESS: an illegal memory access was encountered
E0929 17:53:18.080321 1711473 cuda_executor.cc:279] [0] failed to unload module 0x5aec690724c0; leaking: INTERNAL: CUDA error: : CUDA_ERROR_ILLEGAL_ADDRESS: an illegal memory access was encountered
E0929 17:53:18.081249 1711473 cuda_executor.cc:279] [0] failed to unload module 0x5aece91c3c10; leaking: INTERNAL: CUDA error: : CUDA_ERROR_ILLEGAL_ADDRESS: an illegal memory access was encountered
