E0917 20:43:50.894810  540135 cuda_executor.cc:1743] Could not get kernel mode driver version: ( INVALID_ARGUMENT: Version does not match the format X.Y.Z )
E0917 20:43:50.907659  540038 cuda_executor.cc:1743] Could not get kernel mode driver version: ( INVALID_ARGUMENT: Version does not match the format X.Y.Z )
DEVICE requested=gpu obtained=gpu (1x NVIDIA GeForce RTX 5070 Laptop GPU)
  [mem] RSS 0.82 GB  peak 0.82 GB
/home/singh/Documents/DESC2/coil_sandbox/vendor/desc/utils.py:590: UserWarning: Unequal number of field periods for grid 1 and basis 2.
  warnings.warn(msg, err)
/home/singh/Documents/DESC2/coil_sandbox/vendor/desc/utils.py:590: UserWarning: Unequal number of field periods for grid 1 and basis 2.
  warnings.warn(msg, err)
eq sample_equilibria/helios_repro.h5 (h5) NFP 2 sym True; start work/helios/xyz_ceiling/start_N8.h5: 3 unique coils, arc=False, expect 12 coils; source grid uniform (801 nodes/coil), length grid uniform (801), constraint grid 301, curvature grid 301; mode stage2; plasma field included (virtual casing)
SETTINGS {'eq': 'sample_equilibria/helios_repro.h5', 'start': 'work/helios/xyz_ceiling/start_N8.h5', 'out': 'work/helios/xyz_ceiling/N8', 'mode': 'stage2', 'length_mult': 1.0, 'margin': 0.0, 'fix_hinges': False, 'anchor_weight': 0.001, 'margin_skip': '', 'a': None, 'bounds': 'bounds/helios_kruger2026_noconvex.json', 'device': 'gpu', 'vacuum': False, 'maxiter': 250, 'check_every': 25, 'ckpt_every': 50, 'diag_log': None, 'dcc_backoff': 0.025, 'dpc_backoff': 0.02, 'no_arc_backoffs': False, 'convex_form': 'signed', 'convex_kmin': 0.0, 'convex_backoff': 0.5, 'planarity': 'auto', 'planarity_tol': 0.0, 'speed_floor': 0.0, 'arclength_weight': 0.0, 'torsion_weight': 0.0, 'coil_grid_n': 150, 'kappa_grid_n': None, 'eval_m': 25, 'eval_n': 25, 'plasma_m': 64, 'plasma_n': 64, 'src_gl': 24, 'src_n': 400, 'vc_m': None, 'vc_n': None, 'vc_chunk': 64, 'dcc_k': 20000, 'dpc_k': 20000, 'no_signed': False, 'dcc_neighbors': None, 'dcc_chunk': 4, 'dpc_chunk': 1, 'qf_chunk': 25, 'coil_jac_chunk': None, 'no_second_order': False, 'so_chunk': 16, 'so_rtol': 0.05, 'max_tr': 0.5, 'max_inner_iter': 100, 'ctol': 0.0001}
BOUNDS (judged, absolute, a=1.77186) L 36  Ltot -  kappa 1.5  kms -  convex -  planar -  dcc 1.2  dpc 1.2
ENFORCED L 36  Ltot -  kappa 1.5  kms -  convex -  planar -  dcc 1.23  dpc 1.224
START  bn 4.0233e-02  L 1.000  kappa 0.398  d_cc 1.683  d_pc 1.376  linked 0  coils 12  -> FEASIBLE
Building objective: Quadratic flux
Precomputing transforms
/home/singh/Documents/DESC2/coil_sandbox/vendor/desc/utils.py:590: UserWarning: Could not build fft interpolator, switching to dft which is slow.
Reason: Got False for eval_grid.can_fft2.
  warnings.warn(msg, err)
  [mem] RSS 6.50 GB  peak 6.50 GB
  [mem] RSS 6.72 GB  peak 6.72 GB
  [mem] RSS 6.87 GB  peak 6.87 GB
Timer: Precomputing transforms = 1.27 min
Timer: Objective build = 1.29 min
Building objective: summed coil current
Building objective: fixed shift
Building objective: fixed rotation
Timer: Objective build = 369 ms
Building objective: coil length
Precomputing transforms
Timer: Precomputing transforms = 197 ms
Building objective: coil curvature
Precomputing transforms
Timer: Precomputing transforms = 3.55 ms
Building objective: coil-coil distance penalty
Building objective: plasma-coil distance penalty
Timer: Objective build = 3.58 sec
Timer: LinearConstraintProjection build = 2.00 sec
Timer: LinearConstraintProjection build = 268 ms
Number of parameters: 155
Number of objectives: 1326
Number of equality constraints: 0
Number of inequality constraints: 933
Timer: Initializing the optimization = 1.40 min

Starting optimization
Using method: lsq-auglag
  [mem] RSS 4.25 GB  peak 6.87 GB
Solver options:
------------------------------------------------------------
Maximum Function Evaluations       : 1251
Maximum Allowed Total Δx Norm      : inf
Scaled Termination                 : True
Trust Region Method                : svd
Initial Trust Radius               : 8.343e-01
Maximum Trust Radius               : 5.000e-01
Minimum Trust Radius               : 2.220e-16
Trust Radius Increase Ratio        : 4.000e+00
Trust Radius Decrease Ratio        : 2.500e-01
Trust Radius Increase Threshold    : 7.500e-01
Trust Radius Decrease Threshold    : 5.000e-01
Alpha Omega                        : 1.000e+00
Beta Omega                         : 1.000e+00
Alpha Eta                          : 1.000e-01
Beta Eta                           : 9.000e-01
Omega                              : 1.000e-02
Eta                                : 1.000e-02
Tau                                : 1.000e+01
------------------------------------------------------------ 

   Iteration     Total nfev        Cost      Cost reduction    Step norm     Optimality    Constr viol.   Penalty param  max(|mltplr|)      gtolk     
       0              1          9.861e-02                                    2.042e-01      0.000e+00      1.000e+01      0.000e+00      1.000e-03   
second_order: compiling constraint Hessian for blocks CoilLength, CoilCurvature
       1              4          9.398e-02      4.632e-03      4.545e-02      5.301e-02      6.024e-04      1.000e+01      0.000e+00      1.000e-03   
       2              5          9.274e-02      1.238e-03      1.533e-02      4.687e-02      1.048e-03      1.000e+01      0.000e+00      1.000e-03   
       3              6          8.630e-02      6.442e-03      7.358e-02      3.894e-02      1.854e-03      1.000e+01      0.000e+00      1.000e-03   
       4              7          6.544e-02      2.086e-02      2.924e-01      4.758e-02      7.207e-03      1.000e+01      0.000e+00      1.000e-03   
  [mem] RSS 4.73 GB  peak 6.87 GB
       5              9          6.254e-02      2.900e-03      6.055e-02      1.941e-02      3.182e-03      1.000e+01      0.000e+00      1.000e-03   
       6             10          4.782e-02      1.472e-02      2.447e-01      2.249e-02      7.493e-03      1.000e+01      0.000e+00      1.000e-03   
       7             11          3.000e-02      1.782e-02      3.836e-01      4.299e-02      1.401e-02      1.000e+01      0.000e+00      1.000e-03   
       8             12          2.043e-02      9.570e-03      3.611e-01      2.435e-02      7.986e-03      1.000e+01      0.000e+00      1.000e-03   
       9             13          1.498e-02      5.448e-03      3.633e-01      2.256e-02      7.393e-03      1.000e+01      0.000e+00      1.000e-03   
      10             15          1.397e-02      1.011e-03      9.657e-02      3.517e-03      1.179e-03      1.000e+01      0.000e+00      1.000e-03   
      11             16          1.287e-02      1.104e-03      1.192e-01      9.207e-03      1.628e-03      1.000e+01      0.000e+00      1.000e-03   
      12             17          1.261e-02      2.543e-04      3.709e-02      2.031e-03      5.992e-04      1.000e+01      0.000e+00      1.000e-03   
      13             18          1.141e-02      1.202e-03      1.609e-01      5.545e-03      1.904e-03      1.000e+01      0.000e+00      1.000e-03   
      14             19          9.454e-03      1.958e-03      3.454e-01      1.516e-02      5.207e-03      1.000e+01      0.000e+00      1.000e-03   
      15             20          8.422e-03      1.032e-03      2.586e-01      9.494e-03      2.793e-03      1.000e+01      0.000e+00      1.000e-03   
      16             22          8.163e-03      2.589e-04      7.826e-02      1.580e-03      6.359e-04      1.000e+01      0.000e+00      1.000e-03   
  [mem] RSS 4.73 GB  peak 6.87 GB
      17             23          7.278e-03      8.847e-04      2.701e-01      1.652e-02      5.673e-03      1.000e+01      0.000e+00      1.000e-03   
      18             25          7.129e-03      1.490e-04      6.369e-02      1.693e-03      3.642e-04      1.000e+01      3.687e-03      1.693e-04   
      19             26          6.507e-03      6.221e-04      2.155e-01      1.781e-02      5.621e-03      1.000e+01      3.687e-03      1.693e-04   
      20             27          6.429e-03      7.812e-05      7.414e-02      2.297e-03      1.424e-04      1.000e+01      3.687e-03      1.693e-04   
      21             30          6.394e-03      3.469e-05      1.426e-02      3.549e-04      0.000e+00      1.000e+01      3.687e-03      1.693e-04   
      22             31          6.259e-03      1.347e-04      5.020e-02      1.556e-03      2.944e-04      1.000e+01      3.687e-03      1.693e-04   
second_order: compiling constraint Hessian for blocks CoilLength, CoilCurvature, CoilSetDistancePenalty
  [mem] RSS 5.04 GB  peak 6.87 GB
E0917 20:47:23.759633  540038 cuda_fft.cc:256] Failed to make cuFFT batched plan: 5
E0917 20:47:23.759688  540038 cuda_fft.cc:323] Initialize Params: rank: 1 elem_count: 801 input_embed: 801 input_stride: 1 input_distance: 801 output_embed: 801 output_stride: 1 output_distance: 801 batch_count: 3
E0917 20:47:23.759700  540038 cuda_fft.cc:332] Failed to initialize batched cufft plan with customized allocator: Failed to make cuFFT batched plan.
E0917 20:47:23.772436  540038 status_macros.cc:58] INTERNAL: RET_CHECK failure (external/xla/xla/backends/gpu/runtime/fft_thunk.cc:199) fft_plan != nullptr Failed to create cuFFT batched plan with scratch allocator
*** Begin stack trace ***
	
	
	
	
	
	
	
	
	
	
	
	
	
	
	
	
	
	
	
	
	
	
	
	
	PyObject_Vectorcall
	_PyEval_EvalFrameDefault
	_PyObject_FastCallDictTstate
	_PyObject_Call_Prepend
	
	_PyObject_Call
	_PyEval_EvalFrameDefault
	PyObject_Vectorcall
	
	
	PyObject_Vectorcall
	_PyEval_EvalFrameDefault
	PyEval_EvalCode
	
	
	
	_PyRun_SimpleFileObject
	_PyRun_AnyFileObject
	Py_RunMain
	Py_BytesMain
	
	__libc_start_main
	
*** End stack trace ***

Traceback (most recent call last):
  File "/home/singh/Documents/DESC2/coil_sandbox/run_one.py", line 384, in <module>
    main()
  File "/home/singh/Documents/DESC2/coil_sandbox/run_one.py", line 338, in main
    (cs1,), res = Optimizer("lsq-auglag").optimize(cs0, objective=objective, constraints=tuple(cons),
                  ^^^^^^^^^^^^^^^^^^^^^^^^^^^^^^^^^^^^^^^^^^^^^^^^^^^^^^^^^^^^^^^^^^^^^^^^^^^^^^^^^^^
  File "/home/singh/Documents/DESC2/coil_sandbox/vendor/desc/optimize/optimizer.py", line 318, in optimize
    result = optimizers[method]["fun"](
             ^^^^^^^^^^^^^^^^^^^^^^^^^^
  File "/home/singh/Documents/DESC2/coil_sandbox/vendor/desc/optimize/_desc_wrappers.py", line 394, in _optimize_desc_aug_lagrangian_least_squares
    result = lsq_auglag(
             ^^^^^^^^^^^
  File "/home/singh/Documents/DESC2/coil_sandbox/vendor/desc/optimize/aug_lagrangian_ls.py", line 1238, in lsq_auglag
    S = _second_order_S(z, c, y, mu)
        ^^^^^^^^^^^^^^^^^^^^^^^^^^^^
  File "/home/singh/Documents/DESC2/coil_sandbox/vendor/desc/optimize/aug_lagrangian_ls.py", line 596, in _second_order_S
    Sx = 0.5 * (Sx + Sx.T)
         ~~~~^~~~~~~~~~~~~
  File "/home/singh/miniforge3/envs/desc-env2/lib/python3.12/site-packages/jax/_src/numpy/array_methods.py", line 714, in _operator_rmul
    return ufuncs.multiply(cast(ArrayLike, other), self)
           ^^^^^^^^^^^^^^^^^^^^^^^^^^^^^^^^^^^^^^^^^^^^^
  File "/home/singh/miniforge3/envs/desc-env2/lib/python3.12/site-packages/jax/_src/numpy/ufunc_api.py", line 182, in __call__
    return call(*args)
           ^^^^^^^^^^^
jax.errors.JaxRuntimeError: INTERNAL: CUDA error: Error recording CUDA event: CUDA_ERROR_ILLEGAL_ADDRESS: an illegal memory access was encountered
--------------------
For simplicity, JAX has removed its internal frames from the traceback of the following exception. Set JAX_TRACEBACK_FILTERING=off to include these.
E0917 20:47:23.802627  540038 cuda_executor.cc:279] [0] failed to unload module 0x63afcc1ac910; leaking: INTERNAL: CUDA error: : CUDA_ERROR_ILLEGAL_ADDRESS: an illegal memory access was encountered
E0917 20:47:23.806160  540038 cuda_executor.cc:279] [0] failed to unload module 0x63afcb56d320; leaking: INTERNAL: CUDA error: : CUDA_ERROR_ILLEGAL_ADDRESS: an illegal memory access was encountered
E0917 20:47:23.812988  540038 cuda_executor.cc:279] [0] failed to unload module 0x63afa88df3e0; leaking: INTERNAL: CUDA error: : CUDA_ERROR_ILLEGAL_ADDRESS: an illegal memory access was encountered
E0917 20:47:23.821367  540038 cuda_executor.cc:279] [0] failed to unload module 0x70feac080470; leaking: INTERNAL: CUDA error: : CUDA_ERROR_ILLEGAL_ADDRESS: an illegal memory access was encountered
E0917 20:47:23.822701  540038 cuda_executor.cc:279] [0] failed to unload module 0x63afcffd51c0; leaking: INTERNAL: CUDA error: : CUDA_ERROR_ILLEGAL_ADDRESS: an illegal memory access was encountered
E0917 20:47:23.823310  540038 cuda_executor.cc:279] [0] failed to unload module 0x63afa7d11db0; leaking: INTERNAL: CUDA error: : CUDA_ERROR_ILLEGAL_ADDRESS: an illegal memory access was encountered
E0917 20:47:23.823923  540038 cuda_executor.cc:279] [0] failed to unload module 0x63afa7318770; leaking: INTERNAL: CUDA error: : CUDA_ERROR_ILLEGAL_ADDRESS: an illegal memory access was encountered
E0917 20:47:23.824623  540038 cuda_executor.cc:279] [0] failed to unload module 0x63afcb0da750; leaking: INTERNAL: CUDA error: : CUDA_ERROR_ILLEGAL_ADDRESS: an illegal memory access was encountered
E0917 20:47:23.825385  540038 cuda_executor.cc:279] [0] failed to unload module 0x63afc9bf3e90; leaking: INTERNAL: CUDA error: : CUDA_ERROR_ILLEGAL_ADDRESS: an illegal memory access was encountered
E0917 20:47:23.826117  540038 cuda_executor.cc:279] [0] failed to unload module 0x63afa4ed64f0; leaking: INTERNAL: CUDA error: : CUDA_ERROR_ILLEGAL_ADDRESS: an illegal memory access was encountered
E0917 20:47:23.826770  540038 cuda_executor.cc:279] [0] failed to unload module 0x63afae74b2e0; leaking: INTERNAL: CUDA error: : CUDA_ERROR_ILLEGAL_ADDRESS: an illegal memory access was encountered
E0917 20:47:23.827449  540038 cuda_executor.cc:279] [0] failed to unload module 0x70fe841a9290; leaking: INTERNAL: CUDA error: : CUDA_ERROR_ILLEGAL_ADDRESS: an illegal memory access was encountered
E0917 20:47:23.829622  540038 cuda_executor.cc:279] [0] failed to unload module 0x63afaee2f1a0; leaking: INTERNAL: CUDA error: : CUDA_ERROR_ILLEGAL_ADDRESS: an illegal memory access was encountered
E0917 20:47:23.840026  540038 cuda_executor.cc:279] [0] failed to unload module 0x63afcd1e49d0; leaking: INTERNAL: CUDA error: : CUDA_ERROR_ILLEGAL_ADDRESS: an illegal memory access was encountered
E0917 20:47:23.843029  540038 cuda_executor.cc:279] [0] failed to unload module 0x63afaf9719b0; leaking: INTERNAL: CUDA error: : CUDA_ERROR_ILLEGAL_ADDRESS: an illegal memory access was encountered
E0917 20:47:23.853826  540038 cuda_executor.cc:279] [0] failed to unload module 0x63afa4c391c0; leaking: INTERNAL: CUDA error: : CUDA_ERROR_ILLEGAL_ADDRESS: an illegal memory access was encountered
E0917 20:47:23.857258  540038 cuda_executor.cc:279] [0] failed to unload module 0x63afa8465f30; leaking: INTERNAL: CUDA error: : CUDA_ERROR_ILLEGAL_ADDRESS: an illegal memory access was encountered
E0917 20:47:23.859757  540038 cuda_executor.cc:279] [0] failed to unload module 0x63afcb26b0b0; leaking: INTERNAL: CUDA error: : CUDA_ERROR_ILLEGAL_ADDRESS: an illegal memory access was encountered
E0917 20:47:23.865666  540038 cuda_executor.cc:279] [0] failed to unload module 0x63afcd08c8c0; leaking: INTERNAL: CUDA error: : CUDA_ERROR_ILLEGAL_ADDRESS: an illegal memory access was encountered
E0917 20:47:23.866657  540038 cuda_executor.cc:279] [0] failed to unload module 0x63afcd7ea260; leaking: INTERNAL: CUDA error: : CUDA_ERROR_ILLEGAL_ADDRESS: an illegal memory access was encountered
E0917 20:47:23.867304  540038 cuda_executor.cc:279] [0] failed to unload module 0x63afa75dcba0; leaking: INTERNAL: CUDA error: : CUDA_ERROR_ILLEGAL_ADDRESS: an illegal memory access was encountered
E0917 20:47:23.868038  540038 cuda_executor.cc:279] [0] failed to unload module 0x63afaea109d0; leaking: INTERNAL: CUDA error: : CUDA_ERROR_ILLEGAL_ADDRESS: an illegal memory access was encountered
E0917 20:47:23.871328  540038 cuda_executor.cc:279] [0] failed to unload module 0x63afcb6a7f20; leaking: INTERNAL: CUDA error: : CUDA_ERROR_ILLEGAL_ADDRESS: an illegal memory access was encountered
E0917 20:47:23.872605  540038 cuda_executor.cc:279] [0] failed to unload module 0x63afadc09210; leaking: INTERNAL: CUDA error: : CUDA_ERROR_ILLEGAL_ADDRESS: an illegal memory access was encountered
E0917 20:47:23.874857  540038 cuda_executor.cc:279] [0] failed to unload module 0x63afa8f8fe70; leaking: INTERNAL: CUDA error: : CUDA_ERROR_ILLEGAL_ADDRESS: an illegal memory access was encountered
E0917 20:47:23.875831  540038 cuda_executor.cc:279] [0] failed to unload module 0x63afb0023990; leaking: INTERNAL: CUDA error: : CUDA_ERROR_ILLEGAL_ADDRESS: an illegal memory access was encountered
E0917 20:47:23.878503  540038 cuda_executor.cc:279] [0] failed to unload module 0x63afcdf54f40; leaking: INTERNAL: CUDA error: : CUDA_ERROR_ILLEGAL_ADDRESS: an illegal memory access was encountered
E0917 20:47:23.880642  540038 cuda_executor.cc:279] [0] failed to unload module 0x63afc9979760; leaking: INTERNAL: CUDA error: : CUDA_ERROR_ILLEGAL_ADDRESS: an illegal memory access was encountered
E0917 20:47:23.881991  540038 cuda_executor.cc:279] [0] failed to unload module 0x63afca2f64f0; leaking: INTERNAL: CUDA error: : CUDA_ERROR_ILLEGAL_ADDRESS: an illegal memory access was encountered
E0917 20:47:23.900036  540038 cuda_executor.cc:279] [0] failed to unload module 0x63afcea0cde0; leaking: INTERNAL: CUDA error: : CUDA_ERROR_ILLEGAL_ADDRESS: an illegal memory access was encountered
E0917 20:47:23.903668  540038 cuda_executor.cc:279] [0] failed to unload module 0x63afcd8e21e0; leaking: INTERNAL: CUDA error: : CUDA_ERROR_ILLEGAL_ADDRESS: an illegal memory access was encountered
E0917 20:47:23.909870  540038 cuda_executor.cc:279] [0] failed to unload module 0x63afc971f0b0; leaking: INTERNAL: CUDA error: : CUDA_ERROR_ILLEGAL_ADDRESS: an illegal memory access was encountered
E0917 20:47:23.911484  540038 cuda_executor.cc:279] [0] failed to unload module 0x63afc9dc9d70; leaking: INTERNAL: CUDA error: : CUDA_ERROR_ILLEGAL_ADDRESS: an illegal memory access was encountered
E0917 20:47:23.912403  540038 cuda_executor.cc:279] [0] failed to unload module 0x63afcd64a870; leaking: INTERNAL: CUDA error: : CUDA_ERROR_ILLEGAL_ADDRESS: an illegal memory access was encountered
E0917 20:47:23.929887  540038 cuda_executor.cc:279] [0] failed to unload module 0x63afa855e890; leaking: INTERNAL: CUDA error: : CUDA_ERROR_ILLEGAL_ADDRESS: an illegal memory access was encountered
E0917 20:47:23.933019  540038 cuda_executor.cc:279] [0] failed to unload module 0x63afaf432d20; leaking: INTERNAL: CUDA error: : CUDA_ERROR_ILLEGAL_ADDRESS: an illegal memory access was encountered
E0917 20:47:23.939056  540038 cuda_executor.cc:279] [0] failed to unload module 0x63afccc1ae60; leaking: INTERNAL: CUDA error: : CUDA_ERROR_ILLEGAL_ADDRESS: an illegal memory access was encountered
E0917 20:47:23.940616  540038 cuda_executor.cc:279] [0] failed to unload module 0x63afcd0de5f0; leaking: INTERNAL: CUDA error: : CUDA_ERROR_ILLEGAL_ADDRESS: an illegal memory access was encountered
E0917 20:47:23.950487  540038 cuda_executor.cc:279] [0] failed to unload module 0x63afaf3d4d30; leaking: INTERNAL: CUDA error: : CUDA_ERROR_ILLEGAL_ADDRESS: an illegal memory access was encountered
E0917 20:47:23.952341  540038 cuda_executor.cc:279] [0] failed to unload module 0x63afcb466300; leaking: INTERNAL: CUDA error: : CUDA_ERROR_ILLEGAL_ADDRESS: an illegal memory access was encountered
E0917 20:47:23.953882  540038 cuda_executor.cc:279] [0] failed to unload module 0x63afceb70e10; leaking: INTERNAL: CUDA error: : CUDA_ERROR_ILLEGAL_ADDRESS: an illegal memory access was encountered
E0917 20:47:23.954823  540038 cuda_executor.cc:279] [0] failed to unload module 0x63afcdf5c2f0; leaking: INTERNAL: CUDA error: : CUDA_ERROR_ILLEGAL_ADDRESS: an illegal memory access was encountered
E0917 20:47:23.960114  540038 cuda_executor.cc:279] [0] failed to unload module 0x63afcd92e7f0; leaking: INTERNAL: CUDA error: : CUDA_ERROR_ILLEGAL_ADDRESS: an illegal memory access was encountered
E0917 20:47:23.967450  540038 cuda_executor.cc:279] [0] failed to unload module 0x63afcebc7bf0; leaking: INTERNAL: CUDA error: : CUDA_ERROR_ILLEGAL_ADDRESS: an illegal memory access was encountered
E0917 20:47:23.985783  540038 cuda_executor.cc:279] [0] failed to unload module 0x63afa91443b0; leaking: INTERNAL: CUDA error: : CUDA_ERROR_ILLEGAL_ADDRESS: an illegal memory access was encountered
E0917 20:47:23.990704  540038 cuda_executor.cc:279] [0] failed to unload module 0x63afb0059fc0; leaking: INTERNAL: CUDA error: : CUDA_ERROR_ILLEGAL_ADDRESS: an illegal memory access was encountered
E0917 20:47:23.992478  540038 cuda_executor.cc:279] [0] failed to unload module 0x63afcc271390; leaking: INTERNAL: CUDA error: : CUDA_ERROR_ILLEGAL_ADDRESS: an illegal memory access was encountered
E0917 20:47:23.993500  540038 cuda_executor.cc:279] [0] failed to unload module 0x63afcb8f2b10; leaking: INTERNAL: CUDA error: : CUDA_ERROR_ILLEGAL_ADDRESS: an illegal memory access was encountered
E0917 20:47:24.003276  540038 cuda_executor.cc:279] [0] failed to unload module 0x63afc801fb50; leaking: INTERNAL: CUDA error: : CUDA_ERROR_ILLEGAL_ADDRESS: an illegal memory access was encountered
E0917 20:47:24.010050  540038 cuda_executor.cc:279] [0] failed to unload module 0x63afcc6958a0; leaking: INTERNAL: CUDA error: : CUDA_ERROR_ILLEGAL_ADDRESS: an illegal memory access was encountered
E0917 20:47:24.020156  540038 cuda_executor.cc:279] [0] failed to unload module 0x63afce814720; leaking: INTERNAL: CUDA error: : CUDA_ERROR_ILLEGAL_ADDRESS: an illegal memory access was encountered
E0917 20:47:24.027337  540038 cuda_executor.cc:279] [0] failed to unload module 0x63afa7e26800; leaking: INTERNAL: CUDA error: : CUDA_ERROR_ILLEGAL_ADDRESS: an illegal memory access was encountered
E0917 20:47:24.030215  540038 cuda_executor.cc:279] [0] failed to unload module 0x63afcd8a5110; leaking: INTERNAL: CUDA error: : CUDA_ERROR_ILLEGAL_ADDRESS: an illegal memory access was encountered
E0917 20:47:24.037180  540038 cuda_executor.cc:279] [0] failed to unload module 0x63afcea447b0; leaking: INTERNAL: CUDA error: : CUDA_ERROR_ILLEGAL_ADDRESS: an illegal memory access was encountered
E0917 20:47:24.046045  540038 cuda_executor.cc:279] [0] failed to unload module 0x63afaeac1460; leaking: INTERNAL: CUDA error: : CUDA_ERROR_ILLEGAL_ADDRESS: an illegal memory access was encountered
E0917 20:47:24.050487  540038 cuda_executor.cc:279] [0] failed to unload module 0x63afca88a060; leaking: INTERNAL: CUDA error: : CUDA_ERROR_ILLEGAL_ADDRESS: an illegal memory access was encountered
E0917 20:47:24.052739  540038 cuda_executor.cc:279] [0] failed to unload module 0x63afcabf0010; leaking: INTERNAL: CUDA error: : CUDA_ERROR_ILLEGAL_ADDRESS: an illegal memory access was encountered
E0917 20:47:24.055432  540038 cuda_executor.cc:279] [0] failed to unload module 0x63afa76d0ec0; leaking: INTERNAL: CUDA error: : CUDA_ERROR_ILLEGAL_ADDRESS: an illegal memory access was encountered
E0917 20:47:24.070126  540038 cuda_executor.cc:279] [0] failed to unload module 0x63afc9682700; leaking: INTERNAL: CUDA error: : CUDA_ERROR_ILLEGAL_ADDRESS: an illegal memory access was encountered
E0917 20:47:24.086939  540038 cuda_executor.cc:279] [0] failed to unload module 0x63afc801ef70; leaking: INTERNAL: CUDA error: : CUDA_ERROR_ILLEGAL_ADDRESS: an illegal memory access was encountered
E0917 20:47:24.096374  540038 cuda_executor.cc:279] [0] failed to unload module 0x63afaf2f2e30; leaking: INTERNAL: CUDA error: : CUDA_ERROR_ILLEGAL_ADDRESS: an illegal memory access was encountered
E0917 20:47:24.099280  540038 cuda_executor.cc:279] [0] failed to unload module 0x63afa4d8e750; leaking: INTERNAL: CUDA error: : CUDA_ERROR_ILLEGAL_ADDRESS: an illegal memory access was encountered
E0917 20:47:24.101229  540038 cuda_executor.cc:279] [0] failed to unload module 0x63afca89a6a0; leaking: INTERNAL: CUDA error: : CUDA_ERROR_ILLEGAL_ADDRESS: an illegal memory access was encountered
E0917 20:47:24.107456  540038 cuda_executor.cc:279] [0] failed to unload module 0x63afa6328020; leaking: INTERNAL: CUDA error: : CUDA_ERROR_ILLEGAL_ADDRESS: an illegal memory access was encountered
E0917 20:47:24.110587  540038 cuda_executor.cc:279] [0] failed to unload module 0x63afae3e5e10; leaking: INTERNAL: CUDA error: : CUDA_ERROR_ILLEGAL_ADDRESS: an illegal memory access was encountered
E0917 20:47:24.113780  540038 cuda_executor.cc:279] [0] failed to unload module 0x63afa4966790; leaking: INTERNAL: CUDA error: : CUDA_ERROR_ILLEGAL_ADDRESS: an illegal memory access was encountered
E0917 20:47:24.127899  540038 cuda_executor.cc:279] [0] failed to unload module 0x63afcde98c50; leaking: INTERNAL: CUDA error: : CUDA_ERROR_ILLEGAL_ADDRESS: an illegal memory access was encountered
E0917 20:47:24.132444  540038 cuda_executor.cc:279] [0] failed to unload module 0x63afa87a15d0; leaking: INTERNAL: CUDA error: : CUDA_ERROR_ILLEGAL_ADDRESS: an illegal memory access was encountered
E0917 20:47:24.133321  540038 cuda_executor.cc:279] [0] failed to unload module 0x63afaf7b7950; leaking: INTERNAL: CUDA error: : CUDA_ERROR_ILLEGAL_ADDRESS: an illegal memory access was encountered
E0917 20:47:24.138442  540038 cuda_executor.cc:279] [0] failed to unload module 0x63afcc748190; leaking: INTERNAL: CUDA error: : CUDA_ERROR_ILLEGAL_ADDRESS: an illegal memory access was encountered
E0917 20:47:24.141503  540038 cuda_executor.cc:279] [0] failed to unload module 0x63afce89d740; leaking: INTERNAL: CUDA error: : CUDA_ERROR_ILLEGAL_ADDRESS: an illegal memory access was encountered
E0917 20:47:24.145451  540038 cuda_executor.cc:279] [0] failed to unload module 0x63afa8a828b0; leaking: INTERNAL: CUDA error: : CUDA_ERROR_ILLEGAL_ADDRESS: an illegal memory access was encountered
E0917 20:47:24.146825  540038 cuda_executor.cc:279] [0] failed to unload module 0x63afcfe36b30; leaking: INTERNAL: CUDA error: : CUDA_ERROR_ILLEGAL_ADDRESS: an illegal memory access was encountered
E0917 20:47:24.148501  540038 cuda_executor.cc:279] [0] failed to unload module 0x63afd0254710; leaking: INTERNAL: CUDA error: : CUDA_ERROR_ILLEGAL_ADDRESS: an illegal memory access was encountered
E0917 20:47:24.149406  540038 cuda_executor.cc:279] [0] failed to unload module 0x63afa4ed6c00; leaking: INTERNAL: CUDA error: : CUDA_ERROR_ILLEGAL_ADDRESS: an illegal memory access was encountered
E0917 20:47:24.151601  540038 cuda_executor.cc:279] [0] failed to unload module 0x63afcb06e370; leaking: INTERNAL: CUDA error: : CUDA_ERROR_ILLEGAL_ADDRESS: an illegal memory access was encountered
E0917 20:47:24.153979  540038 cuda_executor.cc:279] [0] failed to unload module 0x63afafaa1d90; leaking: INTERNAL: CUDA error: : CUDA_ERROR_ILLEGAL_ADDRESS: an illegal memory access was encountered
E0917 20:47:24.156282  540038 cuda_executor.cc:279] [0] failed to unload module 0x63afa825ab60; leaking: INTERNAL: CUDA error: : CUDA_ERROR_ILLEGAL_ADDRESS: an illegal memory access was encountered
E0917 20:47:24.158271  540038 cuda_executor.cc:279] [0] failed to unload module 0x63afc9f8b020; leaking: INTERNAL: CUDA error: : CUDA_ERROR_ILLEGAL_ADDRESS: an illegal memory access was encountered
E0917 20:47:24.166093  540038 cuda_executor.cc:279] [0] failed to unload module 0x63afcb7e4cd0; leaking: INTERNAL: CUDA error: : CUDA_ERROR_ILLEGAL_ADDRESS: an illegal memory access was encountered
E0917 20:47:24.167463  540038 cuda_executor.cc:279] [0] failed to unload module 0x63afcbff7490; leaking: INTERNAL: CUDA error: : CUDA_ERROR_ILLEGAL_ADDRESS: an illegal memory access was encountered
E0917 20:47:24.172121  540038 cuda_executor.cc:279] [0] failed to unload module 0x63afcef01dc0; leaking: INTERNAL: CUDA error: : CUDA_ERROR_ILLEGAL_ADDRESS: an illegal memory access was encountered
E0917 20:47:24.174060  540038 cuda_executor.cc:279] [0] failed to unload module 0x63afcf0a77e0; leaking: INTERNAL: CUDA error: : CUDA_ERROR_ILLEGAL_ADDRESS: an illegal memory access was encountered
E0917 20:47:24.177705  540038 cuda_executor.cc:279] [0] failed to unload module 0x63afa8f4e2d0; leaking: INTERNAL: CUDA error: : CUDA_ERROR_ILLEGAL_ADDRESS: an illegal memory access was encountered
E0917 20:47:24.180514  540038 cuda_executor.cc:279] [0] failed to unload module 0x63afb015f420; leaking: INTERNAL: CUDA error: : CUDA_ERROR_ILLEGAL_ADDRESS: an illegal memory access was encountered
E0917 20:47:24.185533  540038 cuda_executor.cc:279] [0] failed to unload module 0x63afcf286430; leaking: INTERNAL: CUDA error: : CUDA_ERROR_ILLEGAL_ADDRESS: an illegal memory access was encountered
E0917 20:47:24.205730  540038 cuda_executor.cc:279] [0] failed to unload module 0x63afcbe2e4b0; leaking: INTERNAL: CUDA error: : CUDA_ERROR_ILLEGAL_ADDRESS: an illegal memory access was encountered
E0917 20:47:24.231555  540038 cuda_executor.cc:279] [0] failed to unload module 0x63afcfb11590; leaking: INTERNAL: CUDA error: : CUDA_ERROR_ILLEGAL_ADDRESS: an illegal memory access was encountered
E0917 20:47:24.233077  540038 cuda_executor.cc:279] [0] failed to unload module 0x63afa46a08e0; leaking: INTERNAL: CUDA error: : CUDA_ERROR_ILLEGAL_ADDRESS: an illegal memory access was encountered
E0917 20:47:24.233685  540038 cuda_executor.cc:279] [0] failed to unload module 0x70fec40b9c30; leaking: INTERNAL: CUDA error: : CUDA_ERROR_ILLEGAL_ADDRESS: an illegal memory access was encountered
E0917 20:47:24.234534  540038 cuda_executor.cc:279] [0] failed to unload module 0x63afa4474b80; leaking: INTERNAL: CUDA error: : CUDA_ERROR_ILLEGAL_ADDRESS: an illegal memory access was encountered
E0917 20:47:24.235615  540038 cuda_executor.cc:279] [0] failed to unload module 0x63afccb43740; leaking: INTERNAL: CUDA error: : CUDA_ERROR_ILLEGAL_ADDRESS: an illegal memory access was encountered
E0917 20:47:24.237689  540038 cuda_executor.cc:279] [0] failed to unload module 0x63afcccf1fd0; leaking: INTERNAL: CUDA error: : CUDA_ERROR_ILLEGAL_ADDRESS: an illegal memory access was encountered
E0917 20:47:24.240265  540038 cuda_executor.cc:279] [0] failed to unload module 0x70fec4049950; leaking: INTERNAL: CUDA error: : CUDA_ERROR_ILLEGAL_ADDRESS: an illegal memory access was encountered
E0917 20:47:24.241203  540038 cuda_executor.cc:279] [0] failed to unload module 0x63afa43b2d60; leaking: INTERNAL: CUDA error: : CUDA_ERROR_ILLEGAL_ADDRESS: an illegal memory access was encountered
E0917 20:47:24.243935  540038 cuda_executor.cc:279] [0] failed to unload module 0x63afcc927280; leaking: INTERNAL: CUDA error: : CUDA_ERROR_ILLEGAL_ADDRESS: an illegal memory access was encountered
E0917 20:47:24.252458  540038 cuda_executor.cc:279] [0] failed to unload module 0x63afc93d3660; leaking: INTERNAL: CUDA error: : CUDA_ERROR_ILLEGAL_ADDRESS: an illegal memory access was encountered
E0917 20:47:24.258843  540038 cuda_executor.cc:279] [0] failed to unload module 0x63afc80216b0; leaking: INTERNAL: CUDA error: : CUDA_ERROR_ILLEGAL_ADDRESS: an illegal memory access was encountered
E0917 20:47:24.260596  540038 cuda_executor.cc:279] [0] failed to unload module 0x63afd035b620; leaking: INTERNAL: CUDA error: : CUDA_ERROR_ILLEGAL_ADDRESS: an illegal memory access was encountered
E0917 20:47:24.261934  540038 cuda_executor.cc:279] [0] failed to unload module 0x63afa4fd0f30; leaking: INTERNAL: CUDA error: : CUDA_ERROR_ILLEGAL_ADDRESS: an illegal memory access was encountered
E0917 20:47:24.271933  540038 cuda_executor.cc:279] [0] failed to unload module 0x63afcd926410; leaking: INTERNAL: CUDA error: : CUDA_ERROR_ILLEGAL_ADDRESS: an illegal memory access was encountered
E0917 20:47:24.354988  540038 cuda_executor.cc:603] [0] error deallocating host memory at 0x204c03400: INTERNAL: CUDA error: : CUDA_ERROR_ILLEGAL_ADDRESS: an illegal memory access was encountered
E0917 20:47:24.361887  540038 cuda_executor.cc:603] [0] error deallocating host memory at 0x204c03600: INTERNAL: CUDA error: : CUDA_ERROR_ILLEGAL_ADDRESS: an illegal memory access was encountered
E0917 20:47:24.363241  540038 cuda_executor.cc:603] [0] error deallocating host memory at 0x204c03800: INTERNAL: CUDA error: : CUDA_ERROR_ILLEGAL_ADDRESS: an illegal memory access was encountered
E0917 20:47:24.363327  540038 cuda_executor.cc:279] [0] failed to unload module 0x63b01593be00; leaking: INTERNAL: CUDA error: : CUDA_ERROR_ILLEGAL_ADDRESS: an illegal memory access was encountered
E0917 20:47:24.531311  540038 cuda_executor.cc:603] [0] error deallocating host memory at 0x204c01e00: INTERNAL: CUDA error: : CUDA_ERROR_ILLEGAL_ADDRESS: an illegal memory access was encountered
E0917 20:47:24.531509  540038 cuda_executor.cc:279] [0] failed to unload module 0x63b00f469230; leaking: INTERNAL: CUDA error: : CUDA_ERROR_ILLEGAL_ADDRESS: an illegal memory access was encountered
E0917 20:47:24.591233  540038 cuda_executor.cc:603] [0] error deallocating host memory at 0x204c04400: INTERNAL: CUDA error: : CUDA_ERROR_ILLEGAL_ADDRESS: an illegal memory access was encountered
E0917 20:47:24.600655  540038 cuda_executor.cc:279] [0] failed to unload module 0x63b037e160e0; leaking: INTERNAL: CUDA error: : CUDA_ERROR_ILLEGAL_ADDRESS: an illegal memory access was encountered
E0917 20:47:24.868756  540038 cuda_executor.cc:279] [0] failed to unload module 0x63af981c4e30; leaking: INTERNAL: CUDA error: : CUDA_ERROR_ILLEGAL_ADDRESS: an illegal memory access was encountered
E0917 20:47:24.871544  540038 cuda_executor.cc:279] [0] failed to unload module 0x63af9dd81d30; leaking: INTERNAL: CUDA error: : CUDA_ERROR_ILLEGAL_ADDRESS: an illegal memory access was encountered
E0917 20:47:24.873192  540038 cuda_executor.cc:279] [0] failed to unload module 0x63af9ec823c0; leaking: INTERNAL: CUDA error: : CUDA_ERROR_ILLEGAL_ADDRESS: an illegal memory access was encountered
E0917 20:47:24.883545  540038 cuda_executor.cc:279] [0] failed to unload module 0x63af9ff43d70; leaking: INTERNAL: CUDA error: : CUDA_ERROR_ILLEGAL_ADDRESS: an illegal memory access was encountered
E0917 20:47:24.894440  540038 cuda_executor.cc:603] [0] error deallocating host memory at 0x204c00400: INTERNAL: CUDA error: : CUDA_ERROR_ILLEGAL_ADDRESS: an illegal memory access was encountered
E0917 20:47:24.900673  540038 cuda_executor.cc:279] [0] failed to unload module 0x63afa0810fd0; leaking: INTERNAL: CUDA error: : CUDA_ERROR_ILLEGAL_ADDRESS: an illegal memory access was encountered
E0917 20:47:24.905328  540038 cuda_executor.cc:279] [0] failed to unload module 0x63afa3e796d0; leaking: INTERNAL: CUDA error: : CUDA_ERROR_ILLEGAL_ADDRESS: an illegal memory access was encountered
E0917 20:47:24.912877  540038 cuda_executor.cc:279] [0] failed to unload module 0x63afa5a5d030; leaking: INTERNAL: CUDA error: : CUDA_ERROR_ILLEGAL_ADDRESS: an illegal memory access was encountered
E0917 20:47:24.921420  540038 cuda_executor.cc:279] [0] failed to unload module 0x63afac672da0; leaking: INTERNAL: CUDA error: : CUDA_ERROR_ILLEGAL_ADDRESS: an illegal memory access was encountered
E0917 20:47:24.928499  540038 cuda_executor.cc:279] [0] failed to unload module 0x63afb1c631e0; leaking: INTERNAL: CUDA error: : CUDA_ERROR_ILLEGAL_ADDRESS: an illegal memory access was encountered
E0917 20:47:24.929340  540038 cuda_executor.cc:279] [0] failed to unload module 0x63afb2238640; leaking: INTERNAL: CUDA error: : CUDA_ERROR_ILLEGAL_ADDRESS: an illegal memory access was encountered
E0917 20:47:24.929942  540038 cuda_executor.cc:279] [0] failed to unload module 0x63afaceafaa0; leaking: INTERNAL: CUDA error: : CUDA_ERROR_ILLEGAL_ADDRESS: an illegal memory access was encountered
E0917 20:47:24.931472  540038 cuda_executor.cc:603] [0] error deallocating host memory at 0x204c00600: INTERNAL: CUDA error: : CUDA_ERROR_ILLEGAL_ADDRESS: an illegal memory access was encountered
E0917 20:47:24.933527  540038 cuda_executor.cc:279] [0] failed to unload module 0x63afbb644ad0; leaking: INTERNAL: CUDA error: : CUDA_ERROR_ILLEGAL_ADDRESS: an illegal memory access was encountered
E0917 20:47:24.934962  540038 cuda_executor.cc:603] [0] error deallocating host memory at 0x204c00800: INTERNAL: CUDA error: : CUDA_ERROR_ILLEGAL_ADDRESS: an illegal memory access was encountered
E0917 20:47:24.935578  540038 cuda_executor.cc:279] [0] failed to unload module 0x63afbc5fda10; leaking: INTERNAL: CUDA error: : CUDA_ERROR_ILLEGAL_ADDRESS: an illegal memory access was encountered
E0917 20:47:24.936530  540038 cuda_executor.cc:279] [0] failed to unload module 0x63afb56d5170; leaking: INTERNAL: CUDA error: : CUDA_ERROR_ILLEGAL_ADDRESS: an illegal memory access was encountered
E0917 20:47:24.937199  540038 cuda_executor.cc:279] [0] failed to unload module 0x63afb2cb0650; leaking: INTERNAL: CUDA error: : CUDA_ERROR_ILLEGAL_ADDRESS: an illegal memory access was encountered
E0917 20:47:24.937343  540038 cuda_executor.cc:279] [0] failed to unload module 0x63afb9bfd660; leaking: INTERNAL: CUDA error: : CUDA_ERROR_ILLEGAL_ADDRESS: an illegal memory access was encountered
E0917 20:47:24.937965  540038 cuda_executor.cc:603] [0] error deallocating host memory at 0x204c00e00: INTERNAL: CUDA error: : CUDA_ERROR_ILLEGAL_ADDRESS: an illegal memory access was encountered
E0917 20:47:24.937989  540038 cuda_executor.cc:279] [0] failed to unload module 0x63afc07aee60; leaking: INTERNAL: CUDA error: : CUDA_ERROR_ILLEGAL_ADDRESS: an illegal memory access was encountered
E0917 20:47:24.938522  540038 cuda_executor.cc:279] [0] failed to unload module 0x63af9c9899a0; leaking: INTERNAL: CUDA error: : CUDA_ERROR_ILLEGAL_ADDRESS: an illegal memory access was encountered
E0917 20:47:24.938915  540038 cuda_executor.cc:279] [0] failed to unload module 0x63afbb0ad5a0; leaking: INTERNAL: CUDA error: : CUDA_ERROR_ILLEGAL_ADDRESS: an illegal memory access was encountered
E0917 20:47:24.939401  540038 cuda_executor.cc:603] [0] error deallocating host memory at 0x204c01000: INTERNAL: CUDA error: : CUDA_ERROR_ILLEGAL_ADDRESS: an illegal memory access was encountered
E0917 20:47:24.939877  540038 cuda_executor.cc:279] [0] failed to unload module 0x63afc0a380b0; leaking: INTERNAL: CUDA error: : CUDA_ERROR_ILLEGAL_ADDRESS: an illegal memory access was encountered
E0917 20:47:24.940105  540038 cuda_executor.cc:279] [0] failed to unload module 0x63afa09ff260; leaking: INTERNAL: CUDA error: : CUDA_ERROR_ILLEGAL_ADDRESS: an illegal memory access was encountered
E0917 20:47:24.940397  540038 cuda_executor.cc:279] [0] failed to unload module 0x63afbb9ecc50; leaking: INTERNAL: CUDA error: : CUDA_ERROR_ILLEGAL_ADDRESS: an illegal memory access was encountered
E0917 20:47:24.941123  540038 cuda_executor.cc:279] [0] failed to unload module 0x63afc248d2e0; leaking: INTERNAL: CUDA error: : CUDA_ERROR_ILLEGAL_ADDRESS: an illegal memory access was encountered
E0917 20:47:24.941794  540038 cuda_executor.cc:279] [0] failed to unload module 0x63afbd614c50; leaking: INTERNAL: CUDA error: : CUDA_ERROR_ILLEGAL_ADDRESS: an illegal memory access was encountered
E0917 20:47:24.941960  540038 cuda_executor.cc:279] [0] failed to unload module 0x63afc4639cc0; leaking: INTERNAL: CUDA error: : CUDA_ERROR_ILLEGAL_ADDRESS: an illegal memory access was encountered
E0917 20:47:24.942492  540038 cuda_executor.cc:279] [0] failed to unload module 0x63af8bb32d30; leaking: INTERNAL: CUDA error: : CUDA_ERROR_ILLEGAL_ADDRESS: an illegal memory access was encountered
E0917 20:47:24.943099  540038 cuda_executor.cc:279] [0] failed to unload module 0x63af9bd29440; leaking: INTERNAL: CUDA error: : CUDA_ERROR_ILLEGAL_ADDRESS: an illegal memory access was encountered
E0917 20:47:24.943665  540038 cuda_executor.cc:279] [0] failed to unload module 0x63af9bafca10; leaking: INTERNAL: CUDA error: : CUDA_ERROR_ILLEGAL_ADDRESS: an illegal memory access was encountered
E0917 20:47:24.944387  540038 cuda_executor.cc:279] [0] failed to unload module 0x63af9e46c8d0; leaking: INTERNAL: CUDA error: : CUDA_ERROR_ILLEGAL_ADDRESS: an illegal memory access was encountered
E0917 20:47:24.944840  540038 cuda_executor.cc:279] [0] failed to unload module 0x63af9c47d940; leaking: INTERNAL: CUDA error: : CUDA_ERROR_ILLEGAL_ADDRESS: an illegal memory access was encountered
E0917 20:47:24.945237  540038 cuda_executor.cc:279] [0] failed to unload module 0x63afc15cd9f0; leaking: INTERNAL: CUDA error: : CUDA_ERROR_ILLEGAL_ADDRESS: an illegal memory access was encountered
E0917 20:47:24.945582  540038 cuda_executor.cc:279] [0] failed to unload module 0x63afc1aa1560; leaking: INTERNAL: CUDA error: : CUDA_ERROR_ILLEGAL_ADDRESS: an illegal memory access was encountered
E0917 20:47:24.946338  540038 cuda_executor.cc:279] [0] failed to unload module 0x63afb4bdc9a0; leaking: INTERNAL: CUDA error: : CUDA_ERROR_ILLEGAL_ADDRESS: an illegal memory access was encountered
E0917 20:47:24.946593  540038 cuda_executor.cc:279] [0] failed to unload module 0x63af9d1a9e20; leaking: INTERNAL: CUDA error: : CUDA_ERROR_ILLEGAL_ADDRESS: an illegal memory access was encountered
E0917 20:47:24.946950  540038 cuda_executor.cc:279] [0] failed to unload module 0x63af9d33d2b0; leaking: INTERNAL: CUDA error: : CUDA_ERROR_ILLEGAL_ADDRESS: an illegal memory access was encountered
E0917 20:47:24.947324  540038 cuda_executor.cc:279] [0] failed to unload module 0x63afc64e79c0; leaking: INTERNAL: CUDA error: : CUDA_ERROR_ILLEGAL_ADDRESS: an illegal memory access was encountered
E0917 20:47:24.947819  540038 cuda_executor.cc:279] [0] failed to unload module 0x63afc68b2780; leaking: INTERNAL: CUDA error: : CUDA_ERROR_ILLEGAL_ADDRESS: an illegal memory access was encountered
E0917 20:47:24.948205  540038 cuda_executor.cc:279] [0] failed to unload module 0x63afc6a389f0; leaking: INTERNAL: CUDA error: : CUDA_ERROR_ILLEGAL_ADDRESS: an illegal memory access was encountered
E0917 20:47:24.948346  540038 cuda_executor.cc:279] [0] failed to unload module 0x63afc72371d0; leaking: INTERNAL: CUDA error: : CUDA_ERROR_ILLEGAL_ADDRESS: an illegal memory access was encountered
E0917 20:47:24.948814  540038 cuda_executor.cc:279] [0] failed to unload module 0x63afc7a5f5b0; leaking: INTERNAL: CUDA error: : CUDA_ERROR_ILLEGAL_ADDRESS: an illegal memory access was encountered
E0917 20:47:24.949212  540038 cuda_executor.cc:279] [0] failed to unload module 0x63afc7ae7a00; leaking: INTERNAL: CUDA error: : CUDA_ERROR_ILLEGAL_ADDRESS: an illegal memory access was encountered
E0917 20:47:24.949552  540038 cuda_executor.cc:279] [0] failed to unload module 0x63afc7d17900; leaking: INTERNAL: CUDA error: : CUDA_ERROR_ILLEGAL_ADDRESS: an illegal memory access was encountered
E0917 20:47:24.950448  540038 cuda_executor.cc:279] [0] failed to unload module 0x63afc7da9980; leaking: INTERNAL: CUDA error: : CUDA_ERROR_ILLEGAL_ADDRESS: an illegal memory access was encountered
E0917 20:47:24.951393  540038 cuda_executor.cc:603] [0] error deallocating host memory at 0x204c01400: INTERNAL: CUDA error: : CUDA_ERROR_ILLEGAL_ADDRESS: an illegal memory access was encountered
E0917 20:47:24.951697  540038 cuda_executor.cc:279] [0] failed to unload module 0x63afc88741b0; leaking: INTERNAL: CUDA error: : CUDA_ERROR_ILLEGAL_ADDRESS: an illegal memory access was encountered
E0917 20:47:24.953977  540038 cuda_executor.cc:279] [0] failed to unload module 0x63afacda4840; leaking: INTERNAL: CUDA error: : CUDA_ERROR_ILLEGAL_ADDRESS: an illegal memory access was encountered
E0917 20:47:24.954417  540038 cuda_executor.cc:279] [0] failed to unload module 0x63afabee5b30; leaking: INTERNAL: CUDA error: : CUDA_ERROR_ILLEGAL_ADDRESS: an illegal memory access was encountered
E0917 20:47:24.954642  540038 cuda_executor.cc:279] [0] failed to unload module 0x63afa92050b0; leaking: INTERNAL: CUDA error: : CUDA_ERROR_ILLEGAL_ADDRESS: an illegal memory access was encountered
E0917 20:47:24.955172  540038 cuda_executor.cc:279] [0] failed to unload module 0x63afab650dd0; leaking: INTERNAL: CUDA error: : CUDA_ERROR_ILLEGAL_ADDRESS: an illegal memory access was encountered
E0917 20:47:24.955452  540038 cuda_executor.cc:279] [0] failed to unload module 0x63afb00f3f20; leaking: INTERNAL: CUDA error: : CUDA_ERROR_ILLEGAL_ADDRESS: an illegal memory access was encountered
E0917 20:47:24.956900  540038 cuda_executor.cc:279] [0] failed to unload module 0x70fe7c00d040; leaking: INTERNAL: CUDA error: : CUDA_ERROR_ILLEGAL_ADDRESS: an illegal memory access was encountered
E0917 20:47:24.957191  540038 cuda_executor.cc:279] [0] failed to unload module 0x63afb0d98540; leaking: INTERNAL: CUDA error: : CUDA_ERROR_ILLEGAL_ADDRESS: an illegal memory access was encountered
E0917 20:47:24.958561  540038 cuda_executor.cc:279] [0] failed to unload module 0x63afb212f7f0; leaking: INTERNAL: CUDA error: : CUDA_ERROR_ILLEGAL_ADDRESS: an illegal memory access was encountered
E0917 20:47:24.959071  540038 cuda_executor.cc:279] [0] failed to unload module 0x70fea02969a0; leaking: INTERNAL: CUDA error: : CUDA_ERROR_ILLEGAL_ADDRESS: an illegal memory access was encountered
E0917 20:47:24.959507  540038 cuda_executor.cc:279] [0] failed to unload module 0x63afb140ad80; leaking: INTERNAL: CUDA error: : CUDA_ERROR_ILLEGAL_ADDRESS: an illegal memory access was encountered
E0917 20:47:24.960166  540038 cuda_executor.cc:279] [0] failed to unload module 0x63afa4f874e0; leaking: INTERNAL: CUDA error: : CUDA_ERROR_ILLEGAL_ADDRESS: an illegal memory access was encountered
E0917 20:47:24.961163  540038 cuda_executor.cc:279] [0] failed to unload module 0x63afb669aed0; leaking: INTERNAL: CUDA error: : CUDA_ERROR_ILLEGAL_ADDRESS: an illegal memory access was encountered
E0917 20:47:24.961996  540038 cuda_executor.cc:603] [0] error deallocating host memory at 0x204c01800: INTERNAL: CUDA error: : CUDA_ERROR_ILLEGAL_ADDRESS: an illegal memory access was encountered
E0917 20:47:24.962475  540038 cuda_executor.cc:603] [0] error deallocating host memory at 0x204c01600: INTERNAL: CUDA error: : CUDA_ERROR_ILLEGAL_ADDRESS: an illegal memory access was encountered
E0917 20:47:24.962707  540038 cuda_executor.cc:279] [0] failed to unload module 0x63afd09fe8f0; leaking: INTERNAL: CUDA error: : CUDA_ERROR_ILLEGAL_ADDRESS: an illegal memory access was encountered
E0917 20:47:24.964516  540038 cuda_executor.cc:279] [0] failed to unload module 0x63afd164a670; leaking: INTERNAL: CUDA error: : CUDA_ERROR_ILLEGAL_ADDRESS: an illegal memory access was encountered
E0917 20:47:24.965778  540038 cuda_executor.cc:603] [0] error deallocating host memory at 0x204c01c00: INTERNAL: CUDA error: : CUDA_ERROR_ILLEGAL_ADDRESS: an illegal memory access was encountered
E0917 20:47:24.966692  540038 cuda_executor.cc:603] [0] error deallocating host memory at 0x204c01a00: INTERNAL: CUDA error: : CUDA_ERROR_ILLEGAL_ADDRESS: an illegal memory access was encountered
E0917 20:47:24.967768  540038 cuda_executor.cc:279] [0] failed to unload module 0x63afd26cb980; leaking: INTERNAL: CUDA error: : CUDA_ERROR_ILLEGAL_ADDRESS: an illegal memory access was encountered
E0917 20:47:24.969307  540038 cuda_executor.cc:279] [0] failed to unload module 0x63afd2510670; leaking: INTERNAL: CUDA error: : CUDA_ERROR_ILLEGAL_ADDRESS: an illegal memory access was encountered
E0917 20:47:25.006911  540038 cuda_executor.cc:279] [0] failed to unload module 0x63b003fa1380; leaking: INTERNAL: CUDA error: : CUDA_ERROR_ILLEGAL_ADDRESS: an illegal memory access was encountered
E0917 20:47:25.008167  540038 cuda_executor.cc:279] [0] failed to unload module 0x63b007f1d220; leaking: INTERNAL: CUDA error: : CUDA_ERROR_ILLEGAL_ADDRESS: an illegal memory access was encountered
E0917 20:47:25.011180  540038 cuda_executor.cc:279] [0] failed to unload module 0x63b008559760; leaking: INTERNAL: CUDA error: : CUDA_ERROR_ILLEGAL_ADDRESS: an illegal memory access was encountered
E0917 20:47:25.012335  540038 cuda_executor.cc:279] [0] failed to unload module 0x63afa9c80be0; leaking: INTERNAL: CUDA error: : CUDA_ERROR_ILLEGAL_ADDRESS: an illegal memory access was encountered
E0917 20:47:25.012537  540038 cuda_executor.cc:279] [0] failed to unload module 0x63afa994efd0; leaking: INTERNAL: CUDA error: : CUDA_ERROR_ILLEGAL_ADDRESS: an illegal memory access was encountered
E0917 20:47:25.013042  540038 cuda_executor.cc:279] [0] failed to unload module 0x63b00aeb5700; leaking: INTERNAL: CUDA error: : CUDA_ERROR_ILLEGAL_ADDRESS: an illegal memory access was encountered
E0917 20:47:25.014033  540038 cuda_executor.cc:279] [0] failed to unload module 0x63b00b30dbf0; leaking: INTERNAL: CUDA error: : CUDA_ERROR_ILLEGAL_ADDRESS: an illegal memory access was encountered
E0917 20:47:25.019050  540038 cuda_executor.cc:279] [0] failed to unload module 0x63b00bf9e340; leaking: INTERNAL: CUDA error: : CUDA_ERROR_ILLEGAL_ADDRESS: an illegal memory access was encountered
E0917 20:47:25.019573  540038 cuda_executor.cc:279] [0] failed to unload module 0x63b00c7c3240; leaking: INTERNAL: CUDA error: : CUDA_ERROR_ILLEGAL_ADDRESS: an illegal memory access was encountered
E0917 20:47:25.019984  540038 cuda_executor.cc:279] [0] failed to unload module 0x63b00ce5c500; leaking: INTERNAL: CUDA error: : CUDA_ERROR_ILLEGAL_ADDRESS: an illegal memory access was encountered
E0917 20:47:25.020842  540038 cuda_executor.cc:279] [0] failed to unload module 0x63b00f849a80; leaking: INTERNAL: CUDA error: : CUDA_ERROR_ILLEGAL_ADDRESS: an illegal memory access was encountered
E0917 20:47:25.021258  540038 cuda_executor.cc:279] [0] failed to unload module 0x63b00fa1fd40; leaking: INTERNAL: CUDA error: : CUDA_ERROR_ILLEGAL_ADDRESS: an illegal memory access was encountered
E0917 20:47:25.022100  540038 cuda_executor.cc:279] [0] failed to unload module 0x63afc10ee090; leaking: INTERNAL: CUDA error: : CUDA_ERROR_ILLEGAL_ADDRESS: an illegal memory access was encountered
E0917 20:47:25.022657  540038 cuda_executor.cc:279] [0] failed to unload module 0x63afbba2e1a0; leaking: INTERNAL: CUDA error: : CUDA_ERROR_ILLEGAL_ADDRESS: an illegal memory access was encountered
E0917 20:47:25.023237  540038 cuda_executor.cc:279] [0] failed to unload module 0x63afbcee9ad0; leaking: INTERNAL: CUDA error: : CUDA_ERROR_ILLEGAL_ADDRESS: an illegal memory access was encountered
E0917 20:47:25.023504  540038 cuda_executor.cc:279] [0] failed to unload module 0x63b00a433c80; leaking: INTERNAL: CUDA error: : CUDA_ERROR_ILLEGAL_ADDRESS: an illegal memory access was encountered
E0917 20:47:25.023879  540038 cuda_executor.cc:279] [0] failed to unload module 0x63b0103c2b00; leaking: INTERNAL: CUDA error: : CUDA_ERROR_ILLEGAL_ADDRESS: an illegal memory access was encountered
E0917 20:47:25.024252  540038 cuda_executor.cc:279] [0] failed to unload module 0x63b00988ae60; leaking: INTERNAL: CUDA error: : CUDA_ERROR_ILLEGAL_ADDRESS: an illegal memory access was encountered
E0917 20:47:25.024596  540038 cuda_executor.cc:279] [0] failed to unload module 0x63b01023aa00; leaking: INTERNAL: CUDA error: : CUDA_ERROR_ILLEGAL_ADDRESS: an illegal memory access was encountered
E0917 20:47:25.024914  540038 cuda_executor.cc:279] [0] failed to unload module 0x63b01895fd70; leaking: INTERNAL: CUDA error: : CUDA_ERROR_ILLEGAL_ADDRESS: an illegal memory access was encountered
E0917 20:47:25.025418  540038 cuda_executor.cc:279] [0] failed to unload module 0x63b01b084910; leaking: INTERNAL: CUDA error: : CUDA_ERROR_ILLEGAL_ADDRESS: an illegal memory access was encountered
E0917 20:47:25.025837  540038 cuda_executor.cc:279] [0] failed to unload module 0x63b020a1c480; leaking: INTERNAL: CUDA error: : CUDA_ERROR_ILLEGAL_ADDRESS: an illegal memory access was encountered
E0917 20:47:25.026259  540038 cuda_executor.cc:279] [0] failed to unload module 0x63b01a6493c0; leaking: INTERNAL: CUDA error: : CUDA_ERROR_ILLEGAL_ADDRESS: an illegal memory access was encountered
E0917 20:47:25.026823  540038 cuda_executor.cc:279] [0] failed to unload module 0x63b01acad030; leaking: INTERNAL: CUDA error: : CUDA_ERROR_ILLEGAL_ADDRESS: an illegal memory access was encountered
E0917 20:47:25.027476  540038 cuda_executor.cc:279] [0] failed to unload module 0x63b018738260; leaking: INTERNAL: CUDA error: : CUDA_ERROR_ILLEGAL_ADDRESS: an illegal memory access was encountered
E0917 20:47:25.028320  540038 cuda_executor.cc:279] [0] failed to unload module 0x63b026f7bf10; leaking: INTERNAL: CUDA error: : CUDA_ERROR_ILLEGAL_ADDRESS: an illegal memory access was encountered
E0917 20:47:25.029188  540038 cuda_executor.cc:279] [0] failed to unload module 0x63b0101ab660; leaking: INTERNAL: CUDA error: : CUDA_ERROR_ILLEGAL_ADDRESS: an illegal memory access was encountered
E0917 20:47:25.029504  540038 cuda_executor.cc:279] [0] failed to unload module 0x63b00967a110; leaking: INTERNAL: CUDA error: : CUDA_ERROR_ILLEGAL_ADDRESS: an illegal memory access was encountered
E0917 20:47:25.030066  540038 cuda_executor.cc:279] [0] failed to unload module 0x63b005311c70; leaking: INTERNAL: CUDA error: : CUDA_ERROR_ILLEGAL_ADDRESS: an illegal memory access was encountered
E0917 20:47:25.030451  540038 cuda_executor.cc:279] [0] failed to unload module 0x63af8f10eca0; leaking: INTERNAL: CUDA error: : CUDA_ERROR_ILLEGAL_ADDRESS: an illegal memory access was encountered
E0917 20:47:25.031350  540038 cuda_executor.cc:279] [0] failed to unload module 0x63af98dae280; leaking: INTERNAL: CUDA error: : CUDA_ERROR_ILLEGAL_ADDRESS: an illegal memory access was encountered
E0917 20:47:25.032305  540038 cuda_executor.cc:279] [0] failed to unload module 0x63b00a46f670; leaking: INTERNAL: CUDA error: : CUDA_ERROR_ILLEGAL_ADDRESS: an illegal memory access was encountered
E0917 20:47:25.033509  540038 cuda_executor.cc:279] [0] failed to unload module 0x63b012239100; leaking: INTERNAL: CUDA error: : CUDA_ERROR_ILLEGAL_ADDRESS: an illegal memory access was encountered
E0917 20:47:25.034057  540038 cuda_executor.cc:279] [0] failed to unload module 0x63b0161f83a0; leaking: INTERNAL: CUDA error: : CUDA_ERROR_ILLEGAL_ADDRESS: an illegal memory access was encountered
E0917 20:47:25.034551  540038 cuda_executor.cc:279] [0] failed to unload module 0x63b019ca9bb0; leaking: INTERNAL: CUDA error: : CUDA_ERROR_ILLEGAL_ADDRESS: an illegal memory access was encountered
E0917 20:47:25.035001  540038 cuda_executor.cc:279] [0] failed to unload module 0x63b01f5693e0; leaking: INTERNAL: CUDA error: : CUDA_ERROR_ILLEGAL_ADDRESS: an illegal memory access was encountered
E0917 20:47:25.035969  540038 cuda_executor.cc:279] [0] failed to unload module 0x63afaa23abe0; leaking: INTERNAL: CUDA error: : CUDA_ERROR_ILLEGAL_ADDRESS: an illegal memory access was encountered
E0917 20:47:25.036592  540038 cuda_executor.cc:279] [0] failed to unload module 0x63af9fcee610; leaking: INTERNAL: CUDA error: : CUDA_ERROR_ILLEGAL_ADDRESS: an illegal memory access was encountered
E0917 20:47:25.037157  540038 cuda_executor.cc:279] [0] failed to unload module 0x63b01c36c1f0; leaking: INTERNAL: CUDA error: : CUDA_ERROR_ILLEGAL_ADDRESS: an illegal memory access was encountered
E0917 20:47:25.037624  540038 cuda_executor.cc:279] [0] failed to unload module 0x63b01cf660e0; leaking: INTERNAL: CUDA error: : CUDA_ERROR_ILLEGAL_ADDRESS: an illegal memory access was encountered
E0917 20:47:25.037934  540038 cuda_executor.cc:279] [0] failed to unload module 0x63afbc8b1490; leaking: INTERNAL: CUDA error: : CUDA_ERROR_ILLEGAL_ADDRESS: an illegal memory access was encountered
E0917 20:47:25.038327  540038 cuda_executor.cc:279] [0] failed to unload module 0x63afbb813900; leaking: INTERNAL: CUDA error: : CUDA_ERROR_ILLEGAL_ADDRESS: an illegal memory access was encountered
E0917 20:47:25.039218  540038 cuda_executor.cc:279] [0] failed to unload module 0x63af8e7a41e0; leaking: INTERNAL: CUDA error: : CUDA_ERROR_ILLEGAL_ADDRESS: an illegal memory access was encountered
E0917 20:47:25.040061  540038 cuda_executor.cc:279] [0] failed to unload module 0x63af986e3a20; leaking: INTERNAL: CUDA error: : CUDA_ERROR_ILLEGAL_ADDRESS: an illegal memory access was encountered
E0917 20:47:25.040468  540038 cuda_executor.cc:279] [0] failed to unload module 0x63afbeb9e550; leaking: INTERNAL: CUDA error: : CUDA_ERROR_ILLEGAL_ADDRESS: an illegal memory access was encountered
E0917 20:47:25.041085  540038 cuda_executor.cc:279] [0] failed to unload module 0x63b00899f7d0; leaking: INTERNAL: CUDA error: : CUDA_ERROR_ILLEGAL_ADDRESS: an illegal memory access was encountered
E0917 20:47:25.041497  540038 cuda_executor.cc:279] [0] failed to unload module 0x63b004fc1500; leaking: INTERNAL: CUDA error: : CUDA_ERROR_ILLEGAL_ADDRESS: an illegal memory access was encountered
E0917 20:47:25.041825  540038 cuda_executor.cc:279] [0] failed to unload module 0x63b0119cf950; leaking: INTERNAL: CUDA error: : CUDA_ERROR_ILLEGAL_ADDRESS: an illegal memory access was encountered
E0917 20:47:25.042255  540038 cuda_executor.cc:279] [0] failed to unload module 0x63b00e4b9a70; leaking: INTERNAL: CUDA error: : CUDA_ERROR_ILLEGAL_ADDRESS: an illegal memory access was encountered
E0917 20:47:25.042755  540038 cuda_executor.cc:279] [0] failed to unload module 0x63b009aa0f00; leaking: INTERNAL: CUDA error: : CUDA_ERROR_ILLEGAL_ADDRESS: an illegal memory access was encountered
E0917 20:47:25.043160  540038 cuda_executor.cc:279] [0] failed to unload module 0x63b011cc3ee0; leaking: INTERNAL: CUDA error: : CUDA_ERROR_ILLEGAL_ADDRESS: an illegal memory access was encountered
E0917 20:47:25.043622  540038 cuda_executor.cc:279] [0] failed to unload module 0x63afbc966250; leaking: INTERNAL: CUDA error: : CUDA_ERROR_ILLEGAL_ADDRESS: an illegal memory access was encountered
E0917 20:47:25.043903  540038 cuda_executor.cc:279] [0] failed to unload module 0x63afbbda2bf0; leaking: INTERNAL: CUDA error: : CUDA_ERROR_ILLEGAL_ADDRESS: an illegal memory access was encountered
E0917 20:47:25.044192  540038 cuda_executor.cc:279] [0] failed to unload module 0x63af8e9fe9c0; leaking: INTERNAL: CUDA error: : CUDA_ERROR_ILLEGAL_ADDRESS: an illegal memory access was encountered
E0917 20:47:25.044480  540038 cuda_executor.cc:279] [0] failed to unload module 0x63af988513f0; leaking: INTERNAL: CUDA error: : CUDA_ERROR_ILLEGAL_ADDRESS: an illegal memory access was encountered
E0917 20:47:25.044930  540038 cuda_executor.cc:279] [0] failed to unload module 0x63afc0bfb210; leaking: INTERNAL: CUDA error: : CUDA_ERROR_ILLEGAL_ADDRESS: an illegal memory access was encountered
E0917 20:47:25.045393  540038 cuda_executor.cc:279] [0] failed to unload module 0x63afcdbad900; leaking: INTERNAL: CUDA error: : CUDA_ERROR_ILLEGAL_ADDRESS: an illegal memory access was encountered
E0917 20:47:25.045868  540038 cuda_executor.cc:279] [0] failed to unload module 0x63b009d5fce0; leaking: INTERNAL: CUDA error: : CUDA_ERROR_ILLEGAL_ADDRESS: an illegal memory access was encountered
E0917 20:47:25.046210  540038 cuda_executor.cc:279] [0] failed to unload module 0x63b00f6a6f70; leaking: INTERNAL: CUDA error: : CUDA_ERROR_ILLEGAL_ADDRESS: an illegal memory access was encountered
E0917 20:47:25.046719  540038 cuda_executor.cc:279] [0] failed to unload module 0x63b008feb870; leaking: INTERNAL: CUDA error: : CUDA_ERROR_ILLEGAL_ADDRESS: an illegal memory access was encountered
E0917 20:47:25.047174  540038 cuda_executor.cc:279] [0] failed to unload module 0x63b0119cb380; leaking: INTERNAL: CUDA error: : CUDA_ERROR_ILLEGAL_ADDRESS: an illegal memory access was encountered
E0917 20:47:25.047715  540038 cuda_executor.cc:279] [0] failed to unload module 0x63afa0528390; leaking: INTERNAL: CUDA error: : CUDA_ERROR_ILLEGAL_ADDRESS: an illegal memory access was encountered
E0917 20:47:25.048247  540038 cuda_executor.cc:279] [0] failed to unload module 0x63af8eb4c670; leaking: INTERNAL: CUDA error: : CUDA_ERROR_ILLEGAL_ADDRESS: an illegal memory access was encountered
E0917 20:47:25.048680  540038 cuda_executor.cc:279] [0] failed to unload module 0x63af98858b60; leaking: INTERNAL: CUDA error: : CUDA_ERROR_ILLEGAL_ADDRESS: an illegal memory access was encountered
E0917 20:47:25.049079  540038 cuda_executor.cc:279] [0] failed to unload module 0x63afbc015cf0; leaking: INTERNAL: CUDA error: : CUDA_ERROR_ILLEGAL_ADDRESS: an illegal memory access was encountered
E0917 20:47:25.049527  540038 cuda_executor.cc:279] [0] failed to unload module 0x63afc0f61d90; leaking: INTERNAL: CUDA error: : CUDA_ERROR_ILLEGAL_ADDRESS: an illegal memory access was encountered
E0917 20:47:25.049906  540038 cuda_executor.cc:279] [0] failed to unload module 0x63afbccc20b0; leaking: INTERNAL: CUDA error: : CUDA_ERROR_ILLEGAL_ADDRESS: an illegal memory access was encountered
E0917 20:47:25.050478  540038 cuda_executor.cc:279] [0] failed to unload module 0x63b0091b6400; leaking: INTERNAL: CUDA error: : CUDA_ERROR_ILLEGAL_ADDRESS: an illegal memory access was encountered
E0917 20:47:25.050866  540038 cuda_executor.cc:279] [0] failed to unload module 0x63b009f6ca10; leaking: INTERNAL: CUDA error: : CUDA_ERROR_ILLEGAL_ADDRESS: an illegal memory access was encountered
E0917 20:47:25.051223  540038 cuda_executor.cc:279] [0] failed to unload module 0x63b00e1b19c0; leaking: INTERNAL: CUDA error: : CUDA_ERROR_ILLEGAL_ADDRESS: an illegal memory access was encountered
E0917 20:47:25.051642  540038 cuda_executor.cc:279] [0] failed to unload module 0x63b0053df690; leaking: INTERNAL: CUDA error: : CUDA_ERROR_ILLEGAL_ADDRESS: an illegal memory access was encountered
E0917 20:47:25.052218  540038 cuda_executor.cc:279] [0] failed to unload module 0x63b01d679ca0; leaking: INTERNAL: CUDA error: : CUDA_ERROR_ILLEGAL_ADDRESS: an illegal memory access was encountered
E0917 20:47:25.052814  540038 cuda_executor.cc:279] [0] failed to unload module 0x63afc1c10c10; leaking: INTERNAL: CUDA error: : CUDA_ERROR_ILLEGAL_ADDRESS: an illegal memory access was encountered
E0917 20:47:25.053220  540038 cuda_executor.cc:279] [0] failed to unload module 0x63af9d4046a0; leaking: INTERNAL: CUDA error: : CUDA_ERROR_ILLEGAL_ADDRESS: an illegal memory access was encountered
E0917 20:47:25.053601  540038 cuda_executor.cc:279] [0] failed to unload module 0x63af993305a0; leaking: INTERNAL: CUDA error: : CUDA_ERROR_ILLEGAL_ADDRESS: an illegal memory access was encountered
E0917 20:47:25.054120  540038 cuda_executor.cc:279] [0] failed to unload module 0x63afa2864b20; leaking: INTERNAL: CUDA error: : CUDA_ERROR_ILLEGAL_ADDRESS: an illegal memory access was encountered
E0917 20:47:25.054685  540038 cuda_executor.cc:279] [0] failed to unload module 0x63afb4eac0d0; leaking: INTERNAL: CUDA error: : CUDA_ERROR_ILLEGAL_ADDRESS: an illegal memory access was encountered
E0917 20:47:25.055152  540038 cuda_executor.cc:279] [0] failed to unload module 0x63b014b34120; leaking: INTERNAL: CUDA error: : CUDA_ERROR_ILLEGAL_ADDRESS: an illegal memory access was encountered
E0917 20:47:25.055601  540038 cuda_executor.cc:279] [0] failed to unload module 0x63b01a2848e0; leaking: INTERNAL: CUDA error: : CUDA_ERROR_ILLEGAL_ADDRESS: an illegal memory access was encountered
E0917 20:47:25.056748  540038 cuda_executor.cc:279] [0] failed to unload module 0x70fe7c00d2d0; leaking: INTERNAL: CUDA error: : CUDA_ERROR_ILLEGAL_ADDRESS: an illegal memory access was encountered
E0917 20:47:25.057327  540038 cuda_executor.cc:279] [0] failed to unload module 0x63b0146729c0; leaking: INTERNAL: CUDA error: : CUDA_ERROR_ILLEGAL_ADDRESS: an illegal memory access was encountered
E0917 20:47:25.057660  540038 cuda_executor.cc:279] [0] failed to unload module 0x63afab41e4e0; leaking: INTERNAL: CUDA error: : CUDA_ERROR_ILLEGAL_ADDRESS: an illegal memory access was encountered
E0917 20:47:25.058237  540038 cuda_executor.cc:279] [0] failed to unload module 0x63afac3c6ef0; leaking: INTERNAL: CUDA error: : CUDA_ERROR_ILLEGAL_ADDRESS: an illegal memory access was encountered
E0917 20:47:25.058778  540038 cuda_executor.cc:279] [0] failed to unload module 0x63afb1a3f030; leaking: INTERNAL: CUDA error: : CUDA_ERROR_ILLEGAL_ADDRESS: an illegal memory access was encountered
E0917 20:47:25.058954  540038 cuda_executor.cc:279] [0] failed to unload module 0x63afd1cc4200; leaking: INTERNAL: CUDA error: : CUDA_ERROR_ILLEGAL_ADDRESS: an illegal memory access was encountered
E0917 20:47:25.060012  540038 cuda_executor.cc:279] [0] failed to unload module 0x63afb0c185e0; leaking: INTERNAL: CUDA error: : CUDA_ERROR_ILLEGAL_ADDRESS: an illegal memory access was encountered
E0917 20:47:25.060554  540038 cuda_executor.cc:279] [0] failed to unload module 0x63afb5f085e0; leaking: INTERNAL: CUDA error: : CUDA_ERROR_ILLEGAL_ADDRESS: an illegal memory access was encountered
E0917 20:47:25.060899  540038 cuda_executor.cc:279] [0] failed to unload module 0x63afb1421a80; leaking: INTERNAL: CUDA error: : CUDA_ERROR_ILLEGAL_ADDRESS: an illegal memory access was encountered
E0917 20:47:25.061308  540038 cuda_executor.cc:279] [0] failed to unload module 0x63afba18ad70; leaking: INTERNAL: CUDA error: : CUDA_ERROR_ILLEGAL_ADDRESS: an illegal memory access was encountered
E0917 20:47:25.061750  540038 cuda_executor.cc:279] [0] failed to unload module 0x63b00fa6ab90; leaking: INTERNAL: CUDA error: : CUDA_ERROR_ILLEGAL_ADDRESS: an illegal memory access was encountered
E0917 20:47:25.062154  540038 cuda_executor.cc:279] [0] failed to unload module 0x63b019061ac0; leaking: INTERNAL: CUDA error: : CUDA_ERROR_ILLEGAL_ADDRESS: an illegal memory access was encountered
E0917 20:47:25.062537  540038 cuda_executor.cc:279] [0] failed to unload module 0x63b01986c030; leaking: INTERNAL: CUDA error: : CUDA_ERROR_ILLEGAL_ADDRESS: an illegal memory access was encountered
E0917 20:47:25.062906  540038 cuda_executor.cc:279] [0] failed to unload module 0x63b00d76a2d0; leaking: INTERNAL: CUDA error: : CUDA_ERROR_ILLEGAL_ADDRESS: an illegal memory access was encountered
E0917 20:47:25.063390  540038 cuda_executor.cc:279] [0] failed to unload module 0x63af9e3a7140; leaking: INTERNAL: CUDA error: : CUDA_ERROR_ILLEGAL_ADDRESS: an illegal memory access was encountered
E0917 20:47:25.063812  540038 cuda_executor.cc:279] [0] failed to unload module 0x63af99d2ddf0; leaking: INTERNAL: CUDA error: : CUDA_ERROR_ILLEGAL_ADDRESS: an illegal memory access was encountered
E0917 20:47:25.064442  540038 cuda_executor.cc:279] [0] failed to unload module 0x63afa38bf800; leaking: INTERNAL: CUDA error: : CUDA_ERROR_ILLEGAL_ADDRESS: an illegal memory access was encountered
E0917 20:47:25.064863  540038 cuda_executor.cc:279] [0] failed to unload module 0x63afabe45a20; leaking: INTERNAL: CUDA error: : CUDA_ERROR_ILLEGAL_ADDRESS: an illegal memory access was encountered
E0917 20:47:25.065285  540038 cuda_executor.cc:279] [0] failed to unload module 0x63b01fd7fd60; leaking: INTERNAL: CUDA error: : CUDA_ERROR_ILLEGAL_ADDRESS: an illegal memory access was encountered
E0917 20:47:25.065797  540038 cuda_executor.cc:279] [0] failed to unload module 0x70fea0207d00; leaking: INTERNAL: CUDA error: : CUDA_ERROR_ILLEGAL_ADDRESS: an illegal memory access was encountered
E0917 20:47:25.066124  540038 cuda_executor.cc:279] [0] failed to unload module 0x63afc60388a0; leaking: INTERNAL: CUDA error: : CUDA_ERROR_ILLEGAL_ADDRESS: an illegal memory access was encountered
E0917 20:47:25.066488  540038 cuda_executor.cc:279] [0] failed to unload module 0x63afc2995380; leaking: INTERNAL: CUDA error: : CUDA_ERROR_ILLEGAL_ADDRESS: an illegal memory access was encountered
E0917 20:47:25.066842  540038 cuda_executor.cc:279] [0] failed to unload module 0x63afd10ef350; leaking: INTERNAL: CUDA error: : CUDA_ERROR_ILLEGAL_ADDRESS: an illegal memory access was encountered
E0917 20:47:25.067230  540038 cuda_executor.cc:279] [0] failed to unload module 0x63b020b4d3f0; leaking: INTERNAL: CUDA error: : CUDA_ERROR_ILLEGAL_ADDRESS: an illegal memory access was encountered
E0917 20:47:25.067927  540038 cuda_executor.cc:279] [0] failed to unload module 0x63b010fe9e70; leaking: INTERNAL: CUDA error: : CUDA_ERROR_ILLEGAL_ADDRESS: an illegal memory access was encountered
E0917 20:47:25.068663  540038 cuda_executor.cc:279] [0] failed to unload module 0x63b00f98e7b0; leaking: INTERNAL: CUDA error: : CUDA_ERROR_ILLEGAL_ADDRESS: an illegal memory access was encountered
E0917 20:47:25.069140  540038 cuda_executor.cc:279] [0] failed to unload module 0x63b01c634220; leaking: INTERNAL: CUDA error: : CUDA_ERROR_ILLEGAL_ADDRESS: an illegal memory access was encountered
E0917 20:47:25.069442  540038 cuda_executor.cc:279] [0] failed to unload module 0x63b027163600; leaking: INTERNAL: CUDA error: : CUDA_ERROR_ILLEGAL_ADDRESS: an illegal memory access was encountered
E0917 20:47:25.070052  540038 cuda_executor.cc:279] [0] failed to unload module 0x63af97e56d60; leaking: INTERNAL: CUDA error: : CUDA_ERROR_ILLEGAL_ADDRESS: an illegal memory access was encountered
E0917 20:47:25.070341  540038 cuda_executor.cc:279] [0] failed to unload module 0x63af99344020; leaking: INTERNAL: CUDA error: : CUDA_ERROR_ILLEGAL_ADDRESS: an illegal memory access was encountered
E0917 20:47:25.070750  540038 cuda_executor.cc:279] [0] failed to unload module 0x63b019f01a80; leaking: INTERNAL: CUDA error: : CUDA_ERROR_ILLEGAL_ADDRESS: an illegal memory access was encountered
E0917 20:47:25.071125  540038 cuda_executor.cc:279] [0] failed to unload module 0x63af9ed65af0; leaking: INTERNAL: CUDA error: : CUDA_ERROR_ILLEGAL_ADDRESS: an illegal memory access was encountered
E0917 20:47:25.071619  540038 cuda_executor.cc:279] [0] failed to unload module 0x63b008491b80; leaking: INTERNAL: CUDA error: : CUDA_ERROR_ILLEGAL_ADDRESS: an illegal memory access was encountered
E0917 20:47:25.072274  540038 cuda_executor.cc:279] [0] failed to unload module 0x63afb5d6dfd0; leaking: INTERNAL: CUDA error: : CUDA_ERROR_ILLEGAL_ADDRESS: an illegal memory access was encountered
E0917 20:47:25.072782  540038 cuda_executor.cc:279] [0] failed to unload module 0x63af9c199a60; leaking: INTERNAL: CUDA error: : CUDA_ERROR_ILLEGAL_ADDRESS: an illegal memory access was encountered
E0917 20:47:25.073148  540038 cuda_executor.cc:279] [0] failed to unload module 0x63b014907c80; leaking: INTERNAL: CUDA error: : CUDA_ERROR_ILLEGAL_ADDRESS: an illegal memory access was encountered
E0917 20:47:25.073757  540038 cuda_executor.cc:279] [0] failed to unload module 0x63afa2e2da20; leaking: INTERNAL: CUDA error: : CUDA_ERROR_ILLEGAL_ADDRESS: an illegal memory access was encountered
E0917 20:47:25.074385  540038 cuda_executor.cc:279] [0] failed to unload module 0x63afc29e2060; leaking: INTERNAL: CUDA error: : CUDA_ERROR_ILLEGAL_ADDRESS: an illegal memory access was encountered
E0917 20:47:25.074751  540038 cuda_executor.cc:279] [0] failed to unload module 0x63af99ba6f40; leaking: INTERNAL: CUDA error: : CUDA_ERROR_ILLEGAL_ADDRESS: an illegal memory access was encountered
E0917 20:47:25.075306  540038 cuda_executor.cc:279] [0] failed to unload module 0x63afc3fecf90; leaking: INTERNAL: CUDA error: : CUDA_ERROR_ILLEGAL_ADDRESS: an illegal memory access was encountered
E0917 20:47:25.075784  540038 cuda_executor.cc:279] [0] failed to unload module 0x63afd14a4860; leaking: INTERNAL: CUDA error: : CUDA_ERROR_ILLEGAL_ADDRESS: an illegal memory access was encountered
E0917 20:47:25.076077  540038 cuda_executor.cc:279] [0] failed to unload module 0x63af9e2543b0; leaking: INTERNAL: CUDA error: : CUDA_ERROR_ILLEGAL_ADDRESS: an illegal memory access was encountered
E0917 20:47:25.076474  540038 cuda_executor.cc:279] [0] failed to unload module 0x63afa1619800; leaking: INTERNAL: CUDA error: : CUDA_ERROR_ILLEGAL_ADDRESS: an illegal memory access was encountered
E0917 20:47:25.076946  540038 cuda_executor.cc:279] [0] failed to unload module 0x63afd1cd1f00; leaking: INTERNAL: CUDA error: : CUDA_ERROR_ILLEGAL_ADDRESS: an illegal memory access was encountered
E0917 20:47:25.077581  540038 cuda_executor.cc:279] [0] failed to unload module 0x63afa3a5a8a0; leaking: INTERNAL: CUDA error: : CUDA_ERROR_ILLEGAL_ADDRESS: an illegal memory access was encountered
E0917 20:47:25.078133  540038 cuda_executor.cc:279] [0] failed to unload module 0x63afb9e81080; leaking: INTERNAL: CUDA error: : CUDA_ERROR_ILLEGAL_ADDRESS: an illegal memory access was encountered
E0917 20:47:25.078474  540038 cuda_executor.cc:279] [0] failed to unload module 0x63b016d264e0; leaking: INTERNAL: CUDA error: : CUDA_ERROR_ILLEGAL_ADDRESS: an illegal memory access was encountered
E0917 20:47:25.078937  540038 cuda_executor.cc:279] [0] failed to unload module 0x63b01690ddc0; leaking: INTERNAL: CUDA error: : CUDA_ERROR_ILLEGAL_ADDRESS: an illegal memory access was encountered
E0917 20:47:25.080224  540038 cuda_executor.cc:279] [0] failed to unload module 0x63afc6401420; leaking: INTERNAL: CUDA error: : CUDA_ERROR_ILLEGAL_ADDRESS: an illegal memory access was encountered
E0917 20:47:25.080800  540038 cuda_executor.cc:279] [0] failed to unload module 0x63af842fa780; leaking: INTERNAL: CUDA error: : CUDA_ERROR_ILLEGAL_ADDRESS: an illegal memory access was encountered
E0917 20:47:25.082118  540038 cuda_executor.cc:279] [0] failed to unload module 0x63af842f9460; leaking: INTERNAL: CUDA error: : CUDA_ERROR_ILLEGAL_ADDRESS: an illegal memory access was encountered
E0917 20:47:25.082686  540038 cuda_executor.cc:279] [0] failed to unload module 0x63afc762ede0; leaking: INTERNAL: CUDA error: : CUDA_ERROR_ILLEGAL_ADDRESS: an illegal memory access was encountered
E0917 20:47:25.083120  540038 cuda_executor.cc:279] [0] failed to unload module 0x63afb2636ad0; leaking: INTERNAL: CUDA error: : CUDA_ERROR_ILLEGAL_ADDRESS: an illegal memory access was encountered
E0917 20:47:25.083385  540038 cuda_executor.cc:279] [0] failed to unload module 0x63af9962f340; leaking: INTERNAL: CUDA error: : CUDA_ERROR_ILLEGAL_ADDRESS: an illegal memory access was encountered
E0917 20:47:25.084834  540038 cuda_executor.cc:279] [0] failed to unload module 0x63afa987cac0; leaking: INTERNAL: CUDA error: : CUDA_ERROR_ILLEGAL_ADDRESS: an illegal memory access was encountered
E0917 20:47:25.085058  540038 cuda_executor.cc:279] [0] failed to unload module 0x63af8523cb40; leaking: INTERNAL: CUDA error: : CUDA_ERROR_ILLEGAL_ADDRESS: an illegal memory access was encountered
E0917 20:47:25.085541  540038 cuda_executor.cc:279] [0] failed to unload module 0x63afad259430; leaking: INTERNAL: CUDA error: : CUDA_ERROR_ILLEGAL_ADDRESS: an illegal memory access was encountered
E0917 20:47:25.085848  540038 cuda_executor.cc:279] [0] failed to unload module 0x70fe9c1a2e30; leaking: INTERNAL: CUDA error: : CUDA_ERROR_ILLEGAL_ADDRESS: an illegal memory access was encountered
E0917 20:47:25.086032  540038 cuda_executor.cc:279] [0] failed to unload module 0x63afd09fee80; leaking: INTERNAL: CUDA error: : CUDA_ERROR_ILLEGAL_ADDRESS: an illegal memory access was encountered
E0917 20:47:25.086873  540038 cuda_executor.cc:279] [0] failed to unload module 0x63b01b0e0610; leaking: INTERNAL: CUDA error: : CUDA_ERROR_ILLEGAL_ADDRESS: an illegal memory access was encountered
E0917 20:47:25.087344  540038 cuda_executor.cc:279] [0] failed to unload module 0x63af86ffc590; leaking: INTERNAL: CUDA error: : CUDA_ERROR_ILLEGAL_ADDRESS: an illegal memory access was encountered
E0917 20:47:25.089397  540038 cuda_executor.cc:279] [0] failed to unload module 0x63af84bc7c70; leaking: INTERNAL: CUDA error: : CUDA_ERROR_ILLEGAL_ADDRESS: an illegal memory access was encountered
E0917 20:47:25.089943  540038 cuda_executor.cc:279] [0] failed to unload module 0x63af87246a30; leaking: INTERNAL: CUDA error: : CUDA_ERROR_ILLEGAL_ADDRESS: an illegal memory access was encountered
E0917 20:47:25.090364  540038 cuda_executor.cc:279] [0] failed to unload module 0x63af87d742b0; leaking: INTERNAL: CUDA error: : CUDA_ERROR_ILLEGAL_ADDRESS: an illegal memory access was encountered
E0917 20:47:25.091475  540038 cuda_executor.cc:279] [0] failed to unload module 0x63b00d9e82e0; leaking: INTERNAL: CUDA error: : CUDA_ERROR_ILLEGAL_ADDRESS: an illegal memory access was encountered
E0917 20:47:25.091865  540038 cuda_executor.cc:279] [0] failed to unload module 0x63af87b95060; leaking: INTERNAL: CUDA error: : CUDA_ERROR_ILLEGAL_ADDRESS: an illegal memory access was encountered
E0917 20:47:25.092447  540038 cuda_executor.cc:279] [0] failed to unload module 0x63af864496f0; leaking: INTERNAL: CUDA error: : CUDA_ERROR_ILLEGAL_ADDRESS: an illegal memory access was encountered
E0917 20:47:25.092764  540038 cuda_executor.cc:279] [0] failed to unload module 0x63afaa0ae870; leaking: INTERNAL: CUDA error: : CUDA_ERROR_ILLEGAL_ADDRESS: an illegal memory access was encountered
E0917 20:47:25.093048  540038 cuda_executor.cc:279] [0] failed to unload module 0x63af86559210; leaking: INTERNAL: CUDA error: : CUDA_ERROR_ILLEGAL_ADDRESS: an illegal memory access was encountered
E0917 20:47:25.093452  540038 cuda_executor.cc:279] [0] failed to unload module 0x63af876e1860; leaking: INTERNAL: CUDA error: : CUDA_ERROR_ILLEGAL_ADDRESS: an illegal memory access was encountered
E0917 20:47:25.093895  540038 cuda_executor.cc:279] [0] failed to unload module 0x63af86d64c50; leaking: INTERNAL: CUDA error: : CUDA_ERROR_ILLEGAL_ADDRESS: an illegal memory access was encountered
E0917 20:47:25.094325  540038 cuda_executor.cc:279] [0] failed to unload module 0x63afbb177d20; leaking: INTERNAL: CUDA error: : CUDA_ERROR_ILLEGAL_ADDRESS: an illegal memory access was encountered
E0917 20:47:25.094994  540038 cuda_executor.cc:279] [0] failed to unload module 0x63afd02f1640; leaking: INTERNAL: CUDA error: : CUDA_ERROR_ILLEGAL_ADDRESS: an illegal memory access was encountered
E0917 20:47:25.095552  540038 cuda_executor.cc:279] [0] failed to unload module 0x63afa0010240; leaking: INTERNAL: CUDA error: : CUDA_ERROR_ILLEGAL_ADDRESS: an illegal memory access was encountered
E0917 20:47:25.096034  540038 cuda_executor.cc:279] [0] failed to unload module 0x63af874868b0; leaking: INTERNAL: CUDA error: : CUDA_ERROR_ILLEGAL_ADDRESS: an illegal memory access was encountered
E0917 20:47:25.096388  540038 cuda_executor.cc:279] [0] failed to unload module 0x63af86da2e60; leaking: INTERNAL: CUDA error: : CUDA_ERROR_ILLEGAL_ADDRESS: an illegal memory access was encountered
E0917 20:47:25.096843  540038 cuda_executor.cc:279] [0] failed to unload module 0x63af861ebf30; leaking: INTERNAL: CUDA error: : CUDA_ERROR_ILLEGAL_ADDRESS: an illegal memory access was encountered
E0917 20:47:25.097154  540038 cuda_executor.cc:279] [0] failed to unload module 0x63af867b8740; leaking: INTERNAL: CUDA error: : CUDA_ERROR_ILLEGAL_ADDRESS: an illegal memory access was encountered
E0917 20:47:25.097351  540038 cuda_executor.cc:279] [0] failed to unload module 0x63af87a4c160; leaking: INTERNAL: CUDA error: : CUDA_ERROR_ILLEGAL_ADDRESS: an illegal memory access was encountered
E0917 20:47:25.097842  540038 cuda_executor.cc:279] [0] failed to unload module 0x63af87f45750; leaking: INTERNAL: CUDA error: : CUDA_ERROR_ILLEGAL_ADDRESS: an illegal memory access was encountered
E0917 20:47:25.098460  540038 cuda_executor.cc:279] [0] failed to unload module 0x63afc49ba990; leaking: INTERNAL: CUDA error: : CUDA_ERROR_ILLEGAL_ADDRESS: an illegal memory access was encountered
E0917 20:47:25.098955  540038 cuda_executor.cc:279] [0] failed to unload module 0x63afc4b39620; leaking: INTERNAL: CUDA error: : CUDA_ERROR_ILLEGAL_ADDRESS: an illegal memory access was encountered
E0917 20:47:25.099611  540038 cuda_executor.cc:279] [0] failed to unload module 0x63b01c422550; leaking: INTERNAL: CUDA error: : CUDA_ERROR_ILLEGAL_ADDRESS: an illegal memory access was encountered
E0917 20:47:25.100035  540038 cuda_executor.cc:279] [0] failed to unload module 0x63af8818a400; leaking: INTERNAL: CUDA error: : CUDA_ERROR_ILLEGAL_ADDRESS: an illegal memory access was encountered
E0917 20:47:25.101004  540038 cuda_executor.cc:279] [0] failed to unload module 0x63b02c59b920; leaking: INTERNAL: CUDA error: : CUDA_ERROR_ILLEGAL_ADDRESS: an illegal memory access was encountered
E0917 20:47:25.101461  540038 cuda_executor.cc:279] [0] failed to unload module 0x63afa5e7a5e0; leaking: INTERNAL: CUDA error: : CUDA_ERROR_ILLEGAL_ADDRESS: an illegal memory access was encountered
E0917 20:47:25.101794  540038 cuda_executor.cc:279] [0] failed to unload module 0x63afc3449780; leaking: INTERNAL: CUDA error: : CUDA_ERROR_ILLEGAL_ADDRESS: an illegal memory access was encountered
E0917 20:47:25.102242  540038 cuda_executor.cc:279] [0] failed to unload module 0x63af86a48970; leaking: INTERNAL: CUDA error: : CUDA_ERROR_ILLEGAL_ADDRESS: an illegal memory access was encountered
E0917 20:47:25.102668  540038 cuda_executor.cc:279] [0] failed to unload module 0x63af8702fbe0; leaking: INTERNAL: CUDA error: : CUDA_ERROR_ILLEGAL_ADDRESS: an illegal memory access was encountered
E0917 20:47:25.103033  540038 cuda_executor.cc:279] [0] failed to unload module 0x63af87bce350; leaking: INTERNAL: CUDA error: : CUDA_ERROR_ILLEGAL_ADDRESS: an illegal memory access was encountered
E0917 20:47:25.103537  540038 cuda_executor.cc:279] [0] failed to unload module 0x63b018bd0e00; leaking: INTERNAL: CUDA error: : CUDA_ERROR_ILLEGAL_ADDRESS: an illegal memory access was encountered
E0917 20:47:25.104136  540038 cuda_executor.cc:279] [0] failed to unload module 0x63af9f1661d0; leaking: INTERNAL: CUDA error: : CUDA_ERROR_ILLEGAL_ADDRESS: an illegal memory access was encountered
E0917 20:47:25.104707  540038 cuda_executor.cc:279] [0] failed to unload module 0x63b01323c260; leaking: INTERNAL: CUDA error: : CUDA_ERROR_ILLEGAL_ADDRESS: an illegal memory access was encountered
E0917 20:47:25.105083  540038 cuda_executor.cc:279] [0] failed to unload module 0x63afa5f8f720; leaking: INTERNAL: CUDA error: : CUDA_ERROR_ILLEGAL_ADDRESS: an illegal memory access was encountered
E0917 20:47:25.105542  540038 cuda_executor.cc:279] [0] failed to unload module 0x63af86448e80; leaking: INTERNAL: CUDA error: : CUDA_ERROR_ILLEGAL_ADDRESS: an illegal memory access was encountered
E0917 20:47:25.106411  540038 cuda_executor.cc:279] [0] failed to unload module 0x63afbad36c40; leaking: INTERNAL: CUDA error: : CUDA_ERROR_ILLEGAL_ADDRESS: an illegal memory access was encountered
E0917 20:47:25.106968  540038 cuda_executor.cc:279] [0] failed to unload module 0x63af9efe52e0; leaking: INTERNAL: CUDA error: : CUDA_ERROR_ILLEGAL_ADDRESS: an illegal memory access was encountered
E0917 20:47:25.107371  540038 cuda_executor.cc:279] [0] failed to unload module 0x63afb6ae7eb0; leaking: INTERNAL: CUDA error: : CUDA_ERROR_ILLEGAL_ADDRESS: an illegal memory access was encountered
E0917 20:47:25.108678  540038 cuda_executor.cc:279] [0] failed to unload module 0x63b0081eb5c0; leaking: INTERNAL: CUDA error: : CUDA_ERROR_ILLEGAL_ADDRESS: an illegal memory access was encountered
E0917 20:47:25.109262  540038 cuda_executor.cc:279] [0] failed to unload module 0x63afb72942f0; leaking: INTERNAL: CUDA error: : CUDA_ERROR_ILLEGAL_ADDRESS: an illegal memory access was encountered
E0917 20:47:25.109695  540038 cuda_executor.cc:279] [0] failed to unload module 0x63af875b32e0; leaking: INTERNAL: CUDA error: : CUDA_ERROR_ILLEGAL_ADDRESS: an illegal memory access was encountered
E0917 20:47:25.110357  540038 cuda_executor.cc:279] [0] failed to unload module 0x63afb6a411d0; leaking: INTERNAL: CUDA error: : CUDA_ERROR_ILLEGAL_ADDRESS: an illegal memory access was encountered
E0917 20:47:25.110873  540038 cuda_executor.cc:279] [0] failed to unload module 0x63af9f9a4da0; leaking: INTERNAL: CUDA error: : CUDA_ERROR_ILLEGAL_ADDRESS: an illegal memory access was encountered
E0917 20:47:25.112083  540038 cuda_executor.cc:279] [0] failed to unload module 0x63af880eef60; leaking: INTERNAL: CUDA error: : CUDA_ERROR_ILLEGAL_ADDRESS: an illegal memory access was encountered
E0917 20:47:25.112638  540038 cuda_executor.cc:279] [0] failed to unload module 0x63af869cc720; leaking: INTERNAL: CUDA error: : CUDA_ERROR_ILLEGAL_ADDRESS: an illegal memory access was encountered
E0917 20:47:25.113127  540038 cuda_executor.cc:279] [0] failed to unload module 0x63af874fdc90; leaking: INTERNAL: CUDA error: : CUDA_ERROR_ILLEGAL_ADDRESS: an illegal memory access was encountered
E0917 20:47:25.113553  540038 cuda_executor.cc:279] [0] failed to unload module 0x63b0133991a0; leaking: INTERNAL: CUDA error: : CUDA_ERROR_ILLEGAL_ADDRESS: an illegal memory access was encountered
E0917 20:47:25.113888  540038 cuda_executor.cc:279] [0] failed to unload module 0x63b01c4e6250; leaking: INTERNAL: CUDA error: : CUDA_ERROR_ILLEGAL_ADDRESS: an illegal memory access was encountered
E0917 20:47:25.114456  540038 cuda_executor.cc:279] [0] failed to unload module 0x63b00fcaa700; leaking: INTERNAL: CUDA error: : CUDA_ERROR_ILLEGAL_ADDRESS: an illegal memory access was encountered
E0917 20:47:25.119083  540038 cuda_executor.cc:279] [0] failed to unload module 0x63afb0fd9cb0; leaking: INTERNAL: CUDA error: : CUDA_ERROR_ILLEGAL_ADDRESS: an illegal memory access was encountered
E0917 20:47:25.120121  540038 cuda_executor.cc:279] [0] failed to unload module 0x63af995e4980; leaking: INTERNAL: CUDA error: : CUDA_ERROR_ILLEGAL_ADDRESS: an illegal memory access was encountered
E0917 20:47:25.121200  540038 cuda_executor.cc:279] [0] failed to unload module 0x63afd0e708e0; leaking: INTERNAL: CUDA error: : CUDA_ERROR_ILLEGAL_ADDRESS: an illegal memory access was encountered
E0917 20:47:25.122728  540038 cuda_executor.cc:279] [0] failed to unload module 0x63afa35954a0; leaking: INTERNAL: CUDA error: : CUDA_ERROR_ILLEGAL_ADDRESS: an illegal memory access was encountered
E0917 20:47:25.123305  540038 cuda_executor.cc:279] [0] failed to unload module 0x63afab86c130; leaking: INTERNAL: CUDA error: : CUDA_ERROR_ILLEGAL_ADDRESS: an illegal memory access was encountered
E0917 20:47:25.123794  540038 cuda_executor.cc:279] [0] failed to unload module 0x63afad1c8640; leaking: INTERNAL: CUDA error: : CUDA_ERROR_ILLEGAL_ADDRESS: an illegal memory access was encountered
E0917 20:47:25.127589  540038 cuda_executor.cc:279] [0] failed to unload module 0x63afd16e3db0; leaking: INTERNAL: CUDA error: : CUDA_ERROR_ILLEGAL_ADDRESS: an illegal memory access was encountered
E0917 20:47:25.128478  540038 cuda_executor.cc:279] [0] failed to unload module 0x63afb218d540; leaking: INTERNAL: CUDA error: : CUDA_ERROR_ILLEGAL_ADDRESS: an illegal memory access was encountered
E0917 20:47:25.144008  540038 cuda_executor.cc:279] [0] failed to unload module 0x63b00fe7a440; leaking: INTERNAL: CUDA error: : CUDA_ERROR_ILLEGAL_ADDRESS: an illegal memory access was encountered
E0917 20:47:25.148863  540038 cuda_executor.cc:279] [0] failed to unload module 0x63b01aa12820; leaking: INTERNAL: CUDA error: : CUDA_ERROR_ILLEGAL_ADDRESS: an illegal memory access was encountered
E0917 20:47:25.150423  540038 cuda_executor.cc:279] [0] failed to unload module 0x63b00cd316d0; leaking: INTERNAL: CUDA error: : CUDA_ERROR_ILLEGAL_ADDRESS: an illegal memory access was encountered
E0917 20:47:25.151051  540038 cuda_executor.cc:279] [0] failed to unload module 0x63b00c86fdb0; leaking: INTERNAL: CUDA error: : CUDA_ERROR_ILLEGAL_ADDRESS: an illegal memory access was encountered
E0917 20:47:25.151715  540038 cuda_executor.cc:279] [0] failed to unload module 0x63afaa427ed0; leaking: INTERNAL: CUDA error: : CUDA_ERROR_ILLEGAL_ADDRESS: an illegal memory access was encountered
E0917 20:47:25.152255  540038 cuda_executor.cc:279] [0] failed to unload module 0x63afaac568a0; leaking: INTERNAL: CUDA error: : CUDA_ERROR_ILLEGAL_ADDRESS: an illegal memory access was encountered
E0917 20:47:25.154722  540038 cuda_executor.cc:279] [0] failed to unload module 0x63afbdd5dac0; leaking: INTERNAL: CUDA error: : CUDA_ERROR_ILLEGAL_ADDRESS: an illegal memory access was encountered
E0917 20:47:25.159405  540038 cuda_executor.cc:279] [0] failed to unload module 0x63b00f542620; leaking: INTERNAL: CUDA error: : CUDA_ERROR_ILLEGAL_ADDRESS: an illegal memory access was encountered
E0917 20:47:25.160388  540038 cuda_executor.cc:279] [0] failed to unload module 0x70fec0078460; leaking: INTERNAL: CUDA error: : CUDA_ERROR_ILLEGAL_ADDRESS: an illegal memory access was encountered
E0917 20:47:25.160735  540038 cuda_executor.cc:279] [0] failed to unload module 0x63b019d030d0; leaking: INTERNAL: CUDA error: : CUDA_ERROR_ILLEGAL_ADDRESS: an illegal memory access was encountered
E0917 20:47:25.161649  540038 cuda_executor.cc:279] [0] failed to unload module 0x63af9c87f130; leaking: INTERNAL: CUDA error: : CUDA_ERROR_ILLEGAL_ADDRESS: an illegal memory access was encountered
E0917 20:47:25.162430  540038 cuda_executor.cc:279] [0] failed to unload module 0x63b01470daf0; leaking: INTERNAL: CUDA error: : CUDA_ERROR_ILLEGAL_ADDRESS: an illegal memory access was encountered
E0917 20:47:25.163170  540038 cuda_executor.cc:279] [0] failed to unload module 0x63afb5bf7780; leaking: INTERNAL: CUDA error: : CUDA_ERROR_ILLEGAL_ADDRESS: an illegal memory access was encountered
E0917 20:47:25.163853  540038 cuda_executor.cc:279] [0] failed to unload module 0x63b00ce7df20; leaking: INTERNAL: CUDA error: : CUDA_ERROR_ILLEGAL_ADDRESS: an illegal memory access was encountered
E0917 20:47:25.164207  540038 cuda_executor.cc:279] [0] failed to unload module 0x63afc7823de0; leaking: INTERNAL: CUDA error: : CUDA_ERROR_ILLEGAL_ADDRESS: an illegal memory access was encountered
E0917 20:47:25.164688  540038 cuda_executor.cc:279] [0] failed to unload module 0x63b01b0a68c0; leaking: INTERNAL: CUDA error: : CUDA_ERROR_ILLEGAL_ADDRESS: an illegal memory access was encountered
E0917 20:47:25.165293  540038 cuda_executor.cc:279] [0] failed to unload module 0x63b0279dde50; leaking: INTERNAL: CUDA error: : CUDA_ERROR_ILLEGAL_ADDRESS: an illegal memory access was encountered
E0917 20:47:25.165856  540038 cuda_executor.cc:279] [0] failed to unload module 0x63b022333740; leaking: INTERNAL: CUDA error: : CUDA_ERROR_ILLEGAL_ADDRESS: an illegal memory access was encountered
E0917 20:47:25.166388  540038 cuda_executor.cc:279] [0] failed to unload module 0x63afbd22f690; leaking: INTERNAL: CUDA error: : CUDA_ERROR_ILLEGAL_ADDRESS: an illegal memory access was encountered
E0917 20:47:25.167005  540038 cuda_executor.cc:279] [0] failed to unload module 0x63afc3fe74a0; leaking: INTERNAL: CUDA error: : CUDA_ERROR_ILLEGAL_ADDRESS: an illegal memory access was encountered
E0917 20:47:25.167587  540038 cuda_executor.cc:279] [0] failed to unload module 0x63b00bcaea90; leaking: INTERNAL: CUDA error: : CUDA_ERROR_ILLEGAL_ADDRESS: an illegal memory access was encountered
E0917 20:47:25.168526  540038 cuda_executor.cc:279] [0] failed to unload module 0x63b00c328160; leaking: INTERNAL: CUDA error: : CUDA_ERROR_ILLEGAL_ADDRESS: an illegal memory access was encountered
E0917 20:47:25.169338  540038 cuda_executor.cc:279] [0] failed to unload module 0x63afc5d897a0; leaking: INTERNAL: CUDA error: : CUDA_ERROR_ILLEGAL_ADDRESS: an illegal memory access was encountered
E0917 20:47:25.169991  540038 cuda_executor.cc:279] [0] failed to unload module 0x63b01ab21cc0; leaking: INTERNAL: CUDA error: : CUDA_ERROR_ILLEGAL_ADDRESS: an illegal memory access was encountered
E0917 20:47:25.170777  540038 cuda_executor.cc:279] [0] failed to unload module 0x63afd23b02c0; leaking: INTERNAL: CUDA error: : CUDA_ERROR_ILLEGAL_ADDRESS: an illegal memory access was encountered
E0917 20:47:25.172366  540038 cuda_executor.cc:279] [0] failed to unload module 0x63af9e12c300; leaking: INTERNAL: CUDA error: : CUDA_ERROR_ILLEGAL_ADDRESS: an illegal memory access was encountered
E0917 20:47:25.173987  540038 cuda_executor.cc:279] [0] failed to unload module 0x63afb27cc690; leaking: INTERNAL: CUDA error: : CUDA_ERROR_ILLEGAL_ADDRESS: an illegal memory access was encountered
E0917 20:47:25.176239  540038 cuda_executor.cc:279] [0] failed to unload module 0x63afad3c8e60; leaking: INTERNAL: CUDA error: : CUDA_ERROR_ILLEGAL_ADDRESS: an illegal memory access was encountered
E0917 20:47:25.177873  540038 cuda_executor.cc:279] [0] failed to unload module 0x63afc6faa340; leaking: INTERNAL: CUDA error: : CUDA_ERROR_ILLEGAL_ADDRESS: an illegal memory access was encountered
E0917 20:47:25.179057  540038 cuda_executor.cc:279] [0] failed to unload module 0x63afc37bf830; leaking: INTERNAL: CUDA error: : CUDA_ERROR_ILLEGAL_ADDRESS: an illegal memory access was encountered
E0917 20:47:25.181202  540038 cuda_executor.cc:279] [0] failed to unload module 0x63afc65e2410; leaking: INTERNAL: CUDA error: : CUDA_ERROR_ILLEGAL_ADDRESS: an illegal memory access was encountered
E0917 20:47:25.182669  540038 cuda_executor.cc:279] [0] failed to unload module 0x63afbd50d8b0; leaking: INTERNAL: CUDA error: : CUDA_ERROR_ILLEGAL_ADDRESS: an illegal memory access was encountered
E0917 20:47:25.184159  540038 cuda_executor.cc:279] [0] failed to unload module 0x63af9c2d4550; leaking: INTERNAL: CUDA error: : CUDA_ERROR_ILLEGAL_ADDRESS: an illegal memory access was encountered
E0917 20:47:25.185136  540038 cuda_executor.cc:279] [0] failed to unload module 0x63afc7631b30; leaking: INTERNAL: CUDA error: : CUDA_ERROR_ILLEGAL_ADDRESS: an illegal memory access was encountered
E0917 20:47:25.186548  540038 cuda_executor.cc:279] [0] failed to unload module 0x63b0095ac940; leaking: INTERNAL: CUDA error: : CUDA_ERROR_ILLEGAL_ADDRESS: an illegal memory access was encountered
E0917 20:47:25.187127  540038 cuda_executor.cc:279] [0] failed to unload module 0x63b00c63ab00; leaking: INTERNAL: CUDA error: : CUDA_ERROR_ILLEGAL_ADDRESS: an illegal memory access was encountered
E0917 20:47:25.187653  540038 cuda_executor.cc:279] [0] failed to unload module 0x63b00d4f1ea0; leaking: INTERNAL: CUDA error: : CUDA_ERROR_ILLEGAL_ADDRESS: an illegal memory access was encountered
E0917 20:47:25.188241  540038 cuda_executor.cc:279] [0] failed to unload module 0x63b00c86fb50; leaking: INTERNAL: CUDA error: : CUDA_ERROR_ILLEGAL_ADDRESS: an illegal memory access was encountered
E0917 20:47:25.188812  540038 cuda_executor.cc:279] [0] failed to unload module 0x63b00a78e350; leaking: INTERNAL: CUDA error: : CUDA_ERROR_ILLEGAL_ADDRESS: an illegal memory access was encountered
E0917 20:47:25.189313  540038 cuda_executor.cc:279] [0] failed to unload module 0x63b01f3b0ec0; leaking: INTERNAL: CUDA error: : CUDA_ERROR_ILLEGAL_ADDRESS: an illegal memory access was encountered
E0917 20:47:25.190227  540038 cuda_executor.cc:279] [0] failed to unload module 0x63b00d63f2b0; leaking: INTERNAL: CUDA error: : CUDA_ERROR_ILLEGAL_ADDRESS: an illegal memory access was encountered
E0917 20:47:25.190768  540038 cuda_executor.cc:279] [0] failed to unload module 0x63b007b0c230; leaking: INTERNAL: CUDA error: : CUDA_ERROR_ILLEGAL_ADDRESS: an illegal memory access was encountered
E0917 20:47:25.191478  540038 cuda_executor.cc:279] [0] failed to unload module 0x63afc141d080; leaking: INTERNAL: CUDA error: : CUDA_ERROR_ILLEGAL_ADDRESS: an illegal memory access was encountered
E0917 20:47:25.191832  540038 cuda_executor.cc:279] [0] failed to unload module 0x63b00b8c83c0; leaking: INTERNAL: CUDA error: : CUDA_ERROR_ILLEGAL_ADDRESS: an illegal memory access was encountered
E0917 20:47:25.192423  540038 cuda_executor.cc:279] [0] failed to unload module 0x63b022378ea0; leaking: INTERNAL: CUDA error: : CUDA_ERROR_ILLEGAL_ADDRESS: an illegal memory access was encountered
E0917 20:47:25.192859  540038 cuda_executor.cc:279] [0] failed to unload module 0x63af9bbe4890; leaking: INTERNAL: CUDA error: : CUDA_ERROR_ILLEGAL_ADDRESS: an illegal memory access was encountered
E0917 20:47:25.193522  540038 cuda_executor.cc:279] [0] failed to unload module 0x63b00a99c070; leaking: INTERNAL: CUDA error: : CUDA_ERROR_ILLEGAL_ADDRESS: an illegal memory access was encountered
E0917 20:47:25.194077  540038 cuda_executor.cc:279] [0] failed to unload module 0x63afc2a50100; leaking: INTERNAL: CUDA error: : CUDA_ERROR_ILLEGAL_ADDRESS: an illegal memory access was encountered
E0917 20:47:25.194506  540038 cuda_executor.cc:279] [0] failed to unload module 0x63af9990b990; leaking: INTERNAL: CUDA error: : CUDA_ERROR_ILLEGAL_ADDRESS: an illegal memory access was encountered
E0917 20:47:25.195054  540038 cuda_executor.cc:279] [0] failed to unload module 0x63af99c264d0; leaking: INTERNAL: CUDA error: : CUDA_ERROR_ILLEGAL_ADDRESS: an illegal memory access was encountered
E0917 20:47:25.195548  540038 cuda_executor.cc:279] [0] failed to unload module 0x63af9c0468e0; leaking: INTERNAL: CUDA error: : CUDA_ERROR_ILLEGAL_ADDRESS: an illegal memory access was encountered
E0917 20:47:25.196140  540038 cuda_executor.cc:279] [0] failed to unload module 0x63afb9f94640; leaking: INTERNAL: CUDA error: : CUDA_ERROR_ILLEGAL_ADDRESS: an illegal memory access was encountered
E0917 20:47:25.196750  540038 cuda_executor.cc:279] [0] failed to unload module 0x63b00c03f3a0; leaking: INTERNAL: CUDA error: : CUDA_ERROR_ILLEGAL_ADDRESS: an illegal memory access was encountered
E0917 20:47:25.197616  540038 cuda_executor.cc:279] [0] failed to unload module 0x63afc261b500; leaking: INTERNAL: CUDA error: : CUDA_ERROR_ILLEGAL_ADDRESS: an illegal memory access was encountered
E0917 20:47:25.198142  540038 cuda_executor.cc:279] [0] failed to unload module 0x63b02fb3a4e0; leaking: INTERNAL: CUDA error: : CUDA_ERROR_ILLEGAL_ADDRESS: an illegal memory access was encountered
E0917 20:47:25.199003  540038 cuda_executor.cc:279] [0] failed to unload module 0x63afba305390; leaking: INTERNAL: CUDA error: : CUDA_ERROR_ILLEGAL_ADDRESS: an illegal memory access was encountered
E0917 20:47:25.199531  540038 cuda_executor.cc:279] [0] failed to unload module 0x63afbe3b0c10; leaking: INTERNAL: CUDA error: : CUDA_ERROR_ILLEGAL_ADDRESS: an illegal memory access was encountered
E0917 20:47:25.199994  540038 cuda_executor.cc:279] [0] failed to unload module 0x63afd0311ba0; leaking: INTERNAL: CUDA error: : CUDA_ERROR_ILLEGAL_ADDRESS: an illegal memory access was encountered
E0917 20:47:25.200746  540038 cuda_executor.cc:279] [0] failed to unload module 0x63b00bc026a0; leaking: INTERNAL: CUDA error: : CUDA_ERROR_ILLEGAL_ADDRESS: an illegal memory access was encountered
E0917 20:47:25.201722  540038 cuda_executor.cc:279] [0] failed to unload module 0x63afc6dbb340; leaking: INTERNAL: CUDA error: : CUDA_ERROR_ILLEGAL_ADDRESS: an illegal memory access was encountered
E0917 20:47:25.202286  540038 cuda_executor.cc:279] [0] failed to unload module 0x63b019ddb630; leaking: INTERNAL: CUDA error: : CUDA_ERROR_ILLEGAL_ADDRESS: an illegal memory access was encountered
E0917 20:47:25.202737  540038 cuda_executor.cc:279] [0] failed to unload module 0x63af9e7df800; leaking: INTERNAL: CUDA error: : CUDA_ERROR_ILLEGAL_ADDRESS: an illegal memory access was encountered
E0917 20:47:25.203239  540038 cuda_executor.cc:279] [0] failed to unload module 0x63afb1624b40; leaking: INTERNAL: CUDA error: : CUDA_ERROR_ILLEGAL_ADDRESS: an illegal memory access was encountered
E0917 20:47:25.203631  540038 cuda_executor.cc:279] [0] failed to unload module 0x63b01b878110; leaking: INTERNAL: CUDA error: : CUDA_ERROR_ILLEGAL_ADDRESS: an illegal memory access was encountered
E0917 20:47:25.204738  540038 cuda_executor.cc:279] [0] failed to unload module 0x63afc2cada60; leaking: INTERNAL: CUDA error: : CUDA_ERROR_ILLEGAL_ADDRESS: an illegal memory access was encountered
E0917 20:47:25.205354  540038 cuda_executor.cc:279] [0] failed to unload module 0x63b0120d5cf0; leaking: INTERNAL: CUDA error: : CUDA_ERROR_ILLEGAL_ADDRESS: an illegal memory access was encountered
E0917 20:47:25.205705  540038 cuda_executor.cc:279] [0] failed to unload module 0x63afba493240; leaking: INTERNAL: CUDA error: : CUDA_ERROR_ILLEGAL_ADDRESS: an illegal memory access was encountered
E0917 20:47:25.206855  540038 cuda_executor.cc:279] [0] failed to unload module 0x63afa9f48d60; leaking: INTERNAL: CUDA error: : CUDA_ERROR_ILLEGAL_ADDRESS: an illegal memory access was encountered
E0917 20:47:25.207177  540038 cuda_executor.cc:279] [0] failed to unload module 0x63afabf090d0; leaking: INTERNAL: CUDA error: : CUDA_ERROR_ILLEGAL_ADDRESS: an illegal memory access was encountered
E0917 20:47:25.207941  540038 cuda_executor.cc:279] [0] failed to unload module 0x63b0281c6460; leaking: INTERNAL: CUDA error: : CUDA_ERROR_ILLEGAL_ADDRESS: an illegal memory access was encountered
E0917 20:47:25.208717  540038 cuda_executor.cc:279] [0] failed to unload module 0x63b01c63afa0; leaking: INTERNAL: CUDA error: : CUDA_ERROR_ILLEGAL_ADDRESS: an illegal memory access was encountered
E0917 20:47:25.209979  540038 cuda_executor.cc:279] [0] failed to unload module 0x63af98497a40; leaking: INTERNAL: CUDA error: : CUDA_ERROR_ILLEGAL_ADDRESS: an illegal memory access was encountered
E0917 20:47:25.210664  540038 cuda_executor.cc:279] [0] failed to unload module 0x63afb60edee0; leaking: INTERNAL: CUDA error: : CUDA_ERROR_ILLEGAL_ADDRESS: an illegal memory access was encountered
E0917 20:47:25.211058  540038 cuda_executor.cc:279] [0] failed to unload module 0x63afc3c5aa00; leaking: INTERNAL: CUDA error: : CUDA_ERROR_ILLEGAL_ADDRESS: an illegal memory access was encountered
E0917 20:47:25.211572  540038 cuda_executor.cc:279] [0] failed to unload module 0x63afc438e180; leaking: INTERNAL: CUDA error: : CUDA_ERROR_ILLEGAL_ADDRESS: an illegal memory access was encountered
E0917 20:47:25.212186  540038 cuda_executor.cc:279] [0] failed to unload module 0x63afa32ad340; leaking: INTERNAL: CUDA error: : CUDA_ERROR_ILLEGAL_ADDRESS: an illegal memory access was encountered
E0917 20:47:25.213218  540038 cuda_executor.cc:279] [0] failed to unload module 0x63afb58d8690; leaking: INTERNAL: CUDA error: : CUDA_ERROR_ILLEGAL_ADDRESS: an illegal memory access was encountered
E0917 20:47:25.213534  540038 cuda_executor.cc:279] [0] failed to unload module 0x63afbe6d2d60; leaking: INTERNAL: CUDA error: : CUDA_ERROR_ILLEGAL_ADDRESS: an illegal memory access was encountered
E0917 20:47:25.214385  540038 cuda_executor.cc:279] [0] failed to unload module 0x63afcf06f510; leaking: INTERNAL: CUDA error: : CUDA_ERROR_ILLEGAL_ADDRESS: an illegal memory access was encountered
E0917 20:47:25.214945  540038 cuda_executor.cc:279] [0] failed to unload module 0x63b028695730; leaking: INTERNAL: CUDA error: : CUDA_ERROR_ILLEGAL_ADDRESS: an illegal memory access was encountered
E0917 20:47:25.215889  540038 cuda_executor.cc:279] [0] failed to unload module 0x63b0089d7e40; leaking: INTERNAL: CUDA error: : CUDA_ERROR_ILLEGAL_ADDRESS: an illegal memory access was encountered
E0917 20:47:25.217369  540038 cuda_executor.cc:279] [0] failed to unload module 0x63b027330260; leaking: INTERNAL: CUDA error: : CUDA_ERROR_ILLEGAL_ADDRESS: an illegal memory access was encountered
E0917 20:47:25.218582  540038 cuda_executor.cc:279] [0] failed to unload module 0x63b00856c3e0; leaking: INTERNAL: CUDA error: : CUDA_ERROR_ILLEGAL_ADDRESS: an illegal memory access was encountered
E0917 20:47:25.219240  540038 cuda_executor.cc:279] [0] failed to unload module 0x63b020a10090; leaking: INTERNAL: CUDA error: : CUDA_ERROR_ILLEGAL_ADDRESS: an illegal memory access was encountered
E0917 20:47:25.219776  540038 cuda_executor.cc:279] [0] failed to unload module 0x63afa28681e0; leaking: INTERNAL: CUDA error: : CUDA_ERROR_ILLEGAL_ADDRESS: an illegal memory access was encountered
E0917 20:47:25.220568  540038 cuda_executor.cc:279] [0] failed to unload module 0x63b019d9f430; leaking: INTERNAL: CUDA error: : CUDA_ERROR_ILLEGAL_ADDRESS: an illegal memory access was encountered
E0917 20:47:25.221286  540038 cuda_executor.cc:279] [0] failed to unload module 0x63afb54bdb50; leaking: INTERNAL: CUDA error: : CUDA_ERROR_ILLEGAL_ADDRESS: an illegal memory access was encountered
E0917 20:47:25.222278  540038 cuda_executor.cc:279] [0] failed to unload module 0x63af97e3d1d0; leaking: INTERNAL: CUDA error: : CUDA_ERROR_ILLEGAL_ADDRESS: an illegal memory access was encountered
E0917 20:47:25.223699  540038 cuda_executor.cc:279] [0] failed to unload module 0x63af9daf5250; leaking: INTERNAL: CUDA error: : CUDA_ERROR_ILLEGAL_ADDRESS: an illegal memory access was encountered
E0917 20:47:25.225067  540038 cuda_executor.cc:279] [0] failed to unload module 0x63afb8081f60; leaking: INTERNAL: CUDA error: : CUDA_ERROR_ILLEGAL_ADDRESS: an illegal memory access was encountered
E0917 20:47:25.225590  540038 cuda_executor.cc:279] [0] failed to unload module 0x63afc21f4810; leaking: INTERNAL: CUDA error: : CUDA_ERROR_ILLEGAL_ADDRESS: an illegal memory access was encountered
E0917 20:47:25.227733  540038 cuda_executor.cc:279] [0] failed to unload module 0x63afb283cc20; leaking: INTERNAL: CUDA error: : CUDA_ERROR_ILLEGAL_ADDRESS: an illegal memory access was encountered
E0917 20:47:25.228064  540038 cuda_executor.cc:279] [0] failed to unload module 0x70fe7c0063a0; leaking: INTERNAL: CUDA error: : CUDA_ERROR_ILLEGAL_ADDRESS: an illegal memory access was encountered
E0917 20:47:25.228933  540038 cuda_executor.cc:279] [0] failed to unload module 0x63af99881fc0; leaking: INTERNAL: CUDA error: : CUDA_ERROR_ILLEGAL_ADDRESS: an illegal memory access was encountered
E0917 20:47:25.229544  540038 cuda_executor.cc:279] [0] failed to unload module 0x63afa9641d10; leaking: INTERNAL: CUDA error: : CUDA_ERROR_ILLEGAL_ADDRESS: an illegal memory access was encountered
E0917 20:47:25.230013  540038 cuda_executor.cc:279] [0] failed to unload module 0x70feb010bad0; leaking: INTERNAL: CUDA error: : CUDA_ERROR_ILLEGAL_ADDRESS: an illegal memory access was encountered
E0917 20:47:25.230481  540038 cuda_executor.cc:279] [0] failed to unload module 0x70fec41ffd10; leaking: INTERNAL: CUDA error: : CUDA_ERROR_ILLEGAL_ADDRESS: an illegal memory access was encountered
E0917 20:47:25.231347  540038 cuda_executor.cc:279] [0] failed to unload module 0x63b01318a360; leaking: INTERNAL: CUDA error: : CUDA_ERROR_ILLEGAL_ADDRESS: an illegal memory access was encountered
E0917 20:47:25.232622  540038 cuda_executor.cc:279] [0] failed to unload module 0x63b01c7746d0; leaking: INTERNAL: CUDA error: : CUDA_ERROR_ILLEGAL_ADDRESS: an illegal memory access was encountered
E0917 20:47:25.233170  540038 cuda_executor.cc:279] [0] failed to unload module 0x70fe9c217c20; leaking: INTERNAL: CUDA error: : CUDA_ERROR_ILLEGAL_ADDRESS: an illegal memory access was encountered
E0917 20:47:25.233932  540038 cuda_executor.cc:279] [0] failed to unload module 0x63afb6518bd0; leaking: INTERNAL: CUDA error: : CUDA_ERROR_ILLEGAL_ADDRESS: an illegal memory access was encountered
E0917 20:47:25.234715  540038 cuda_executor.cc:279] [0] failed to unload module 0x63af9f5c20b0; leaking: INTERNAL: CUDA error: : CUDA_ERROR_ILLEGAL_ADDRESS: an illegal memory access was encountered
E0917 20:47:25.235095  540038 cuda_executor.cc:279] [0] failed to unload module 0x63af9ead5060; leaking: INTERNAL: CUDA error: : CUDA_ERROR_ILLEGAL_ADDRESS: an illegal memory access was encountered
E0917 20:47:25.235681  540038 cuda_executor.cc:279] [0] failed to unload module 0x63afa5836c40; leaking: INTERNAL: CUDA error: : CUDA_ERROR_ILLEGAL_ADDRESS: an illegal memory access was encountered
E0917 20:47:25.236250  540038 cuda_executor.cc:279] [0] failed to unload module 0x63afb6fd4370; leaking: INTERNAL: CUDA error: : CUDA_ERROR_ILLEGAL_ADDRESS: an illegal memory access was encountered
E0917 20:47:25.236630  540038 cuda_executor.cc:279] [0] failed to unload module 0x63afbabfd900; leaking: INTERNAL: CUDA error: : CUDA_ERROR_ILLEGAL_ADDRESS: an illegal memory access was encountered
E0917 20:47:25.237051  540038 cuda_executor.cc:279] [0] failed to unload module 0x63afc2f6d6b0; leaking: INTERNAL: CUDA error: : CUDA_ERROR_ILLEGAL_ADDRESS: an illegal memory access was encountered
E0917 20:47:25.237660  540038 cuda_executor.cc:279] [0] failed to unload module 0x63b01a9ee160; leaking: INTERNAL: CUDA error: : CUDA_ERROR_ILLEGAL_ADDRESS: an illegal memory access was encountered
E0917 20:47:25.238591  540038 cuda_executor.cc:279] [0] failed to unload module 0x63afc44a1b30; leaking: INTERNAL: CUDA error: : CUDA_ERROR_ILLEGAL_ADDRESS: an illegal memory access was encountered
E0917 20:47:25.239201  540038 cuda_executor.cc:279] [0] failed to unload module 0x63afb661d090; leaking: INTERNAL: CUDA error: : CUDA_ERROR_ILLEGAL_ADDRESS: an illegal memory access was encountered
E0917 20:47:25.239581  540038 cuda_executor.cc:279] [0] failed to unload module 0x63af9f9355a0; leaking: INTERNAL: CUDA error: : CUDA_ERROR_ILLEGAL_ADDRESS: an illegal memory access was encountered
E0917 20:47:25.240423  540038 cuda_executor.cc:279] [0] failed to unload module 0x63b02795b250; leaking: INTERNAL: CUDA error: : CUDA_ERROR_ILLEGAL_ADDRESS: an illegal memory access was encountered
E0917 20:47:25.241126  540038 cuda_executor.cc:279] [0] failed to unload module 0x63afbabeda50; leaking: INTERNAL: CUDA error: : CUDA_ERROR_ILLEGAL_ADDRESS: an illegal memory access was encountered
E0917 20:47:25.241476  540038 cuda_executor.cc:279] [0] failed to unload module 0x63b02cf4f0d0; leaking: INTERNAL: CUDA error: : CUDA_ERROR_ILLEGAL_ADDRESS: an illegal memory access was encountered
E0917 20:47:25.242092  540038 cuda_executor.cc:279] [0] failed to unload module 0x63afc46775c0; leaking: INTERNAL: CUDA error: : CUDA_ERROR_ILLEGAL_ADDRESS: an illegal memory access was encountered
E0917 20:47:25.242657  540038 cuda_executor.cc:279] [0] failed to unload module 0x63afa5a398c0; leaking: INTERNAL: CUDA error: : CUDA_ERROR_ILLEGAL_ADDRESS: an illegal memory access was encountered
E0917 20:47:25.242995  540038 cuda_executor.cc:279] [0] failed to unload module 0x63af9eba5fc0; leaking: INTERNAL: CUDA error: : CUDA_ERROR_ILLEGAL_ADDRESS: an illegal memory access was encountered
E0917 20:47:25.243468  540038 cuda_executor.cc:279] [0] failed to unload module 0x63afb72b5f90; leaking: INTERNAL: CUDA error: : CUDA_ERROR_ILLEGAL_ADDRESS: an illegal memory access was encountered
E0917 20:47:25.244134  540038 cuda_executor.cc:279] [0] failed to unload module 0x63afc33ca320; leaking: INTERNAL: CUDA error: : CUDA_ERROR_ILLEGAL_ADDRESS: an illegal memory access was encountered
E0917 20:47:25.245370  540038 cuda_executor.cc:279] [0] failed to unload module 0x63b015518830; leaking: INTERNAL: CUDA error: : CUDA_ERROR_ILLEGAL_ADDRESS: an illegal memory access was encountered
E0917 20:47:25.245947  540038 cuda_executor.cc:279] [0] failed to unload module 0x63afd0af97a0; leaking: INTERNAL: CUDA error: : CUDA_ERROR_ILLEGAL_ADDRESS: an illegal memory access was encountered
E0917 20:47:25.246316  540038 cuda_executor.cc:279] [0] failed to unload module 0x63b00d36af60; leaking: INTERNAL: CUDA error: : CUDA_ERROR_ILLEGAL_ADDRESS: an illegal memory access was encountered
E0917 20:47:25.247040  540038 cuda_executor.cc:279] [0] failed to unload module 0x63afa57a4e50; leaking: INTERNAL: CUDA error: : CUDA_ERROR_ILLEGAL_ADDRESS: an illegal memory access was encountered
E0917 20:47:25.247687  540038 cuda_executor.cc:279] [0] failed to unload module 0x63afc4abb670; leaking: INTERNAL: CUDA error: : CUDA_ERROR_ILLEGAL_ADDRESS: an illegal memory access was encountered
E0917 20:47:25.248602  540038 cuda_executor.cc:279] [0] failed to unload module 0x63b0145aa6e0; leaking: INTERNAL: CUDA error: : CUDA_ERROR_ILLEGAL_ADDRESS: an illegal memory access was encountered
E0917 20:47:25.249229  540038 cuda_executor.cc:279] [0] failed to unload module 0x63afc1556260; leaking: INTERNAL: CUDA error: : CUDA_ERROR_ILLEGAL_ADDRESS: an illegal memory access was encountered
E0917 20:47:25.250372  540038 cuda_executor.cc:279] [0] failed to unload module 0x63afbd22ff10; leaking: INTERNAL: CUDA error: : CUDA_ERROR_ILLEGAL_ADDRESS: an illegal memory access was encountered
E0917 20:47:25.251098  540038 cuda_executor.cc:279] [0] failed to unload module 0x63afa05bc990; leaking: INTERNAL: CUDA error: : CUDA_ERROR_ILLEGAL_ADDRESS: an illegal memory access was encountered
E0917 20:47:25.251380  540038 cuda_executor.cc:279] [0] failed to unload module 0x63af9f89a680; leaking: INTERNAL: CUDA error: : CUDA_ERROR_ILLEGAL_ADDRESS: an illegal memory access was encountered
E0917 20:47:25.252450  540038 cuda_executor.cc:279] [0] failed to unload module 0x63afaaf85250; leaking: INTERNAL: CUDA error: : CUDA_ERROR_ILLEGAL_ADDRESS: an illegal memory access was encountered
E0917 20:47:25.253466  540038 cuda_executor.cc:279] [0] failed to unload module 0x63afc312c2b0; leaking: INTERNAL: CUDA error: : CUDA_ERROR_ILLEGAL_ADDRESS: an illegal memory access was encountered
E0917 20:47:25.254111  540038 cuda_executor.cc:279] [0] failed to unload module 0x63afc61927a0; leaking: INTERNAL: CUDA error: : CUDA_ERROR_ILLEGAL_ADDRESS: an illegal memory access was encountered
E0917 20:47:25.254486  540038 cuda_executor.cc:279] [0] failed to unload module 0x63b01b764bb0; leaking: INTERNAL: CUDA error: : CUDA_ERROR_ILLEGAL_ADDRESS: an illegal memory access was encountered
E0917 20:47:25.254881  540038 cuda_executor.cc:279] [0] failed to unload module 0x63afbe7a2120; leaking: INTERNAL: CUDA error: : CUDA_ERROR_ILLEGAL_ADDRESS: an illegal memory access was encountered
E0917 20:47:25.255494  540038 cuda_executor.cc:279] [0] failed to unload module 0x63b00ca7c810; leaking: INTERNAL: CUDA error: : CUDA_ERROR_ILLEGAL_ADDRESS: an illegal memory access was encountered
E0917 20:47:25.256444  540038 cuda_executor.cc:279] [0] failed to unload module 0x63afc56e5d40; leaking: INTERNAL: CUDA error: : CUDA_ERROR_ILLEGAL_ADDRESS: an illegal memory access was encountered
E0917 20:47:25.257014  540038 cuda_executor.cc:279] [0] failed to unload module 0x63b00a9d9200; leaking: INTERNAL: CUDA error: : CUDA_ERROR_ILLEGAL_ADDRESS: an illegal memory access was encountered
E0917 20:47:25.257926  540038 cuda_executor.cc:279] [0] failed to unload module 0x63afbd405f30; leaking: INTERNAL: CUDA error: : CUDA_ERROR_ILLEGAL_ADDRESS: an illegal memory access was encountered
E0917 20:47:25.258686  540038 cuda_executor.cc:279] [0] failed to unload module 0x63afc50f5dc0; leaking: INTERNAL: CUDA error: : CUDA_ERROR_ILLEGAL_ADDRESS: an illegal memory access was encountered
E0917 20:47:25.259603  540038 cuda_executor.cc:279] [0] failed to unload module 0x63b00c0e0330; leaking: INTERNAL: CUDA error: : CUDA_ERROR_ILLEGAL_ADDRESS: an illegal memory access was encountered
E0917 20:47:25.260563  540038 cuda_executor.cc:279] [0] failed to unload module 0x63afaa2cb380; leaking: INTERNAL: CUDA error: : CUDA_ERROR_ILLEGAL_ADDRESS: an illegal memory access was encountered
E0917 20:47:25.261330  540038 cuda_executor.cc:279] [0] failed to unload module 0x63b0080b89b0; leaking: INTERNAL: CUDA error: : CUDA_ERROR_ILLEGAL_ADDRESS: an illegal memory access was encountered
E0917 20:47:25.261855  540038 cuda_executor.cc:279] [0] failed to unload module 0x63afc50c4c50; leaking: INTERNAL: CUDA error: : CUDA_ERROR_ILLEGAL_ADDRESS: an illegal memory access was encountered
E0917 20:47:25.262293  540038 cuda_executor.cc:279] [0] failed to unload module 0x63afb7261a70; leaking: INTERNAL: CUDA error: : CUDA_ERROR_ILLEGAL_ADDRESS: an illegal memory access was encountered
E0917 20:47:25.262804  540038 cuda_executor.cc:279] [0] failed to unload module 0x63afbafc3f20; leaking: INTERNAL: CUDA error: : CUDA_ERROR_ILLEGAL_ADDRESS: an illegal memory access was encountered
E0917 20:47:25.263301  540038 cuda_executor.cc:279] [0] failed to unload module 0x63afc5aacbe0; leaking: INTERNAL: CUDA error: : CUDA_ERROR_ILLEGAL_ADDRESS: an illegal memory access was encountered
E0917 20:47:25.263847  540038 cuda_executor.cc:279] [0] failed to unload module 0x63b00b5bee30; leaking: INTERNAL: CUDA error: : CUDA_ERROR_ILLEGAL_ADDRESS: an illegal memory access was encountered
E0917 20:47:25.264331  540038 cuda_executor.cc:279] [0] failed to unload module 0x63afc6704c90; leaking: INTERNAL: CUDA error: : CUDA_ERROR_ILLEGAL_ADDRESS: an illegal memory access was encountered
E0917 20:47:25.265056  540038 cuda_executor.cc:279] [0] failed to unload module 0x63afc582cd80; leaking: INTERNAL: CUDA error: : CUDA_ERROR_ILLEGAL_ADDRESS: an illegal memory access was encountered
E0917 20:47:25.265824  540038 cuda_executor.cc:279] [0] failed to unload module 0x63afba608750; leaking: INTERNAL: CUDA error: : CUDA_ERROR_ILLEGAL_ADDRESS: an illegal memory access was encountered
E0917 20:47:25.266448  540038 cuda_executor.cc:279] [0] failed to unload module 0x63afa52268e0; leaking: INTERNAL: CUDA error: : CUDA_ERROR_ILLEGAL_ADDRESS: an illegal memory access was encountered
E0917 20:47:25.267026  540038 cuda_executor.cc:279] [0] failed to unload module 0x63af9e78fad0; leaking: INTERNAL: CUDA error: : CUDA_ERROR_ILLEGAL_ADDRESS: an illegal memory access was encountered
E0917 20:47:25.267480  540038 cuda_executor.cc:279] [0] failed to unload module 0x63af9af29e00; leaking: INTERNAL: CUDA error: : CUDA_ERROR_ILLEGAL_ADDRESS: an illegal memory access was encountered
E0917 20:47:25.267906  540038 cuda_executor.cc:279] [0] failed to unload module 0x63afc2e32e70; leaking: INTERNAL: CUDA error: : CUDA_ERROR_ILLEGAL_ADDRESS: an illegal memory access was encountered
E0917 20:47:25.268671  540038 cuda_executor.cc:279] [0] failed to unload module 0x63afc470b230; leaking: INTERNAL: CUDA error: : CUDA_ERROR_ILLEGAL_ADDRESS: an illegal memory access was encountered
E0917 20:47:25.269286  540038 cuda_executor.cc:279] [0] failed to unload module 0x63afa5abbb90; leaking: INTERNAL: CUDA error: : CUDA_ERROR_ILLEGAL_ADDRESS: an illegal memory access was encountered
E0917 20:47:25.269845  540038 cuda_executor.cc:279] [0] failed to unload module 0x63af9ed1fd10; leaking: INTERNAL: CUDA error: : CUDA_ERROR_ILLEGAL_ADDRESS: an illegal memory access was encountered
E0917 20:47:25.270549  540038 cuda_executor.cc:279] [0] failed to unload module 0x63afb6761880; leaking: INTERNAL: CUDA error: : CUDA_ERROR_ILLEGAL_ADDRESS: an illegal memory access was encountered
E0917 20:47:25.271409  540038 cuda_executor.cc:279] [0] failed to unload module 0x63afc4b3ad00; leaking: INTERNAL: CUDA error: : CUDA_ERROR_ILLEGAL_ADDRESS: an illegal memory access was encountered
E0917 20:47:25.272342  540038 cuda_executor.cc:279] [0] failed to unload module 0x63af9f02b3b0; leaking: INTERNAL: CUDA error: : CUDA_ERROR_ILLEGAL_ADDRESS: an illegal memory access was encountered
E0917 20:47:25.273037  540038 cuda_executor.cc:279] [0] failed to unload module 0x63afa5f8cc80; leaking: INTERNAL: CUDA error: : CUDA_ERROR_ILLEGAL_ADDRESS: an illegal memory access was encountered
E0917 20:47:25.273839  540038 cuda_executor.cc:279] [0] failed to unload module 0x63afc52db510; leaking: INTERNAL: CUDA error: : CUDA_ERROR_ILLEGAL_ADDRESS: an illegal memory access was encountered
E0917 20:47:25.274492  540038 cuda_executor.cc:279] [0] failed to unload module 0x63af8e7a4580; leaking: INTERNAL: CUDA error: : CUDA_ERROR_ILLEGAL_ADDRESS: an illegal memory access was encountered
E0917 20:47:25.275165  540038 cuda_executor.cc:279] [0] failed to unload module 0x63b01a73e620; leaking: INTERNAL: CUDA error: : CUDA_ERROR_ILLEGAL_ADDRESS: an illegal memory access was encountered
E0917 20:47:25.276189  540038 cuda_executor.cc:279] [0] failed to unload module 0x63afa501d5f0; leaking: INTERNAL: CUDA error: : CUDA_ERROR_ILLEGAL_ADDRESS: an illegal memory access was encountered
E0917 20:47:25.277296  540038 cuda_executor.cc:279] [0] failed to unload module 0x63b01eeb9b70; leaking: INTERNAL: CUDA error: : CUDA_ERROR_ILLEGAL_ADDRESS: an illegal memory access was encountered
E0917 20:47:25.278403  540038 cuda_executor.cc:279] [0] failed to unload module 0x63b013508280; leaking: INTERNAL: CUDA error: : CUDA_ERROR_ILLEGAL_ADDRESS: an illegal memory access was encountered
E0917 20:47:25.279099  540038 cuda_executor.cc:279] [0] failed to unload module 0x63b00aa65540; leaking: INTERNAL: CUDA error: : CUDA_ERROR_ILLEGAL_ADDRESS: an illegal memory access was encountered
E0917 20:47:25.279677  540038 cuda_executor.cc:279] [0] failed to unload module 0x63b01adc8e00; leaking: INTERNAL: CUDA error: : CUDA_ERROR_ILLEGAL_ADDRESS: an illegal memory access was encountered
E0917 20:47:25.284037  540038 cuda_executor.cc:279] [0] failed to unload module 0x63b01e4d56e0; leaking: INTERNAL: CUDA error: : CUDA_ERROR_ILLEGAL_ADDRESS: an illegal memory access was encountered
E0917 20:47:25.284982  540038 cuda_executor.cc:279] [0] failed to unload module 0x63af9fcfc540; leaking: INTERNAL: CUDA error: : CUDA_ERROR_ILLEGAL_ADDRESS: an illegal memory access was encountered
E0917 20:47:25.286292  540038 cuda_executor.cc:279] [0] failed to unload module 0x63b013508020; leaking: INTERNAL: CUDA error: : CUDA_ERROR_ILLEGAL_ADDRESS: an illegal memory access was encountered
E0917 20:47:25.286936  540038 cuda_executor.cc:279] [0] failed to unload module 0x63af9fd30c50; leaking: INTERNAL: CUDA error: : CUDA_ERROR_ILLEGAL_ADDRESS: an illegal memory access was encountered
E0917 20:47:25.288122  540038 cuda_executor.cc:279] [0] failed to unload module 0x63afbb02d800; leaking: INTERNAL: CUDA error: : CUDA_ERROR_ILLEGAL_ADDRESS: an illegal memory access was encountered
E0917 20:47:25.288804  540038 cuda_executor.cc:279] [0] failed to unload module 0x63afa0880950; leaking: INTERNAL: CUDA error: : CUDA_ERROR_ILLEGAL_ADDRESS: an illegal memory access was encountered
E0917 20:47:25.291351  540038 cuda_executor.cc:279] [0] failed to unload module 0x63afbb12bc50; leaking: INTERNAL: CUDA error: : CUDA_ERROR_ILLEGAL_ADDRESS: an illegal memory access was encountered
E0917 20:47:25.294709  540038 cuda_executor.cc:279] [0] failed to unload module 0x63b01a47eee0; leaking: INTERNAL: CUDA error: : CUDA_ERROR_ILLEGAL_ADDRESS: an illegal memory access was encountered
E0917 20:47:25.295346  540038 cuda_executor.cc:279] [0] failed to unload module 0x63afc53aee70; leaking: INTERNAL: CUDA error: : CUDA_ERROR_ILLEGAL_ADDRESS: an illegal memory access was encountered
E0917 20:47:25.296294  540038 cuda_executor.cc:279] [0] failed to unload module 0x63afa09ff4c0; leaking: INTERNAL: CUDA error: : CUDA_ERROR_ILLEGAL_ADDRESS: an illegal memory access was encountered
E0917 20:47:25.297139  540038 cuda_executor.cc:279] [0] failed to unload module 0x63b01c494f00; leaking: INTERNAL: CUDA error: : CUDA_ERROR_ILLEGAL_ADDRESS: an illegal memory access was encountered
E0917 20:47:25.297984  540038 cuda_executor.cc:279] [0] failed to unload module 0x70fe90196700; leaking: INTERNAL: CUDA error: : CUDA_ERROR_ILLEGAL_ADDRESS: an illegal memory access was encountered
E0917 20:47:25.298872  540038 cuda_executor.cc:279] [0] failed to unload module 0x63afaba212d0; leaking: INTERNAL: CUDA error: : CUDA_ERROR_ILLEGAL_ADDRESS: an illegal memory access was encountered
E0917 20:47:25.299682  540038 cuda_executor.cc:279] [0] failed to unload module 0x70fe90057060; leaking: INTERNAL: CUDA error: : CUDA_ERROR_ILLEGAL_ADDRESS: an illegal memory access was encountered
E0917 20:47:25.300626  540038 cuda_executor.cc:279] [0] failed to unload module 0x63afb1056e00; leaking: INTERNAL: CUDA error: : CUDA_ERROR_ILLEGAL_ADDRESS: an illegal memory access was encountered
E0917 20:47:25.301693  540038 cuda_executor.cc:279] [0] failed to unload module 0x63afd1807860; leaking: INTERNAL: CUDA error: : CUDA_ERROR_ILLEGAL_ADDRESS: an illegal memory access was encountered
E0917 20:47:25.302479  540038 cuda_executor.cc:279] [0] failed to unload module 0x70feb40ef080; leaking: INTERNAL: CUDA error: : CUDA_ERROR_ILLEGAL_ADDRESS: an illegal memory access was encountered
E0917 20:47:25.303123  540038 cuda_executor.cc:279] [0] failed to unload module 0x63afa3710470; leaking: INTERNAL: CUDA error: : CUDA_ERROR_ILLEGAL_ADDRESS: an illegal memory access was encountered
E0917 20:47:25.303992  540038 cuda_executor.cc:279] [0] failed to unload module 0x70feac053390; leaking: INTERNAL: CUDA error: : CUDA_ERROR_ILLEGAL_ADDRESS: an illegal memory access was encountered
E0917 20:47:25.305096  540038 cuda_executor.cc:279] [0] failed to unload module 0x63afb0463e40; leaking: INTERNAL: CUDA error: : CUDA_ERROR_ILLEGAL_ADDRESS: an illegal memory access was encountered
E0917 20:47:25.305851  540038 cuda_executor.cc:279] [0] failed to unload module 0x63afa9404730; leaking: INTERNAL: CUDA error: : CUDA_ERROR_ILLEGAL_ADDRESS: an illegal memory access was encountered
E0917 20:47:25.307198  540038 cuda_executor.cc:279] [0] failed to unload module 0x63afb0a64600; leaking: INTERNAL: CUDA error: : CUDA_ERROR_ILLEGAL_ADDRESS: an illegal memory access was encountered
E0917 20:47:25.307941  540038 cuda_executor.cc:279] [0] failed to unload module 0x63af9ccd73d0; leaking: INTERNAL: CUDA error: : CUDA_ERROR_ILLEGAL_ADDRESS: an illegal memory access was encountered
E0917 20:47:25.308396  540038 cuda_executor.cc:279] [0] failed to unload module 0x63afaaea77d0; leaking: INTERNAL: CUDA error: : CUDA_ERROR_ILLEGAL_ADDRESS: an illegal memory access was encountered
E0917 20:47:25.309208  540038 cuda_executor.cc:279] [0] failed to unload module 0x63afb1f10550; leaking: INTERNAL: CUDA error: : CUDA_ERROR_ILLEGAL_ADDRESS: an illegal memory access was encountered
E0917 20:47:25.309924  540038 cuda_executor.cc:279] [0] failed to unload module 0x63afac980380; leaking: INTERNAL: CUDA error: : CUDA_ERROR_ILLEGAL_ADDRESS: an illegal memory access was encountered
E0917 20:47:25.311309  540038 cuda_executor.cc:279] [0] failed to unload module 0x63afa5f8fa30; leaking: INTERNAL: CUDA error: : CUDA_ERROR_ILLEGAL_ADDRESS: an illegal memory access was encountered
E0917 20:47:25.312467  540038 cuda_executor.cc:279] [0] failed to unload module 0x63afc05a9630; leaking: INTERNAL: CUDA error: : CUDA_ERROR_ILLEGAL_ADDRESS: an illegal memory access was encountered
E0917 20:47:25.313924  540038 cuda_executor.cc:279] [0] failed to unload module 0x63afb7d08140; leaking: INTERNAL: CUDA error: : CUDA_ERROR_ILLEGAL_ADDRESS: an illegal memory access was encountered
E0917 20:47:25.314533  540038 cuda_executor.cc:279] [0] failed to unload module 0x63afbc7542a0; leaking: INTERNAL: CUDA error: : CUDA_ERROR_ILLEGAL_ADDRESS: an illegal memory access was encountered
E0917 20:47:25.315493  540038 cuda_executor.cc:279] [0] failed to unload module 0x63afcf3459b0; leaking: INTERNAL: CUDA error: : CUDA_ERROR_ILLEGAL_ADDRESS: an illegal memory access was encountered
E0917 20:47:25.316292  540038 cuda_executor.cc:279] [0] failed to unload module 0x63afbd5daf70; leaking: INTERNAL: CUDA error: : CUDA_ERROR_ILLEGAL_ADDRESS: an illegal memory access was encountered
E0917 20:47:25.317015  540038 cuda_executor.cc:279] [0] failed to unload module 0x63afba5c30e0; leaking: INTERNAL: CUDA error: : CUDA_ERROR_ILLEGAL_ADDRESS: an illegal memory access was encountered
E0917 20:47:25.317943  540038 cuda_executor.cc:279] [0] failed to unload module 0x63afc2ef63f0; leaking: INTERNAL: CUDA error: : CUDA_ERROR_ILLEGAL_ADDRESS: an illegal memory access was encountered
E0917 20:47:25.319095  540038 cuda_executor.cc:279] [0] failed to unload module 0x63b007bd69f0; leaking: INTERNAL: CUDA error: : CUDA_ERROR_ILLEGAL_ADDRESS: an illegal memory access was encountered
E0917 20:47:25.320045  540038 cuda_executor.cc:279] [0] failed to unload module 0x63b00f791500; leaking: INTERNAL: CUDA error: : CUDA_ERROR_ILLEGAL_ADDRESS: an illegal memory access was encountered
E0917 20:47:25.321053  540038 cuda_executor.cc:279] [0] failed to unload module 0x63b01b8aa740; leaking: INTERNAL: CUDA error: : CUDA_ERROR_ILLEGAL_ADDRESS: an illegal memory access was encountered
E0917 20:47:25.321999  540038 cuda_executor.cc:279] [0] failed to unload module 0x63b020a0fe30; leaking: INTERNAL: CUDA error: : CUDA_ERROR_ILLEGAL_ADDRESS: an illegal memory access was encountered
E0917 20:47:25.324147  540038 cuda_executor.cc:603] [0] error deallocating host memory at 0x204c00c00: INTERNAL: CUDA error: : CUDA_ERROR_ILLEGAL_ADDRESS: an illegal memory access was encountered
E0917 20:47:25.324852  540038 cuda_executor.cc:279] [0] failed to unload module 0x63afbdea7240; leaking: INTERNAL: CUDA error: : CUDA_ERROR_ILLEGAL_ADDRESS: an illegal memory access was encountered
E0917 20:47:25.325608  540038 cuda_executor.cc:603] [0] error deallocating host memory at 0x204c01200: INTERNAL: CUDA error: : CUDA_ERROR_ILLEGAL_ADDRESS: an illegal memory access was encountered
E0917 20:47:25.326322  540038 cuda_executor.cc:279] [0] failed to unload module 0x63afc3838080; leaking: INTERNAL: CUDA error: : CUDA_ERROR_ILLEGAL_ADDRESS: an illegal memory access was encountered
E0917 20:47:25.327373  540038 cuda_executor.cc:279] [0] failed to unload module 0x63afaa5ed160; leaking: INTERNAL: CUDA error: : CUDA_ERROR_ILLEGAL_ADDRESS: an illegal memory access was encountered
E0917 20:47:25.328096  540038 cuda_executor.cc:279] [0] failed to unload module 0x63b027b9d590; leaking: INTERNAL: CUDA error: : CUDA_ERROR_ILLEGAL_ADDRESS: an illegal memory access was encountered
E0917 20:47:25.329447  540038 cuda_executor.cc:279] [0] failed to unload module 0x63afba5c9e60; leaking: INTERNAL: CUDA error: : CUDA_ERROR_ILLEGAL_ADDRESS: an illegal memory access was encountered
E0917 20:47:25.330392  540038 cuda_executor.cc:279] [0] failed to unload module 0x63af9c1697b0; leaking: INTERNAL: CUDA error: : CUDA_ERROR_ILLEGAL_ADDRESS: an illegal memory access was encountered
E0917 20:47:25.331374  540038 cuda_executor.cc:279] [0] failed to unload module 0x63afc3cd85b0; leaking: INTERNAL: CUDA error: : CUDA_ERROR_ILLEGAL_ADDRESS: an illegal memory access was encountered
E0917 20:47:25.331639  540038 cuda_executor.cc:279] [0] failed to unload module 0x63afbe0ec9a0; leaking: INTERNAL: CUDA error: : CUDA_ERROR_ILLEGAL_ADDRESS: an illegal memory access was encountered
E0917 20:47:25.332349  540038 cuda_executor.cc:279] [0] failed to unload module 0x63b027253420; leaking: INTERNAL: CUDA error: : CUDA_ERROR_ILLEGAL_ADDRESS: an illegal memory access was encountered
E0917 20:47:25.332485  540038 cuda_executor.cc:279] [0] failed to unload module 0x63b028532230; leaking: INTERNAL: CUDA error: : CUDA_ERROR_ILLEGAL_ADDRESS: an illegal memory access was encountered
E0917 20:47:25.333357  540038 cuda_executor.cc:279] [0] failed to unload module 0x63b011639310; leaking: INTERNAL: CUDA error: : CUDA_ERROR_ILLEGAL_ADDRESS: an illegal memory access was encountered
E0917 20:47:25.333999  540038 cuda_executor.cc:279] [0] failed to unload module 0x70fecc0b9fb0; leaking: INTERNAL: CUDA error: : CUDA_ERROR_ILLEGAL_ADDRESS: an illegal memory access was encountered
E0917 20:47:25.334316  540038 cuda_executor.cc:279] [0] failed to unload module 0x63b0277c9c50; leaking: INTERNAL: CUDA error: : CUDA_ERROR_ILLEGAL_ADDRESS: an illegal memory access was encountered
E0917 20:47:25.334995  540038 cuda_executor.cc:279] [0] failed to unload module 0x63afc3f5b3b0; leaking: INTERNAL: CUDA error: : CUDA_ERROR_ILLEGAL_ADDRESS: an illegal memory access was encountered
E0917 20:47:25.335635  540038 cuda_executor.cc:279] [0] failed to unload module 0x63afa9882a00; leaking: INTERNAL: CUDA error: : CUDA_ERROR_ILLEGAL_ADDRESS: an illegal memory access was encountered
E0917 20:47:25.336176  540038 cuda_executor.cc:279] [0] failed to unload module 0x63afbe35c370; leaking: INTERNAL: CUDA error: : CUDA_ERROR_ILLEGAL_ADDRESS: an illegal memory access was encountered
E0917 20:47:25.336939  540038 cuda_executor.cc:279] [0] failed to unload module 0x63b004ae89f0; leaking: INTERNAL: CUDA error: : CUDA_ERROR_ILLEGAL_ADDRESS: an illegal memory access was encountered
E0917 20:47:25.337617  540038 cuda_executor.cc:279] [0] failed to unload module 0x63b01a706b70; leaking: INTERNAL: CUDA error: : CUDA_ERROR_ILLEGAL_ADDRESS: an illegal memory access was encountered
E0917 20:47:25.338450  540038 cuda_executor.cc:279] [0] failed to unload module 0x63b01432b920; leaking: INTERNAL: CUDA error: : CUDA_ERROR_ILLEGAL_ADDRESS: an illegal memory access was encountered
E0917 20:47:25.345397  540038 cuda_executor.cc:279] [0] failed to unload module 0x63afb54ff370; leaking: INTERNAL: CUDA error: : CUDA_ERROR_ILLEGAL_ADDRESS: an illegal memory access was encountered
E0917 20:47:25.346079  540038 cuda_executor.cc:279] [0] failed to unload module 0x63af9db8d170; leaking: INTERNAL: CUDA error: : CUDA_ERROR_ILLEGAL_ADDRESS: an illegal memory access was encountered
E0917 20:47:25.346718  540038 cuda_executor.cc:279] [0] failed to unload module 0x63afc20875f0; leaking: INTERNAL: CUDA error: : CUDA_ERROR_ILLEGAL_ADDRESS: an illegal memory access was encountered
E0917 20:47:25.348493  540038 cuda_executor.cc:603] [0] error deallocating host memory at 0x204c00a00: INTERNAL: CUDA error: : CUDA_ERROR_ILLEGAL_ADDRESS: an illegal memory access was encountered
E0917 20:47:25.349167  540038 cuda_executor.cc:279] [0] failed to unload module 0x63afbd878040; leaking: INTERNAL: CUDA error: : CUDA_ERROR_ILLEGAL_ADDRESS: an illegal memory access was encountered
E0917 20:47:25.350107  540038 cuda_executor.cc:279] [0] failed to unload module 0x63af9ca89060; leaking: INTERNAL: CUDA error: : CUDA_ERROR_ILLEGAL_ADDRESS: an illegal memory access was encountered
E0917 20:47:25.351457  540038 cuda_executor.cc:279] [0] failed to unload module 0x63afc53f0c50; leaking: INTERNAL: CUDA error: : CUDA_ERROR_ILLEGAL_ADDRESS: an illegal memory access was encountered
E0917 20:47:25.357809  540038 cuda_executor.cc:279] [0] failed to unload module 0x63afa0b84db0; leaking: INTERNAL: CUDA error: : CUDA_ERROR_ILLEGAL_ADDRESS: an illegal memory access was encountered
E0917 20:47:25.358498  540038 cuda_executor.cc:279] [0] failed to unload module 0x63b0142e9630; leaking: INTERNAL: CUDA error: : CUDA_ERROR_ILLEGAL_ADDRESS: an illegal memory access was encountered
E0917 20:47:25.359149  540038 cuda_executor.cc:279] [0] failed to unload module 0x63afc5af7760; leaking: INTERNAL: CUDA error: : CUDA_ERROR_ILLEGAL_ADDRESS: an illegal memory access was encountered
E0917 20:47:25.360578  540038 cuda_executor.cc:279] [0] failed to unload module 0x63afaa251240; leaking: INTERNAL: CUDA error: : CUDA_ERROR_ILLEGAL_ADDRESS: an illegal memory access was encountered
E0917 20:47:25.360737  540038 cuda_executor.cc:279] [0] failed to unload module 0x63afaad7bd00; leaking: INTERNAL: CUDA error: : CUDA_ERROR_ILLEGAL_ADDRESS: an illegal memory access was encountered
E0917 20:47:25.362284  540038 cuda_executor.cc:279] [0] failed to unload module 0x63afaa59df90; leaking: INTERNAL: CUDA error: : CUDA_ERROR_ILLEGAL_ADDRESS: an illegal memory access was encountered
E0917 20:47:25.363534  540038 cuda_executor.cc:279] [0] failed to unload module 0x63afaaf628d0; leaking: INTERNAL: CUDA error: : CUDA_ERROR_ILLEGAL_ADDRESS: an illegal memory access was encountered
E0917 20:47:25.364455  540038 cuda_executor.cc:279] [0] failed to unload module 0x63b02c58d3d0; leaking: INTERNAL: CUDA error: : CUDA_ERROR_ILLEGAL_ADDRESS: an illegal memory access was encountered
E0917 20:47:25.365372  540038 cuda_executor.cc:279] [0] failed to unload module 0x63b010f21e60; leaking: INTERNAL: CUDA error: : CUDA_ERROR_ILLEGAL_ADDRESS: an illegal memory access was encountered
E0917 20:47:25.365904  540038 cuda_executor.cc:279] [0] failed to unload module 0x63b02dfedcd0; leaking: INTERNAL: CUDA error: : CUDA_ERROR_ILLEGAL_ADDRESS: an illegal memory access was encountered
E0917 20:47:25.366771  540038 cuda_executor.cc:279] [0] failed to unload module 0x63b0272f2d90; leaking: INTERNAL: CUDA error: : CUDA_ERROR_ILLEGAL_ADDRESS: an illegal memory access was encountered
E0917 20:47:25.367380  540038 cuda_executor.cc:279] [0] failed to unload module 0x63b01f815300; leaking: INTERNAL: CUDA error: : CUDA_ERROR_ILLEGAL_ADDRESS: an illegal memory access was encountered
E0917 20:47:25.368249  540038 cuda_executor.cc:279] [0] failed to unload module 0x63b01a8f7d90; leaking: INTERNAL: CUDA error: : CUDA_ERROR_ILLEGAL_ADDRESS: an illegal memory access was encountered
E0917 20:47:25.369205  540038 cuda_executor.cc:279] [0] failed to unload module 0x63b01a0aa2f0; leaking: INTERNAL: CUDA error: : CUDA_ERROR_ILLEGAL_ADDRESS: an illegal memory access was encountered
E0917 20:47:25.370286  540038 cuda_executor.cc:279] [0] failed to unload module 0x63b0045a29a0; leaking: INTERNAL: CUDA error: : CUDA_ERROR_ILLEGAL_ADDRESS: an illegal memory access was encountered
E0917 20:47:25.371822  540038 cuda_executor.cc:279] [0] failed to unload module 0x63afcde43280; leaking: INTERNAL: CUDA error: : CUDA_ERROR_ILLEGAL_ADDRESS: an illegal memory access was encountered
E0917 20:47:25.372555  540038 cuda_executor.cc:279] [0] failed to unload module 0x63b00b30de50; leaking: INTERNAL: CUDA error: : CUDA_ERROR_ILLEGAL_ADDRESS: an illegal memory access was encountered
E0917 20:47:25.373652  540038 cuda_executor.cc:279] [0] failed to unload module 0x63b005c0ce80; leaking: INTERNAL: CUDA error: : CUDA_ERROR_ILLEGAL_ADDRESS: an illegal memory access was encountered
E0917 20:47:25.374975  540038 cuda_executor.cc:279] [0] failed to unload module 0x63b018957a40; leaking: INTERNAL: CUDA error: : CUDA_ERROR_ILLEGAL_ADDRESS: an illegal memory access was encountered
E0917 20:47:25.376212  540038 cuda_executor.cc:279] [0] failed to unload module 0x63b007c81a00; leaking: INTERNAL: CUDA error: : CUDA_ERROR_ILLEGAL_ADDRESS: an illegal memory access was encountered
E0917 20:47:25.377318  540038 cuda_executor.cc:279] [0] failed to unload module 0x63b01cf8fb30; leaking: INTERNAL: CUDA error: : CUDA_ERROR_ILLEGAL_ADDRESS: an illegal memory access was encountered
E0917 20:47:25.378209  540038 cuda_executor.cc:279] [0] failed to unload module 0x63b028779630; leaking: INTERNAL: CUDA error: : CUDA_ERROR_ILLEGAL_ADDRESS: an illegal memory access was encountered
E0917 20:47:25.378718  540038 cuda_executor.cc:279] [0] failed to unload module 0x63b01e53c700; leaking: INTERNAL: CUDA error: : CUDA_ERROR_ILLEGAL_ADDRESS: an illegal memory access was encountered
E0917 20:47:25.379482  540038 cuda_executor.cc:279] [0] failed to unload module 0x63b00aaa8c30; leaking: INTERNAL: CUDA error: : CUDA_ERROR_ILLEGAL_ADDRESS: an illegal memory access was encountered
E0917 20:47:25.380250  540038 cuda_executor.cc:279] [0] failed to unload module 0x63b004527130; leaking: INTERNAL: CUDA error: : CUDA_ERROR_ILLEGAL_ADDRESS: an illegal memory access was encountered
E0917 20:47:25.382295  540038 cuda_executor.cc:603] [0] error deallocating host memory at 0x204c02400: INTERNAL: CUDA error: : CUDA_ERROR_ILLEGAL_ADDRESS: an illegal memory access was encountered
E0917 20:47:25.382914  540038 cuda_executor.cc:603] [0] error deallocating host memory at 0x204c02200: INTERNAL: CUDA error: : CUDA_ERROR_ILLEGAL_ADDRESS: an illegal memory access was encountered
E0917 20:47:25.383597  540038 cuda_executor.cc:603] [0] error deallocating host memory at 0x204c02000: INTERNAL: CUDA error: : CUDA_ERROR_ILLEGAL_ADDRESS: an illegal memory access was encountered
E0917 20:47:25.383951  540038 cuda_executor.cc:279] [0] failed to unload module 0x63b00fe320d0; leaking: INTERNAL: CUDA error: : CUDA_ERROR_ILLEGAL_ADDRESS: an illegal memory access was encountered
E0917 20:47:25.386416  540038 cuda_executor.cc:279] [0] failed to unload module 0x63b00b5be750; leaking: INTERNAL: CUDA error: : CUDA_ERROR_ILLEGAL_ADDRESS: an illegal memory access was encountered
E0917 20:47:25.387146  540038 cuda_executor.cc:279] [0] failed to unload module 0x63b0139296a0; leaking: INTERNAL: CUDA error: : CUDA_ERROR_ILLEGAL_ADDRESS: an illegal memory access was encountered
E0917 20:47:25.387485  540038 cuda_executor.cc:279] [0] failed to unload module 0x63b0136cd050; leaking: INTERNAL: CUDA error: : CUDA_ERROR_ILLEGAL_ADDRESS: an illegal memory access was encountered
E0917 20:47:25.389648  540038 cuda_executor.cc:279] [0] failed to unload module 0x63b013c3e850; leaking: INTERNAL: CUDA error: : CUDA_ERROR_ILLEGAL_ADDRESS: an illegal memory access was encountered
E0917 20:47:25.389976  540038 cuda_executor.cc:279] [0] failed to unload module 0x63b013cec1e0; leaking: INTERNAL: CUDA error: : CUDA_ERROR_ILLEGAL_ADDRESS: an illegal memory access was encountered
E0917 20:47:25.390431  540038 cuda_executor.cc:279] [0] failed to unload module 0x63b02801aa00; leaking: INTERNAL: CUDA error: : CUDA_ERROR_ILLEGAL_ADDRESS: an illegal memory access was encountered
E0917 20:47:25.390796  540038 cuda_executor.cc:279] [0] failed to unload module 0x63b029a359f0; leaking: INTERNAL: CUDA error: : CUDA_ERROR_ILLEGAL_ADDRESS: an illegal memory access was encountered
E0917 20:47:25.393244  540038 cuda_executor.cc:279] [0] failed to unload module 0x63b01ab206f0; leaking: INTERNAL: CUDA error: : CUDA_ERROR_ILLEGAL_ADDRESS: an illegal memory access was encountered
E0917 20:47:25.394745  540038 cuda_executor.cc:603] [0] error deallocating host memory at 0x204c03c00: INTERNAL: CUDA error: : CUDA_ERROR_ILLEGAL_ADDRESS: an illegal memory access was encountered
E0917 20:47:25.395130  540038 cuda_executor.cc:603] [0] error deallocating host memory at 0x204c03a00: INTERNAL: CUDA error: : CUDA_ERROR_ILLEGAL_ADDRESS: an illegal memory access was encountered
E0917 20:47:25.395372  540038 cuda_executor.cc:279] [0] failed to unload module 0x63b0281c55b0; leaking: INTERNAL: CUDA error: : CUDA_ERROR_ILLEGAL_ADDRESS: an illegal memory access was encountered
E0917 20:47:25.397396  540038 cuda_executor.cc:603] [0] error deallocating host memory at 0x204c04200: INTERNAL: CUDA error: : CUDA_ERROR_ILLEGAL_ADDRESS: an illegal memory access was encountered
E0917 20:47:25.398413  540038 cuda_executor.cc:603] [0] error deallocating host memory at 0x204c04000: INTERNAL: CUDA error: : CUDA_ERROR_ILLEGAL_ADDRESS: an illegal memory access was encountered
E0917 20:47:25.398690  540038 cuda_executor.cc:279] [0] failed to unload module 0x63b03163c930; leaking: INTERNAL: CUDA error: : CUDA_ERROR_ILLEGAL_ADDRESS: an illegal memory access was encountered
E0917 20:47:25.402308  540038 cuda_executor.cc:279] [0] failed to unload module 0x63b02b7a7c10; leaking: INTERNAL: CUDA error: : CUDA_ERROR_ILLEGAL_ADDRESS: an illegal memory access was encountered
E0917 20:47:25.402690  540038 cuda_executor.cc:279] [0] failed to unload module 0x63b02cb83510; leaking: INTERNAL: CUDA error: : CUDA_ERROR_ILLEGAL_ADDRESS: an illegal memory access was encountered
E0917 20:47:25.403012  540038 cuda_executor.cc:279] [0] failed to unload module 0x63b0101eccb0; leaking: INTERNAL: CUDA error: : CUDA_ERROR_ILLEGAL_ADDRESS: an illegal memory access was encountered
E0917 20:47:25.406427  540038 cuda_executor.cc:279] [0] failed to unload module 0x63b02dad0b50; leaking: INTERNAL: CUDA error: : CUDA_ERROR_ILLEGAL_ADDRESS: an illegal memory access was encountered
E0917 20:47:25.406615  540038 cuda_executor.cc:279] [0] failed to unload module 0x63b02ea82040; leaking: INTERNAL: CUDA error: : CUDA_ERROR_ILLEGAL_ADDRESS: an illegal memory access was encountered
E0917 20:47:25.414331  540038 cuda_executor.cc:603] [0] error deallocating host memory at 0x204c03e00: INTERNAL: CUDA error: : CUDA_ERROR_ILLEGAL_ADDRESS: an illegal memory access was encountered
E0917 20:47:25.416249  540038 cuda_executor.cc:279] [0] failed to unload module 0x63b027cc5bf0; leaking: INTERNAL: CUDA error: : CUDA_ERROR_ILLEGAL_ADDRESS: an illegal memory access was encountered
E0917 20:47:25.426006  540038 cuda_executor.cc:279] [0] failed to unload module 0x63b01c8be740; leaking: INTERNAL: CUDA error: : CUDA_ERROR_ILLEGAL_ADDRESS: an illegal memory access was encountered
E0917 20:47:25.427273  540038 cuda_executor.cc:279] [0] failed to unload module 0x63b029a53790; leaking: INTERNAL: CUDA error: : CUDA_ERROR_ILLEGAL_ADDRESS: an illegal memory access was encountered
E0917 20:47:25.428770  540038 cuda_executor.cc:279] [0] failed to unload module 0x63b02c84a930; leaking: INTERNAL: CUDA error: : CUDA_ERROR_ILLEGAL_ADDRESS: an illegal memory access was encountered
E0917 20:47:25.428942  540038 cuda_executor.cc:279] [0] failed to unload module 0x63b012f71700; leaking: INTERNAL: CUDA error: : CUDA_ERROR_ILLEGAL_ADDRESS: an illegal memory access was encountered
E0917 20:47:25.430758  540038 cuda_executor.cc:279] [0] failed to unload module 0x63b013452390; leaking: INTERNAL: CUDA error: : CUDA_ERROR_ILLEGAL_ADDRESS: an illegal memory access was encountered
E0917 20:47:25.444358  540038 cuda_executor.cc:279] [0] failed to unload module 0x63b0287d2810; leaking: INTERNAL: CUDA error: : CUDA_ERROR_ILLEGAL_ADDRESS: an illegal memory access was encountered
E0917 20:47:25.446470  540038 cuda_executor.cc:279] [0] failed to unload module 0x63b012256020; leaking: INTERNAL: CUDA error: : CUDA_ERROR_ILLEGAL_ADDRESS: an illegal memory access was encountered
E0917 20:47:25.447591  540038 cuda_executor.cc:279] [0] failed to unload module 0x63b01a219c10; leaking: INTERNAL: CUDA error: : CUDA_ERROR_ILLEGAL_ADDRESS: an illegal memory access was encountered
E0917 20:47:25.449063  540038 cuda_executor.cc:279] [0] failed to unload module 0x63b0227e72b0; leaking: INTERNAL: CUDA error: : CUDA_ERROR_ILLEGAL_ADDRESS: an illegal memory access was encountered
E0917 20:47:25.453105  540038 cuda_executor.cc:603] [0] error deallocating host memory at 0x204c02c00: INTERNAL: CUDA error: : CUDA_ERROR_ILLEGAL_ADDRESS: an illegal memory access was encountered
E0917 20:47:25.454170  540038 cuda_executor.cc:603] [0] error deallocating host memory at 0x204c02a00: INTERNAL: CUDA error: : CUDA_ERROR_ILLEGAL_ADDRESS: an illegal memory access was encountered
E0917 20:47:25.455107  540038 cuda_executor.cc:603] [0] error deallocating host memory at 0x204c02800: INTERNAL: CUDA error: : CUDA_ERROR_ILLEGAL_ADDRESS: an illegal memory access was encountered
E0917 20:47:25.455878  540038 cuda_executor.cc:603] [0] error deallocating host memory at 0x204c02600: INTERNAL: CUDA error: : CUDA_ERROR_ILLEGAL_ADDRESS: an illegal memory access was encountered
E0917 20:47:25.457106  540038 cuda_executor.cc:603] [0] error deallocating host memory at 0x204c03200: INTERNAL: CUDA error: : CUDA_ERROR_ILLEGAL_ADDRESS: an illegal memory access was encountered
E0917 20:47:25.459151  540038 cuda_executor.cc:603] [0] error deallocating host memory at 0x204c03000: INTERNAL: CUDA error: : CUDA_ERROR_ILLEGAL_ADDRESS: an illegal memory access was encountered
E0917 20:47:25.459320  540038 cuda_executor.cc:603] [0] error deallocating host memory at 0x204c02e00: INTERNAL: CUDA error: : CUDA_ERROR_ILLEGAL_ADDRESS: an illegal memory access was encountered
E0917 20:47:25.459531  540038 cuda_executor.cc:279] [0] failed to unload module 0x63b016bc9410; leaking: INTERNAL: CUDA error: : CUDA_ERROR_ILLEGAL_ADDRESS: an illegal memory access was encountered
E0917 20:47:25.463360  540038 cuda_executor.cc:279] [0] failed to unload module 0x63b00dbad070; leaking: INTERNAL: CUDA error: : CUDA_ERROR_ILLEGAL_ADDRESS: an illegal memory access was encountered
