Running as unit: run-p2104612-i2108032.scope; invocation ID: 84848441fb3f4ae49a16378b0078752b
E1008 01:01:46.466373 2104731 cuda_executor.cc:1743] Could not get kernel mode driver version: ( INVALID_ARGUMENT: Version does not match the format X.Y.Z )
E1008 01:01:46.478247 2104612 cuda_executor.cc:1743] Could not get kernel mode driver version: ( INVALID_ARGUMENT: Version does not match the format X.Y.Z )
DESC /home/singh/Documents/DESC2/desc
DEVICE requested=gpu obtained=gpu (1x NVIDIA GeForce RTX 5070 Laptop GPU)
--field-term bn is blind to the current scale: holding the coil current SUM fixed
  [mem] RSS 0.83 GB  peak 0.83 GB
eq precise_QH (desc.examples) NFP 4 sym True L,M,N 8,8,8 dim_x 1462; start work/ss_qh/matrix/base/xyzN6/result.h5: 4 unique coils (FourierXYZCoil), 32 total
SETTINGS {'eq': 'precise_QH', 'start': 'work/ss_qh/matrix/base/xyzN6/result.h5', 'out': 'work/ss_qh/matrix/ss/xyz', 'bounds': 'bounds/precise_qh_gil.json', 'a': None, 'device': None, 'length_mult': 1.0, 'fix_coils': False, 'dry': False, 'field_term': 'bn', 'fix_current_sum': True, 'helicity': '1,4', 'qs_rho': '0.2,0.4,0.6,0.8,1.0', 'A_min': 7.5, 'A_max': 8.5, 'vol_band': 0.02, 'V0': None, 'bn_norm': None, 'qs_form': 'scale-invariant', 'iota_min': 1.19, 'kmin': 1, 'kmax': 4, 'maxiter': 100, 'ftol': 1e-06, 'xtol': 1e-12, 'gtol': 1e-08, 'max_tr': None, 'perturb_order': 2, 'solve_tol': 1e-10, 'tau_bn': 0.005, 'tau_qs': None, 'tau_qs_rel': 10.0, 'tau_A': 0.01, 'tau_V': 0.005, 'tau_iota': 0.01, 'tau_L': 0.01, 'tau_kappa': 0.01, 'tau_kms': 0.01, 'tau_dpc': 0.01, 'tau_dcc': 1e-06, 'dcc_backoff': 0.025, 'dpc_backoff': 0.02, 'no_arc_backoffs': False, 'eval_m': 25, 'eval_n': 25, 'plasma_m': 32, 'plasma_n': 32, 'coil_grid_n': 150, 'src_gl': 24, 'src_n': 100, 'bs_chunk': 25, 'jac_chunk': 5, 'dcc_k': 20000}
BOUNDS (judged, absolute) L 2.926  Ltot -  kappa 13.67  kms 18.69  convex -  planar -  dcc 0.05851  dpc 0.1097
ENFORCED L 2.926  Ltot -  kappa 13.67  kms 18.69  convex -  planar -  dcc 0.05997  dpc 0.1119
/home/singh/Documents/DESC2/desc/utils.py:590: UserWarning: Unequal number of field periods for grid 1 and basis 4.
  warnings.warn(msg, err)
/home/singh/Documents/DESC2/desc/utils.py:590: UserWarning: Unequal number of field periods for grid 1 and basis 4.
  warnings.warn(msg, err)
START physics  A 8.000  R0 0.9947  a 0.1243  iota [1.2523, 1.2562]  QS(Boozer, |B_nonsym|/<B>) rho 0.25 4.81e-04  rho 0.5 2.25e-04  rho 0.75 3.86e-04  rho 1 1.44e-03
START coils    bn 9.3323e-04 (max 4.744e-03)  L 1.000  kappa 1.000  kMS 1.000  d_cc 1.022  d_pc 1.185  linked 0  -> FAILS L,kappa
QS two-term rms at the start 0.001695 -> tau_qs 0.01695
B.n normalization frozen at the start: 0.42526; volume band around V0 = 0.30352
quadrature scales s (expected; compare the s(qw) column): bn 6.283  qs 41.41  iota 1  kappa 0.3622  dcc 9.06e+04
/home/singh/Documents/DESC2/desc/utils.py:590: FutureWarning: constants is deprecated and will be removed in a future release. Users should not include constants in the arguments of their objective compute methods. Instead declare all the constants in the build method and use as self._constants.
  warnings.warn(msg, err)
/home/singh/Documents/DESC2/desc/utils.py:590: FutureWarning: constants is deprecated and will be removed in a future release. Users should not include constants in the arguments of their objective compute methods. Instead declare all the constants in the build method and use as self._constants.
  warnings.warn(msg, err)
/home/singh/Documents/DESC2/desc/utils.py:590: FutureWarning: constants is deprecated and will be removed in a future release. Users should not include constants in the arguments of their objective compute methods. Instead declare all the constants in the build method and use as self._constants.
  warnings.warn(msg, err)
/home/singh/Documents/DESC2/desc/utils.py:590: FutureWarning: constants is deprecated and will be removed in a future release. Users should not include constants in the arguments of their objective compute methods. Instead declare all the constants in the build method and use as self._constants.
  warnings.warn(msg, err)
/home/singh/Documents/DESC2/desc/utils.py:590: FutureWarning: constants is deprecated and will be removed in a future release. Users should not include constants in the arguments of their objective compute methods. Instead declare all the constants in the build method and use as self._constants.
  warnings.warn(msg, err)
/home/singh/Documents/DESC2/desc/utils.py:590: FutureWarning: constants is deprecated and will be removed in a future release. Users should not include constants in the arguments of their objective compute methods. Instead declare all the constants in the build method and use as self._constants.
  warnings.warn(msg, err)

TERMS AT THE START
term                             dim_f    weight     norm    s(qw)  target/bounds           raw min    raw max       cost  err/tol  share
Vacuum B.n error                  1326      31.8   0.4253    6.283  = 0                   -0.001405   0.001389    0.02232    0.211  81.7%
QS two-term (scale-invariant)     5445      1.42        -    41.41  = 0                    -0.01309    0.01309      0.005      0.1  18.3%
aspect ratio                         1      12.5        -        1  [7.5, 8.5]                    8          8          0        0   0.0%
rotational transform                20        84        -        1  [1.19, inf]               1.252      1.256          0        0   0.0%
volume                               1       659        -        1  [0.2975, 0.3096]         0.3035     0.3035          0        0   0.0%
coil length                          4      34.2        -        2  [0, 2.926]                2.926      2.926  1.336e-20 1.63e-10   0.0%
coil curvature                    1204      20.2        -    5.013  [0, 13.67]               0.1673      13.67          0        0   0.0%
coil mean squared curvature          4      5.35        -        2  [0, 18.69]                14.47      18.69          0        0   0.0%
coil-coil distance penalty          72        11        -    8.485  [-inf, 0]                     0  0.0001234  1.607e-06  0.00179   0.0%
plasma-coil minimum distance         8       894        -    2.828  [0.1119, inf]            0.1301     0.1705          0        0   0.0%
total cost 0.5 sum f^2                                                                                                     0.02732

===== step k=1: 8 boundary modes free, maxiter 100 =====
Building objective: Vacuum B.n error
Precomputing transforms
Timer: Precomputing transforms = 20.8 ms
Building objective: QS two-term (scale-invariant)
Precomputing transforms
Timer: Precomputing transforms = 49.2 ms
Building objective: aspect ratio
Precomputing transforms
Timer: Precomputing transforms = 22.7 ms
Building objective: rotational transform
Precomputing transforms
Timer: Precomputing transforms = 23.8 ms
Building objective: volume
Precomputing transforms
Timer: Precomputing transforms = 28.3 ms
Building objective: coil length
Precomputing transforms
Timer: Precomputing transforms = 3.39 ms
Building objective: coil curvature
Precomputing transforms
Timer: Precomputing transforms = 4.15 ms
Building objective: coil mean squared curvature
Precomputing transforms
Timer: Precomputing transforms = 3.83 ms
Building objective: coil-coil distance penalty
Building objective: plasma-coil minimum distance
ObjectiveFunction deriv_mode : blocked
Vacuum B.n error jac_chunk_size: 5
QS two-term (scale-invariant) jac_chunk_size: 5
aspect ratio jac_chunk_size: None
rotational transform jac_chunk_size: None
volume jac_chunk_size: None
coil length jac_chunk_size: None
coil curvature jac_chunk_size: None
coil mean squared curvature jac_chunk_size: None
coil-coil distance penalty jac_chunk_size: None
plasma-coil minimum distance jac_chunk_size: None
Timer: Objective build = 289 ms
Building objective: force
Precomputing transforms
Timer: Precomputing transforms = 839 ms
ObjectiveFunction deriv_mode : batched
ObjectiveFunction jac_chunk_size: 4382
Timer: Objective build = 887 ms
ObjectiveFunction deriv_mode : blocked
lcfs R jac_chunk_size: None
lcfs Z jac_chunk_size: None
fixed Psi jac_chunk_size: None
fixed pressure jac_chunk_size: None
fixed current jac_chunk_size: None
fixed sheet current jac_chunk_size: None
self_consistency R jac_chunk_size: None
self_consistency Z jac_chunk_size: None
lambda gauge jac_chunk_size: None
axis R self consistency jac_chunk_size: None
axis Z self consistency jac_chunk_size: None
Timer: Objective build = 1.29 ms
Timer: Eq Update LinearConstraintProjection build = 3.34 sec
Timer: Proximal projection build = 35.4 sec
Building objective: lcfs R
Building objective: fixed Psi
Building objective: fixed pressure
Building objective: fixed current
Building objective: fixed sheet current
Building objective: lcfs Z
Building objective: summed coil current
Building objective: fixed shift
Building objective: fixed rotation
ObjectiveFunction deriv_mode : blocked
lcfs R jac_chunk_size: None
fixed Psi jac_chunk_size: None
fixed pressure jac_chunk_size: None
fixed current jac_chunk_size: None
fixed sheet current jac_chunk_size: None
lcfs Z jac_chunk_size: None
summed coil current jac_chunk_size: None
fixed shift jac_chunk_size: None
fixed rotation jac_chunk_size: None
Timer: Objective build = 1.32 sec
Timer: LinearConstraintProjection build = 2.94 sec
Number of parameters: 167
Number of objectives: 8085
Timer: Initializing the optimization = 39.8 sec

Starting optimization
Using method: proximal-lsq-exact
E1008 01:03:17.876374 2104612 cuda_fft.cc:256] Failed to make cuFFT batched plan: 5
E1008 01:03:17.876501 2104612 cuda_fft.cc:323] Initialize Params: rank: 1 elem_count: 301 input_embed: 301 input_stride: 1 input_distance: 301 output_embed: 301 output_stride: 1 output_distance: 301 batch_count: 4
E1008 01:03:17.876516 2104612 cuda_fft.cc:332] Failed to initialize batched cufft plan with customized allocator: Failed to make cuFFT batched plan.
E1008 01:03:17.889331 2104612 status_macros.cc:58] INTERNAL: RET_CHECK failure (external/xla/xla/backends/gpu/runtime/fft_thunk.cc:199) fft_plan != nullptr Failed to create cuFFT batched plan with scratch allocator
*** Begin stack trace ***
	
	
	
	
	
	
	
	
	
	
	
	
	
	
	
	
	
	
	
	
	
	
	PyObject_Vectorcall
	_PyEval_EvalFrameDefault
	_PyObject_FastCallDictTstate
	_PyObject_Call_Prepend
	
	_PyObject_Call
	_PyEval_EvalFrameDefault
	PyObject_Vectorcall
	
	
	PyObject_Vectorcall
	_PyEval_EvalFrameDefault
	
	_PyEval_EvalFrameDefault
	PyEval_EvalCode
	
	
	
	_PyRun_SimpleFileObject
	_PyRun_AnyFileObject
	Py_RunMain
	Py_BytesMain
	
	__libc_start_main
	
*** End stack trace ***

E1008 01:03:17.933297 2104612 cuda_executor.cc:1652] failed to query device memory info: INTERNAL: CUDA error: : CUDA_ERROR_ILLEGAL_ADDRESS: an illegal memory access was encountered
E1008 01:03:17.933330 2104612 se_gpu_pjrt_client.cc:1352] Failed to query available memory for GPU 0
Traceback (most recent call last):
  File "/home/singh/Documents/DESC2/coil_sandbox/single_stage.py", line 460, in <module>
    main()
  File "/home/singh/Documents/DESC2/coil_sandbox/single_stage.py", line 438, in main
    out, res = Optimizer("proximal-lsq-exact").optimize(
               ^^^^^^^^^^^^^^^^^^^^^^^^^^^^^^^^^^^^^^^^^
  File "/home/singh/Documents/DESC2/desc/optimize/optimizer.py", line 318, in optimize
    result = optimizers[method]["fun"](
             ^^^^^^^^^^^^^^^^^^^^^^^^^^
  File "/home/singh/Documents/DESC2/desc/optimize/_desc_wrappers.py", line 546, in _optimize_desc_least_squares
    result = lsqtr(
             ^^^^^^
  File "/home/singh/Documents/DESC2/desc/optimize/least_squares.py", line 191, in lsqtr
    cost = 0.5 * jnp.dot(f, f)
           ~~~~^~~~~~~~~~~~~~~
  File "/home/singh/miniforge3/envs/desc-env2/lib/python3.12/site-packages/jax/_src/numpy/array_methods.py", line 714, in _operator_rmul
    return ufuncs.multiply(cast(ArrayLike, other), self)
           ^^^^^^^^^^^^^^^^^^^^^^^^^^^^^^^^^^^^^^^^^^^^^
  File "/home/singh/miniforge3/envs/desc-env2/lib/python3.12/site-packages/jax/_src/numpy/ufunc_api.py", line 182, in __call__
    return call(*args)
           ^^^^^^^^^^^
jax.errors.JaxRuntimeError: INTERNAL: CUDA error: Error recording CUDA event: CUDA_ERROR_ILLEGAL_ADDRESS: an illegal memory access was encountered
--------------------
For simplicity, JAX has removed its internal frames from the traceback of the following exception. Set JAX_TRACEBACK_FILTERING=off to include these.
E1008 01:03:17.970336 2104612 cuda_executor.cc:279] [0] failed to unload module 0x5d0a70718980; leaking: INTERNAL: CUDA error: : CUDA_ERROR_ILLEGAL_ADDRESS: an illegal memory access was encountered
E1008 01:03:17.996644 2104612 cuda_executor.cc:279] [0] failed to unload module 0x5d0a6d038e30; leaking: INTERNAL: CUDA error: : CUDA_ERROR_ILLEGAL_ADDRESS: an illegal memory access was encountered
E1008 01:03:18.007816 2104612 cuda_executor.cc:279] [0] failed to unload module 0x5d0a6d1f36e0; leaking: INTERNAL: CUDA error: : CUDA_ERROR_ILLEGAL_ADDRESS: an illegal memory access was encountered
E1008 01:03:18.009605 2104612 cuda_executor.cc:279] [0] failed to unload module 0x5d0a77fef320; leaking: INTERNAL: CUDA error: : CUDA_ERROR_ILLEGAL_ADDRESS: an illegal memory access was encountered
E1008 01:03:18.073683 2104612 cuda_executor.cc:279] [0] failed to unload module 0x5d0a6ccc1130; leaking: INTERNAL: CUDA error: : CUDA_ERROR_ILLEGAL_ADDRESS: an illegal memory access was encountered
E1008 01:03:18.103414 2104612 cuda_executor.cc:279] [0] failed to unload module 0x5d0a781599f0; leaking: INTERNAL: CUDA error: : CUDA_ERROR_ILLEGAL_ADDRESS: an illegal memory access was encountered
E1008 01:03:18.110964 2104612 cuda_executor.cc:279] [0] failed to unload module 0x5d0a70459620; leaking: INTERNAL: CUDA error: : CUDA_ERROR_ILLEGAL_ADDRESS: an illegal memory access was encountered
E1008 01:03:18.118558 2104612 cuda_executor.cc:279] [0] failed to unload module 0x5d0a70a338b0; leaking: INTERNAL: CUDA error: : CUDA_ERROR_ILLEGAL_ADDRESS: an illegal memory access was encountered
E1008 01:03:18.121841 2104612 cuda_executor.cc:279] [0] failed to unload module 0x7f4bb0004da0; leaking: INTERNAL: CUDA error: : CUDA_ERROR_ILLEGAL_ADDRESS: an illegal memory access was encountered
E1008 01:03:18.140641 2104612 cuda_executor.cc:279] [0] failed to unload module 0x5d0a77d69f60; leaking: INTERNAL: CUDA error: : CUDA_ERROR_ILLEGAL_ADDRESS: an illegal memory access was encountered
E1008 01:03:18.143567 2104612 cuda_executor.cc:279] [0] failed to unload module 0x5d0a70e99310; leaking: INTERNAL: CUDA error: : CUDA_ERROR_ILLEGAL_ADDRESS: an illegal memory access was encountered
E1008 01:03:18.145276 2104612 cuda_executor.cc:279] [0] failed to unload module 0x5d0a7866f0d0; leaking: INTERNAL: CUDA error: : CUDA_ERROR_ILLEGAL_ADDRESS: an illegal memory access was encountered
E1008 01:03:18.147917 2104612 cuda_executor.cc:279] [0] failed to unload module 0x5d0a6d361e30; leaking: INTERNAL: CUDA error: : CUDA_ERROR_ILLEGAL_ADDRESS: an illegal memory access was encountered
E1008 01:03:18.156058 2104612 cuda_executor.cc:279] [0] failed to unload module 0x5d0a77a65050; leaking: INTERNAL: CUDA error: : CUDA_ERROR_ILLEGAL_ADDRESS: an illegal memory access was encountered
E1008 01:03:18.158666 2104612 cuda_executor.cc:279] [0] failed to unload module 0x5d0a700236c0; leaking: INTERNAL: CUDA error: : CUDA_ERROR_ILLEGAL_ADDRESS: an illegal memory access was encountered
E1008 01:03:18.167343 2104612 cuda_executor.cc:279] [0] failed to unload module 0x5d0a78c74cb0; leaking: INTERNAL: CUDA error: : CUDA_ERROR_ILLEGAL_ADDRESS: an illegal memory access was encountered
E1008 01:03:18.183914 2104612 cuda_executor.cc:279] [0] failed to unload module 0x5d0a714bc6a0; leaking: INTERNAL: CUDA error: : CUDA_ERROR_ILLEGAL_ADDRESS: an illegal memory access was encountered
E1008 01:03:18.195276 2104612 cuda_executor.cc:279] [0] failed to unload module 0x5d0a716141a0; leaking: INTERNAL: CUDA error: : CUDA_ERROR_ILLEGAL_ADDRESS: an illegal memory access was encountered
E1008 01:03:18.197162 2104612 cuda_executor.cc:279] [0] failed to unload module 0x5d0a78eec400; leaking: INTERNAL: CUDA error: : CUDA_ERROR_ILLEGAL_ADDRESS: an illegal memory access was encountered
E1008 01:03:18.237472 2104612 cuda_executor.cc:279] [0] failed to unload module 0x5d0a7750d5c0; leaking: INTERNAL: CUDA error: : CUDA_ERROR_ILLEGAL_ADDRESS: an illegal memory access was encountered
E1008 01:03:18.241555 2104612 cuda_executor.cc:279] [0] failed to unload module 0x5d0a6f6ab450; leaking: INTERNAL: CUDA error: : CUDA_ERROR_ILLEGAL_ADDRESS: an illegal memory access was encountered
E1008 01:03:18.292779 2104612 cuda_executor.cc:279] [0] failed to unload module 0x5d0a71421da0; leaking: INTERNAL: CUDA error: : CUDA_ERROR_ILLEGAL_ADDRESS: an illegal memory access was encountered
E1008 01:03:18.296499 2104612 cuda_executor.cc:279] [0] failed to unload module 0x5d0a78cfbf40; leaking: INTERNAL: CUDA error: : CUDA_ERROR_ILLEGAL_ADDRESS: an illegal memory access was encountered
E1008 01:03:18.303027 2104612 cuda_executor.cc:279] [0] failed to unload module 0x5d0a70130590; leaking: INTERNAL: CUDA error: : CUDA_ERROR_ILLEGAL_ADDRESS: an illegal memory access was encountered
E1008 01:03:18.304374 2104612 cuda_executor.cc:279] [0] failed to unload module 0x5d0a71003a80; leaking: INTERNAL: CUDA error: : CUDA_ERROR_ILLEGAL_ADDRESS: an illegal memory access was encountered
E1008 01:03:18.305515 2104612 cuda_executor.cc:279] [0] failed to unload module 0x5d0a787472b0; leaking: INTERNAL: CUDA error: : CUDA_ERROR_ILLEGAL_ADDRESS: an illegal memory access was encountered
E1008 01:03:18.310638 2104612 cuda_executor.cc:279] [0] failed to unload module 0x5d0a6d4b8c70; leaking: INTERNAL: CUDA error: : CUDA_ERROR_ILLEGAL_ADDRESS: an illegal memory access was encountered
E1008 01:03:18.312125 2104612 cuda_executor.cc:279] [0] failed to unload module 0x5d0a77bf0d10; leaking: INTERNAL: CUDA error: : CUDA_ERROR_ILLEGAL_ADDRESS: an illegal memory access was encountered
E1008 01:03:18.313093 2104612 cuda_executor.cc:279] [0] failed to unload module 0x5d0a6faae640; leaking: INTERNAL: CUDA error: : CUDA_ERROR_ILLEGAL_ADDRESS: an illegal memory access was encountered
E1008 01:03:18.314672 2104612 cuda_executor.cc:279] [0] failed to unload module 0x7f4bc80066f0; leaking: INTERNAL: CUDA error: : CUDA_ERROR_ILLEGAL_ADDRESS: an illegal memory access was encountered
E1008 01:03:18.317288 2104612 cuda_executor.cc:279] [0] failed to unload module 0x5d0a782d5d00; leaking: INTERNAL: CUDA error: : CUDA_ERROR_ILLEGAL_ADDRESS: an illegal memory access was encountered
E1008 01:03:18.320068 2104612 cuda_executor.cc:279] [0] failed to unload module 0x5d0a710ff8e0; leaking: INTERNAL: CUDA error: : CUDA_ERROR_ILLEGAL_ADDRESS: an illegal memory access was encountered
E1008 01:03:18.333197 2104612 cuda_executor.cc:279] [0] failed to unload module 0x5d0a7894f3f0; leaking: INTERNAL: CUDA error: : CUDA_ERROR_ILLEGAL_ADDRESS: an illegal memory access was encountered
E1008 01:03:18.367751 2104612 cuda_executor.cc:279] [0] failed to unload module 0x5d0a707dd740; leaking: INTERNAL: CUDA error: : CUDA_ERROR_ILLEGAL_ADDRESS: an illegal memory access was encountered
E1008 01:03:18.375800 2104612 cuda_executor.cc:279] [0] failed to unload module 0x5d0a6f9f62d0; leaking: INTERNAL: CUDA error: : CUDA_ERROR_ILLEGAL_ADDRESS: an illegal memory access was encountered
E1008 01:03:18.378386 2104612 cuda_executor.cc:279] [0] failed to unload module 0x5d0a777dfec0; leaking: INTERNAL: CUDA error: : CUDA_ERROR_ILLEGAL_ADDRESS: an illegal memory access was encountered
E1008 01:03:18.436141 2104612 cuda_executor.cc:279] [0] failed to unload module 0x5d0a6c6b0bb0; leaking: INTERNAL: CUDA error: : CUDA_ERROR_ILLEGAL_ADDRESS: an illegal memory access was encountered
E1008 01:03:18.441010 2104612 cuda_executor.cc:279] [0] failed to unload module 0x5d0a6c94b990; leaking: INTERNAL: CUDA error: : CUDA_ERROR_ILLEGAL_ADDRESS: an illegal memory access was encountered
E1008 01:03:18.441832 2104612 cuda_executor.cc:279] [0] failed to unload module 0x5d0a6d53cc70; leaking: INTERNAL: CUDA error: : CUDA_ERROR_ILLEGAL_ADDRESS: an illegal memory access was encountered
E1008 01:03:18.445065 2104612 cuda_executor.cc:279] [0] failed to unload module 0x7f4bc80076f0; leaking: INTERNAL: CUDA error: : CUDA_ERROR_ILLEGAL_ADDRESS: an illegal memory access was encountered
E1008 01:03:18.673990 2104612 cuda_executor.cc:603] [0] error deallocating host memory at 0x204c05600: INTERNAL: CUDA error: : CUDA_ERROR_ILLEGAL_ADDRESS: an illegal memory access was encountered
E1008 01:03:18.675369 2104612 cuda_executor.cc:603] [0] error deallocating host memory at 0x204c05800: INTERNAL: CUDA error: : CUDA_ERROR_ILLEGAL_ADDRESS: an illegal memory access was encountered
E1008 01:03:18.676690 2104612 cuda_executor.cc:603] [0] error deallocating host memory at 0x204c05e00: INTERNAL: CUDA error: : CUDA_ERROR_ILLEGAL_ADDRESS: an illegal memory access was encountered
E1008 01:03:18.681746 2104612 cuda_executor.cc:603] [0] error deallocating host memory at 0x204c05c00: INTERNAL: CUDA error: : CUDA_ERROR_ILLEGAL_ADDRESS: an illegal memory access was encountered
E1008 01:03:18.687187 2104612 cuda_executor.cc:603] [0] error deallocating host memory at 0x204c05a00: INTERNAL: CUDA error: : CUDA_ERROR_ILLEGAL_ADDRESS: an illegal memory access was encountered
E1008 01:03:18.692541 2104612 cuda_executor.cc:603] [0] error deallocating host memory at 0x204c06000: INTERNAL: CUDA error: : CUDA_ERROR_ILLEGAL_ADDRESS: an illegal memory access was encountered
E1008 01:03:18.698490 2104612 cuda_executor.cc:603] [0] error deallocating host memory at 0x204c06200: INTERNAL: CUDA error: : CUDA_ERROR_ILLEGAL_ADDRESS: an illegal memory access was encountered
E1008 01:03:18.704771 2104612 cuda_executor.cc:279] [0] failed to unload module 0x5d0ae1da1de0; leaking: INTERNAL: CUDA error: : CUDA_ERROR_ILLEGAL_ADDRESS: an illegal memory access was encountered
E1008 01:03:18.732998 2104612 cuda_executor.cc:603] [0] error deallocating host memory at 0x204c03a00: INTERNAL: CUDA error: : CUDA_ERROR_ILLEGAL_ADDRESS: an illegal memory access was encountered
E1008 01:03:18.733081 2104612 cuda_executor.cc:603] [0] error deallocating host memory at 0x204c03c00: INTERNAL: CUDA error: : CUDA_ERROR_ILLEGAL_ADDRESS: an illegal memory access was encountered
E1008 01:03:18.733493 2104612 cuda_executor.cc:279] [0] failed to unload module 0x5d0aae6e1990; leaking: INTERNAL: CUDA error: : CUDA_ERROR_ILLEGAL_ADDRESS: an illegal memory access was encountered
E1008 01:03:18.748740 2104612 cuda_executor.cc:603] [0] error deallocating host memory at 0x204c03e00: INTERNAL: CUDA error: : CUDA_ERROR_ILLEGAL_ADDRESS: an illegal memory access was encountered
E1008 01:03:18.748998 2104612 cuda_executor.cc:603] [0] error deallocating host memory at 0x204c04000: INTERNAL: CUDA error: : CUDA_ERROR_ILLEGAL_ADDRESS: an illegal memory access was encountered
E1008 01:03:18.749370 2104612 cuda_executor.cc:279] [0] failed to unload module 0x5d0aaf7f4f20; leaking: INTERNAL: CUDA error: : CUDA_ERROR_ILLEGAL_ADDRESS: an illegal memory access was encountered
E1008 01:03:18.867479 2104612 cuda_executor.cc:603] [0] error deallocating host memory at 0x204c00800: INTERNAL: CUDA error: : CUDA_ERROR_ILLEGAL_ADDRESS: an illegal memory access was encountered
E1008 01:03:18.868827 2104612 cuda_executor.cc:279] [0] failed to unload module 0x5d0a50d2d7c0; leaking: INTERNAL: CUDA error: : CUDA_ERROR_ILLEGAL_ADDRESS: an illegal memory access was encountered
E1008 01:03:18.877816 2104612 cuda_executor.cc:279] [0] failed to unload module 0x5d0a564f17a0; leaking: INTERNAL: CUDA error: : CUDA_ERROR_ILLEGAL_ADDRESS: an illegal memory access was encountered
E1008 01:03:18.878148 2104612 cuda_executor.cc:279] [0] failed to unload module 0x5d0a57439ba0; leaking: INTERNAL: CUDA error: : CUDA_ERROR_ILLEGAL_ADDRESS: an illegal memory access was encountered
E1008 01:03:18.878302 2104612 cuda_executor.cc:279] [0] failed to unload module 0x5d0a57ac8060; leaking: INTERNAL: CUDA error: : CUDA_ERROR_ILLEGAL_ADDRESS: an illegal memory access was encountered
E1008 01:03:18.880906 2104612 cuda_executor.cc:279] [0] failed to unload module 0x5d0a50168280; leaking: INTERNAL: CUDA error: : CUDA_ERROR_ILLEGAL_ADDRESS: an illegal memory access was encountered
E1008 01:03:18.881064 2104612 cuda_executor.cc:279] [0] failed to unload module 0x5d0a50d339a0; leaking: INTERNAL: CUDA error: : CUDA_ERROR_ILLEGAL_ADDRESS: an illegal memory access was encountered
E1008 01:03:18.881401 2104612 cuda_executor.cc:603] [0] error deallocating host memory at 0x204c00a00: INTERNAL: CUDA error: : CUDA_ERROR_ILLEGAL_ADDRESS: an illegal memory access was encountered
E1008 01:03:18.887015 2104612 cuda_executor.cc:279] [0] failed to unload module 0x5d0a58abad60; leaking: INTERNAL: CUDA error: : CUDA_ERROR_ILLEGAL_ADDRESS: an illegal memory access was encountered
E1008 01:03:18.895868 2104612 cuda_executor.cc:603] [0] error deallocating host memory at 0x204c00c00: INTERNAL: CUDA error: : CUDA_ERROR_ILLEGAL_ADDRESS: an illegal memory access was encountered
E1008 01:03:18.903223 2104612 cuda_executor.cc:279] [0] failed to unload module 0x5d0a5dec2060; leaking: INTERNAL: CUDA error: : CUDA_ERROR_ILLEGAL_ADDRESS: an illegal memory access was encountered
E1008 01:03:18.909094 2104612 cuda_executor.cc:603] [0] error deallocating host memory at 0x204c00e00: INTERNAL: CUDA error: : CUDA_ERROR_ILLEGAL_ADDRESS: an illegal memory access was encountered
E1008 01:03:18.909111 2104612 cuda_executor.cc:279] [0] failed to unload module 0x5d0a5eda57c0; leaking: INTERNAL: CUDA error: : CUDA_ERROR_ILLEGAL_ADDRESS: an illegal memory access was encountered
E1008 01:03:18.909670 2104612 cuda_executor.cc:279] [0] failed to unload module 0x5d0a58ac0350; leaking: INTERNAL: CUDA error: : CUDA_ERROR_ILLEGAL_ADDRESS: an illegal memory access was encountered
E1008 01:03:18.910181 2104612 cuda_executor.cc:603] [0] error deallocating host memory at 0x204c01000: INTERNAL: CUDA error: : CUDA_ERROR_ILLEGAL_ADDRESS: an illegal memory access was encountered
E1008 01:03:18.910329 2104612 cuda_executor.cc:279] [0] failed to unload module 0x5d0a5f2b37c0; leaking: INTERNAL: CUDA error: : CUDA_ERROR_ILLEGAL_ADDRESS: an illegal memory access was encountered
E1008 01:03:18.910669 2104612 cuda_executor.cc:279] [0] failed to unload module 0x5d0a5dc8a830; leaking: INTERNAL: CUDA error: : CUDA_ERROR_ILLEGAL_ADDRESS: an illegal memory access was encountered
E1008 01:03:18.911127 2104612 cuda_executor.cc:603] [0] error deallocating host memory at 0x204c01400: INTERNAL: CUDA error: : CUDA_ERROR_ILLEGAL_ADDRESS: an illegal memory access was encountered
E1008 01:03:18.911425 2104612 cuda_executor.cc:279] [0] failed to unload module 0x5d0a5fc71bd0; leaking: INTERNAL: CUDA error: : CUDA_ERROR_ILLEGAL_ADDRESS: an illegal memory access was encountered
E1008 01:03:18.913535 2104612 cuda_executor.cc:279] [0] failed to unload module 0x5d0a67a39ee0; leaking: INTERNAL: CUDA error: : CUDA_ERROR_ILLEGAL_ADDRESS: an illegal memory access was encountered
E1008 01:03:18.914699 2104612 cuda_executor.cc:279] [0] failed to unload module 0x5d0a6c1dd270; leaking: INTERNAL: CUDA error: : CUDA_ERROR_ILLEGAL_ADDRESS: an illegal memory access was encountered
E1008 01:03:18.915247 2104612 cuda_executor.cc:279] [0] failed to unload module 0x5d0a5c2ea2f0; leaking: INTERNAL: CUDA error: : CUDA_ERROR_ILLEGAL_ADDRESS: an illegal memory access was encountered
E1008 01:03:18.915657 2104612 cuda_executor.cc:279] [0] failed to unload module 0x5d0a6d57ca00; leaking: INTERNAL: CUDA error: : CUDA_ERROR_ILLEGAL_ADDRESS: an illegal memory access was encountered
E1008 01:03:18.916081 2104612 cuda_executor.cc:279] [0] failed to unload module 0x5d0a6dff0ad0; leaking: INTERNAL: CUDA error: : CUDA_ERROR_ILLEGAL_ADDRESS: an illegal memory access was encountered
E1008 01:03:18.916705 2104612 cuda_executor.cc:279] [0] failed to unload module 0x5d0a751eed10; leaking: INTERNAL: CUDA error: : CUDA_ERROR_ILLEGAL_ADDRESS: an illegal memory access was encountered
E1008 01:03:18.917414 2104612 cuda_executor.cc:279] [0] failed to unload module 0x5d0a794eddd0; leaking: INTERNAL: CUDA error: : CUDA_ERROR_ILLEGAL_ADDRESS: an illegal memory access was encountered
E1008 01:03:18.917953 2104612 cuda_executor.cc:279] [0] failed to unload module 0x5d0a7162a460; leaking: INTERNAL: CUDA error: : CUDA_ERROR_ILLEGAL_ADDRESS: an illegal memory access was encountered
E1008 01:03:18.918214 2104612 cuda_executor.cc:279] [0] failed to unload module 0x5d0a746713f0; leaking: INTERNAL: CUDA error: : CUDA_ERROR_ILLEGAL_ADDRESS: an illegal memory access was encountered
E1008 01:03:18.919204 2104612 cuda_executor.cc:279] [0] failed to unload module 0x5d0a7a5d4b40; leaking: INTERNAL: CUDA error: : CUDA_ERROR_ILLEGAL_ADDRESS: an illegal memory access was encountered
E1008 01:03:18.920017 2104612 cuda_executor.cc:279] [0] failed to unload module 0x5d0a75b8cc30; leaking: INTERNAL: CUDA error: : CUDA_ERROR_ILLEGAL_ADDRESS: an illegal memory access was encountered
E1008 01:03:18.920983 2104612 cuda_executor.cc:279] [0] failed to unload module 0x5d0a7b0c8530; leaking: INTERNAL: CUDA error: : CUDA_ERROR_ILLEGAL_ADDRESS: an illegal memory access was encountered
E1008 01:03:18.922016 2104612 cuda_executor.cc:279] [0] failed to unload module 0x5d0a7bc4e730; leaking: INTERNAL: CUDA error: : CUDA_ERROR_ILLEGAL_ADDRESS: an illegal memory access was encountered
E1008 01:03:18.922437 2104612 cuda_executor.cc:279] [0] failed to unload module 0x5d0a7f302850; leaking: INTERNAL: CUDA error: : CUDA_ERROR_ILLEGAL_ADDRESS: an illegal memory access was encountered
E1008 01:03:18.923283 2104612 cuda_executor.cc:279] [0] failed to unload module 0x5d0a7d9cbee0; leaking: INTERNAL: CUDA error: : CUDA_ERROR_ILLEGAL_ADDRESS: an illegal memory access was encountered
E1008 01:03:18.924411 2104612 cuda_executor.cc:279] [0] failed to unload module 0x5d0a81822180; leaking: INTERNAL: CUDA error: : CUDA_ERROR_ILLEGAL_ADDRESS: an illegal memory access was encountered
E1008 01:03:18.925452 2104612 cuda_executor.cc:603] [0] error deallocating host memory at 0x204c01a00: INTERNAL: CUDA error: : CUDA_ERROR_ILLEGAL_ADDRESS: an illegal memory access was encountered
E1008 01:03:18.925883 2104612 cuda_executor.cc:603] [0] error deallocating host memory at 0x204c01800: INTERNAL: CUDA error: : CUDA_ERROR_ILLEGAL_ADDRESS: an illegal memory access was encountered
E1008 01:03:18.926449 2104612 cuda_executor.cc:279] [0] failed to unload module 0x5d0a81d2d6b0; leaking: INTERNAL: CUDA error: : CUDA_ERROR_ILLEGAL_ADDRESS: an illegal memory access was encountered
E1008 01:03:18.928084 2104612 cuda_executor.cc:279] [0] failed to unload module 0x5d0a81e41120; leaking: INTERNAL: CUDA error: : CUDA_ERROR_ILLEGAL_ADDRESS: an illegal memory access was encountered
E1008 01:03:18.928548 2104612 cuda_executor.cc:279] [0] failed to unload module 0x5d0a58799fb0; leaking: INTERNAL: CUDA error: : CUDA_ERROR_ILLEGAL_ADDRESS: an illegal memory access was encountered
E1008 01:03:18.929408 2104612 cuda_executor.cc:279] [0] failed to unload module 0x5d0a383f4c30; leaking: INTERNAL: CUDA error: : CUDA_ERROR_ILLEGAL_ADDRESS: an illegal memory access was encountered
E1008 01:03:18.929947 2104612 cuda_executor.cc:279] [0] failed to unload module 0x5d0a79beff00; leaking: INTERNAL: CUDA error: : CUDA_ERROR_ILLEGAL_ADDRESS: an illegal memory access was encountered
E1008 01:03:18.930275 2104612 cuda_executor.cc:279] [0] failed to unload module 0x5d0a7963e680; leaking: INTERNAL: CUDA error: : CUDA_ERROR_ILLEGAL_ADDRESS: an illegal memory access was encountered
E1008 01:03:18.930925 2104612 cuda_executor.cc:279] [0] failed to unload module 0x5d0a71d63430; leaking: INTERNAL: CUDA error: : CUDA_ERROR_ILLEGAL_ADDRESS: an illegal memory access was encountered
E1008 01:03:18.931158 2104612 cuda_executor.cc:279] [0] failed to unload module 0x5d0a4c4dd210; leaking: INTERNAL: CUDA error: : CUDA_ERROR_ILLEGAL_ADDRESS: an illegal memory access was encountered
E1008 01:03:18.931305 2104612 cuda_executor.cc:279] [0] failed to unload module 0x5d0a73c4b4d0; leaking: INTERNAL: CUDA error: : CUDA_ERROR_ILLEGAL_ADDRESS: an illegal memory access was encountered
E1008 01:03:18.931444 2104612 cuda_executor.cc:279] [0] failed to unload module 0x5d0a75aad1d0; leaking: INTERNAL: CUDA error: : CUDA_ERROR_ILLEGAL_ADDRESS: an illegal memory access was encountered
E1008 01:03:18.932123 2104612 cuda_executor.cc:279] [0] failed to unload module 0x5d0a760d9260; leaking: INTERNAL: CUDA error: : CUDA_ERROR_ILLEGAL_ADDRESS: an illegal memory access was encountered
E1008 01:03:18.932454 2104612 cuda_executor.cc:279] [0] failed to unload module 0x5d0a74249e70; leaking: INTERNAL: CUDA error: : CUDA_ERROR_ILLEGAL_ADDRESS: an illegal memory access was encountered
E1008 01:03:18.932864 2104612 cuda_executor.cc:279] [0] failed to unload module 0x5d0a7a1fa090; leaking: INTERNAL: CUDA error: : CUDA_ERROR_ILLEGAL_ADDRESS: an illegal memory access was encountered
E1008 01:03:18.933337 2104612 cuda_executor.cc:279] [0] failed to unload module 0x5d0a7ae2c0b0; leaking: INTERNAL: CUDA error: : CUDA_ERROR_ILLEGAL_ADDRESS: an illegal memory access was encountered
E1008 01:03:18.933650 2104612 cuda_executor.cc:279] [0] failed to unload module 0x7f4b8c006950; leaking: INTERNAL: CUDA error: : CUDA_ERROR_ILLEGAL_ADDRESS: an illegal memory access was encountered
E1008 01:03:18.934800 2104612 cuda_executor.cc:279] [0] failed to unload module 0x5d0a5f534180; leaking: INTERNAL: CUDA error: : CUDA_ERROR_ILLEGAL_ADDRESS: an illegal memory access was encountered
E1008 01:03:18.935241 2104612 cuda_executor.cc:279] [0] failed to unload module 0x5d0a3ff9d870; leaking: INTERNAL: CUDA error: : CUDA_ERROR_ILLEGAL_ADDRESS: an illegal memory access was encountered
E1008 01:03:18.935655 2104612 cuda_executor.cc:603] [0] error deallocating host memory at 0x204c02000: INTERNAL: CUDA error: : CUDA_ERROR_ILLEGAL_ADDRESS: an illegal memory access was encountered
E1008 01:03:18.935832 2104612 cuda_executor.cc:279] [0] failed to unload module 0x5d0a8c5e0bc0; leaking: INTERNAL: CUDA error: : CUDA_ERROR_ILLEGAL_ADDRESS: an illegal memory access was encountered
E1008 01:03:18.936303 2104612 cuda_executor.cc:603] [0] error deallocating host memory at 0x204c02200: INTERNAL: CUDA error: : CUDA_ERROR_ILLEGAL_ADDRESS: an illegal memory access was encountered
E1008 01:03:18.936566 2104612 cuda_executor.cc:279] [0] failed to unload module 0x5d0a8c8faf00; leaking: INTERNAL: CUDA error: : CUDA_ERROR_ILLEGAL_ADDRESS: an illegal memory access was encountered
E1008 01:03:18.936977 2104612 cuda_executor.cc:279] [0] failed to unload module 0x5d0a5e4224a0; leaking: INTERNAL: CUDA error: : CUDA_ERROR_ILLEGAL_ADDRESS: an illegal memory access was encountered
E1008 01:03:18.937507 2104612 cuda_executor.cc:279] [0] failed to unload module 0x5d0a50d2e410; leaking: INTERNAL: CUDA error: : CUDA_ERROR_ILLEGAL_ADDRESS: an illegal memory access was encountered
E1008 01:03:18.937946 2104612 cuda_executor.cc:279] [0] failed to unload module 0x5d0a8c8ee210; leaking: INTERNAL: CUDA error: : CUDA_ERROR_ILLEGAL_ADDRESS: an illegal memory access was encountered
E1008 01:03:18.939154 2104612 cuda_executor.cc:279] [0] failed to unload module 0x5d0a8d73d540; leaking: INTERNAL: CUDA error: : CUDA_ERROR_ILLEGAL_ADDRESS: an illegal memory access was encountered
E1008 01:03:18.939982 2104612 cuda_executor.cc:279] [0] failed to unload module 0x5d0a3bf14ea0; leaking: INTERNAL: CUDA error: : CUDA_ERROR_ILLEGAL_ADDRESS: an illegal memory access was encountered
E1008 01:03:18.940537 2104612 cuda_executor.cc:279] [0] failed to unload module 0x5d0a3f50b1c0; leaking: INTERNAL: CUDA error: : CUDA_ERROR_ILLEGAL_ADDRESS: an illegal memory access was encountered
E1008 01:03:18.940673 2104612 cuda_executor.cc:279] [0] failed to unload module 0x5d0a3f815630; leaking: INTERNAL: CUDA error: : CUDA_ERROR_ILLEGAL_ADDRESS: an illegal memory access was encountered
E1008 01:03:18.940990 2104612 cuda_executor.cc:279] [0] failed to unload module 0x5d0a3ecae810; leaking: INTERNAL: CUDA error: : CUDA_ERROR_ILLEGAL_ADDRESS: an illegal memory access was encountered
E1008 01:03:18.941120 2104612 cuda_executor.cc:279] [0] failed to unload module 0x5d0a3fea6aa0; leaking: INTERNAL: CUDA error: : CUDA_ERROR_ILLEGAL_ADDRESS: an illegal memory access was encountered
E1008 01:03:18.941622 2104612 cuda_executor.cc:279] [0] failed to unload module 0x5d0a8d94e310; leaking: INTERNAL: CUDA error: : CUDA_ERROR_ILLEGAL_ADDRESS: an illegal memory access was encountered
E1008 01:03:18.941933 2104612 cuda_executor.cc:279] [0] failed to unload module 0x5d0a8dc36260; leaking: INTERNAL: CUDA error: : CUDA_ERROR_ILLEGAL_ADDRESS: an illegal memory access was encountered
E1008 01:03:18.942217 2104612 cuda_executor.cc:279] [0] failed to unload module 0x5d0a7def1a30; leaking: INTERNAL: CUDA error: : CUDA_ERROR_ILLEGAL_ADDRESS: an illegal memory access was encountered
E1008 01:03:18.943022 2104612 cuda_executor.cc:279] [0] failed to unload module 0x5d0a40757730; leaking: INTERNAL: CUDA error: : CUDA_ERROR_ILLEGAL_ADDRESS: an illegal memory access was encountered
E1008 01:03:18.943560 2104612 cuda_executor.cc:279] [0] failed to unload module 0x5d0a40e988a0; leaking: INTERNAL: CUDA error: : CUDA_ERROR_ILLEGAL_ADDRESS: an illegal memory access was encountered
E1008 01:03:18.943736 2104612 cuda_executor.cc:279] [0] failed to unload module 0x5d0a90d15820; leaking: INTERNAL: CUDA error: : CUDA_ERROR_ILLEGAL_ADDRESS: an illegal memory access was encountered
E1008 01:03:18.956120 2104612 cuda_executor.cc:279] [0] failed to unload module 0x5d0abbfb7390; leaking: INTERNAL: CUDA error: : CUDA_ERROR_ILLEGAL_ADDRESS: an illegal memory access was encountered
E1008 01:03:18.957168 2104612 cuda_executor.cc:279] [0] failed to unload module 0x5d0abcb02ef0; leaking: INTERNAL: CUDA error: : CUDA_ERROR_ILLEGAL_ADDRESS: an illegal memory access was encountered
E1008 01:03:18.958087 2104612 cuda_executor.cc:279] [0] failed to unload module 0x5d0abf0d3e80; leaking: INTERNAL: CUDA error: : CUDA_ERROR_ILLEGAL_ADDRESS: an illegal memory access was encountered
E1008 01:03:18.958560 2104612 cuda_executor.cc:279] [0] failed to unload module 0x5d0abf64b590; leaking: INTERNAL: CUDA error: : CUDA_ERROR_ILLEGAL_ADDRESS: an illegal memory access was encountered
E1008 01:03:18.958983 2104612 cuda_executor.cc:279] [0] failed to unload module 0x5d0abf7ff8f0; leaking: INTERNAL: CUDA error: : CUDA_ERROR_ILLEGAL_ADDRESS: an illegal memory access was encountered
E1008 01:03:18.959420 2104612 cuda_executor.cc:279] [0] failed to unload module 0x5d0abfb923f0; leaking: INTERNAL: CUDA error: : CUDA_ERROR_ILLEGAL_ADDRESS: an illegal memory access was encountered
E1008 01:03:18.959724 2104612 cuda_executor.cc:279] [0] failed to unload module 0x5d0a8c09ddb0; leaking: INTERNAL: CUDA error: : CUDA_ERROR_ILLEGAL_ADDRESS: an illegal memory access was encountered
E1008 01:03:18.960029 2104612 cuda_executor.cc:279] [0] failed to unload module 0x5d0ac023fe30; leaking: INTERNAL: CUDA error: : CUDA_ERROR_ILLEGAL_ADDRESS: an illegal memory access was encountered
E1008 01:03:18.960258 2104612 cuda_executor.cc:279] [0] failed to unload module 0x5d0ac0506640; leaking: INTERNAL: CUDA error: : CUDA_ERROR_ILLEGAL_ADDRESS: an illegal memory access was encountered
E1008 01:03:18.960655 2104612 cuda_executor.cc:279] [0] failed to unload module 0x5d0ac07cc8a0; leaking: INTERNAL: CUDA error: : CUDA_ERROR_ILLEGAL_ADDRESS: an illegal memory access was encountered
E1008 01:03:18.962525 2104612 cuda_executor.cc:279] [0] failed to unload module 0x5d0ac0acc420; leaking: INTERNAL: CUDA error: : CUDA_ERROR_ILLEGAL_ADDRESS: an illegal memory access was encountered
E1008 01:03:18.962854 2104612 cuda_executor.cc:279] [0] failed to unload module 0x5d0abfd83910; leaking: INTERNAL: CUDA error: : CUDA_ERROR_ILLEGAL_ADDRESS: an illegal memory access was encountered
E1008 01:03:18.963390 2104612 cuda_executor.cc:279] [0] failed to unload module 0x5d0a7e069600; leaking: INTERNAL: CUDA error: : CUDA_ERROR_ILLEGAL_ADDRESS: an illegal memory access was encountered
E1008 01:03:18.963795 2104612 cuda_executor.cc:279] [0] failed to unload module 0x5d0a56b160f0; leaking: INTERNAL: CUDA error: : CUDA_ERROR_ILLEGAL_ADDRESS: an illegal memory access was encountered
E1008 01:03:18.964068 2104612 cuda_executor.cc:279] [0] failed to unload module 0x5d0a4105bb30; leaking: INTERNAL: CUDA error: : CUDA_ERROR_ILLEGAL_ADDRESS: an illegal memory access was encountered
E1008 01:03:18.964445 2104612 cuda_executor.cc:279] [0] failed to unload module 0x5d0a68578870; leaking: INTERNAL: CUDA error: : CUDA_ERROR_ILLEGAL_ADDRESS: an illegal memory access was encountered
E1008 01:03:18.964724 2104612 cuda_executor.cc:279] [0] failed to unload module 0x5d0ac11916e0; leaking: INTERNAL: CUDA error: : CUDA_ERROR_ILLEGAL_ADDRESS: an illegal memory access was encountered
E1008 01:03:18.965071 2104612 cuda_executor.cc:279] [0] failed to unload module 0x5d0a8ddba030; leaking: INTERNAL: CUDA error: : CUDA_ERROR_ILLEGAL_ADDRESS: an illegal memory access was encountered
E1008 01:03:18.965409 2104612 cuda_executor.cc:279] [0] failed to unload module 0x5d0ac1b9d510; leaking: INTERNAL: CUDA error: : CUDA_ERROR_ILLEGAL_ADDRESS: an illegal memory access was encountered
E1008 01:03:18.965723 2104612 cuda_executor.cc:279] [0] failed to unload module 0x5d0ac6413e80; leaking: INTERNAL: CUDA error: : CUDA_ERROR_ILLEGAL_ADDRESS: an illegal memory access was encountered
E1008 01:03:18.966053 2104612 cuda_executor.cc:279] [0] failed to unload module 0x5d0a5bb3dad0; leaking: INTERNAL: CUDA error: : CUDA_ERROR_ILLEGAL_ADDRESS: an illegal memory access was encountered
E1008 01:03:18.966281 2104612 cuda_executor.cc:279] [0] failed to unload module 0x5d0ac6499e30; leaking: INTERNAL: CUDA error: : CUDA_ERROR_ILLEGAL_ADDRESS: an illegal memory access was encountered
E1008 01:03:18.987229 2104612 cuda_executor.cc:279] [0] failed to unload module 0x5d0ad4e2ff50; leaking: INTERNAL: CUDA error: : CUDA_ERROR_ILLEGAL_ADDRESS: an illegal memory access was encountered
E1008 01:03:18.987605 2104612 cuda_executor.cc:279] [0] failed to unload module 0x5d0ad50509f0; leaking: INTERNAL: CUDA error: : CUDA_ERROR_ILLEGAL_ADDRESS: an illegal memory access was encountered
E1008 01:03:18.988800 2104612 cuda_executor.cc:279] [0] failed to unload module 0x5d0ad599c370; leaking: INTERNAL: CUDA error: : CUDA_ERROR_ILLEGAL_ADDRESS: an illegal memory access was encountered
E1008 01:03:18.989776 2104612 cuda_executor.cc:279] [0] failed to unload module 0x5d0ad8cabf40; leaking: INTERNAL: CUDA error: : CUDA_ERROR_ILLEGAL_ADDRESS: an illegal memory access was encountered
E1008 01:03:18.990312 2104612 cuda_executor.cc:279] [0] failed to unload module 0x5d0ad985a5c0; leaking: INTERNAL: CUDA error: : CUDA_ERROR_ILLEGAL_ADDRESS: an illegal memory access was encountered
E1008 01:03:18.991395 2104612 cuda_executor.cc:279] [0] failed to unload module 0x5d0adbb6c1b0; leaking: INTERNAL: CUDA error: : CUDA_ERROR_ILLEGAL_ADDRESS: an illegal memory access was encountered
E1008 01:03:18.992196 2104612 cuda_executor.cc:279] [0] failed to unload module 0x5d0a723000f0; leaking: INTERNAL: CUDA error: : CUDA_ERROR_ILLEGAL_ADDRESS: an illegal memory access was encountered
E1008 01:03:18.992780 2104612 cuda_executor.cc:279] [0] failed to unload module 0x5d0a72468680; leaking: INTERNAL: CUDA error: : CUDA_ERROR_ILLEGAL_ADDRESS: an illegal memory access was encountered
E1008 01:03:18.993103 2104612 cuda_executor.cc:279] [0] failed to unload module 0x5d0adc320240; leaking: INTERNAL: CUDA error: : CUDA_ERROR_ILLEGAL_ADDRESS: an illegal memory access was encountered
E1008 01:03:18.993836 2104612 cuda_executor.cc:279] [0] failed to unload module 0x5d0a6b2e4b10; leaking: INTERNAL: CUDA error: : CUDA_ERROR_ILLEGAL_ADDRESS: an illegal memory access was encountered
E1008 01:03:18.994990 2104612 cuda_executor.cc:279] [0] failed to unload module 0x5d0a8eab3020; leaking: INTERNAL: CUDA error: : CUDA_ERROR_ILLEGAL_ADDRESS: an illegal memory access was encountered
E1008 01:03:18.997676 2104612 cuda_executor.cc:279] [0] failed to unload module 0x5d0abc9d5e00; leaking: INTERNAL: CUDA error: : CUDA_ERROR_ILLEGAL_ADDRESS: an illegal memory access was encountered
E1008 01:03:18.997992 2104612 cuda_executor.cc:279] [0] failed to unload module 0x5d0a68487900; leaking: INTERNAL: CUDA error: : CUDA_ERROR_ILLEGAL_ADDRESS: an illegal memory access was encountered
E1008 01:03:18.998327 2104612 cuda_executor.cc:279] [0] failed to unload module 0x5d0ad99e4730; leaking: INTERNAL: CUDA error: : CUDA_ERROR_ILLEGAL_ADDRESS: an illegal memory access was encountered
E1008 01:03:18.998992 2104612 cuda_executor.cc:279] [0] failed to unload module 0x5d0ac3cd59b0; leaking: INTERNAL: CUDA error: : CUDA_ERROR_ILLEGAL_ADDRESS: an illegal memory access was encountered
E1008 01:03:19.000042 2104612 cuda_executor.cc:279] [0] failed to unload module 0x5d0a815a3300; leaking: INTERNAL: CUDA error: : CUDA_ERROR_ILLEGAL_ADDRESS: an illegal memory access was encountered
E1008 01:03:19.000615 2104612 cuda_executor.cc:279] [0] failed to unload module 0x5d0a4e84a020; leaking: INTERNAL: CUDA error: : CUDA_ERROR_ILLEGAL_ADDRESS: an illegal memory access was encountered
E1008 01:03:19.000879 2104612 cuda_executor.cc:279] [0] failed to unload module 0x5d0a7ef57000; leaking: INTERNAL: CUDA error: : CUDA_ERROR_ILLEGAL_ADDRESS: an illegal memory access was encountered
E1008 01:03:19.001277 2104612 cuda_executor.cc:279] [0] failed to unload module 0x5d0a68ccf870; leaking: INTERNAL: CUDA error: : CUDA_ERROR_ILLEGAL_ADDRESS: an illegal memory access was encountered
E1008 01:03:19.001823 2104612 cuda_executor.cc:279] [0] failed to unload module 0x5d0a8b34b9d0; leaking: INTERNAL: CUDA error: : CUDA_ERROR_ILLEGAL_ADDRESS: an illegal memory access was encountered
E1008 01:03:19.002085 2104612 cuda_executor.cc:279] [0] failed to unload module 0x5d0a7fcf1730; leaking: INTERNAL: CUDA error: : CUDA_ERROR_ILLEGAL_ADDRESS: an illegal memory access was encountered
E1008 01:03:19.002614 2104612 cuda_executor.cc:279] [0] failed to unload module 0x5d0a4b3abf90; leaking: INTERNAL: CUDA error: : CUDA_ERROR_ILLEGAL_ADDRESS: an illegal memory access was encountered
E1008 01:03:19.002993 2104612 cuda_executor.cc:279] [0] failed to unload module 0x5d0ac3385870; leaking: INTERNAL: CUDA error: : CUDA_ERROR_ILLEGAL_ADDRESS: an illegal memory access was encountered
E1008 01:03:19.003303 2104612 cuda_executor.cc:279] [0] failed to unload module 0x5d0a903d5c10; leaking: INTERNAL: CUDA error: : CUDA_ERROR_ILLEGAL_ADDRESS: an illegal memory access was encountered
E1008 01:03:19.003678 2104612 cuda_executor.cc:279] [0] failed to unload module 0x5d0a6c1223a0; leaking: INTERNAL: CUDA error: : CUDA_ERROR_ILLEGAL_ADDRESS: an illegal memory access was encountered
E1008 01:03:19.003843 2104612 cuda_executor.cc:279] [0] failed to unload module 0x5d0abbfbb7a0; leaking: INTERNAL: CUDA error: : CUDA_ERROR_ILLEGAL_ADDRESS: an illegal memory access was encountered
E1008 01:03:19.004153 2104612 cuda_executor.cc:279] [0] failed to unload module 0x5d0a5b7a16d0; leaking: INTERNAL: CUDA error: : CUDA_ERROR_ILLEGAL_ADDRESS: an illegal memory access was encountered
E1008 01:03:19.004624 2104612 cuda_executor.cc:279] [0] failed to unload module 0x5d0a67cddee0; leaking: INTERNAL: CUDA error: : CUDA_ERROR_ILLEGAL_ADDRESS: an illegal memory access was encountered
E1008 01:03:19.005101 2104612 cuda_executor.cc:279] [0] failed to unload module 0x5d0a6b5ab670; leaking: INTERNAL: CUDA error: : CUDA_ERROR_ILLEGAL_ADDRESS: an illegal memory access was encountered
E1008 01:03:19.005440 2104612 cuda_executor.cc:279] [0] failed to unload module 0x5d0a711e8490; leaking: INTERNAL: CUDA error: : CUDA_ERROR_ILLEGAL_ADDRESS: an illegal memory access was encountered
E1008 01:03:19.005739 2104612 cuda_executor.cc:279] [0] failed to unload module 0x5d0abc8ee280; leaking: INTERNAL: CUDA error: : CUDA_ERROR_ILLEGAL_ADDRESS: an illegal memory access was encountered
E1008 01:03:19.006121 2104612 cuda_executor.cc:279] [0] failed to unload module 0x5d0a78ab1530; leaking: INTERNAL: CUDA error: : CUDA_ERROR_ILLEGAL_ADDRESS: an illegal memory access was encountered
E1008 01:03:19.006585 2104612 cuda_executor.cc:279] [0] failed to unload module 0x5d0a80e38fa0; leaking: INTERNAL: CUDA error: : CUDA_ERROR_ILLEGAL_ADDRESS: an illegal memory access was encountered
E1008 01:03:19.007859 2104612 cuda_executor.cc:279] [0] failed to unload module 0x5d0a576fbb50; leaking: INTERNAL: CUDA error: : CUDA_ERROR_ILLEGAL_ADDRESS: an illegal memory access was encountered
E1008 01:03:19.008275 2104612 cuda_executor.cc:279] [0] failed to unload module 0x5d0a884b15f0; leaking: INTERNAL: CUDA error: : CUDA_ERROR_ILLEGAL_ADDRESS: an illegal memory access was encountered
E1008 01:03:19.008471 2104612 cuda_executor.cc:279] [0] failed to unload module 0x5d0a4d5e1a90; leaking: INTERNAL: CUDA error: : CUDA_ERROR_ILLEGAL_ADDRESS: an illegal memory access was encountered
E1008 01:03:19.008997 2104612 cuda_executor.cc:279] [0] failed to unload module 0x5d0a87291e90; leaking: INTERNAL: CUDA error: : CUDA_ERROR_ILLEGAL_ADDRESS: an illegal memory access was encountered
E1008 01:03:19.009761 2104612 cuda_executor.cc:279] [0] failed to unload module 0x5d0a4dc30310; leaking: INTERNAL: CUDA error: : CUDA_ERROR_ILLEGAL_ADDRESS: an illegal memory access was encountered
E1008 01:03:19.011962 2104612 cuda_executor.cc:279] [0] failed to unload module 0x5d0a608d46e0; leaking: INTERNAL: CUDA error: : CUDA_ERROR_ILLEGAL_ADDRESS: an illegal memory access was encountered
E1008 01:03:19.013731 2104612 cuda_executor.cc:279] [0] failed to unload module 0x5d0aad0c8590; leaking: INTERNAL: CUDA error: : CUDA_ERROR_ILLEGAL_ADDRESS: an illegal memory access was encountered
E1008 01:03:19.014130 2104612 cuda_executor.cc:279] [0] failed to unload module 0x5d0aae7b7ed0; leaking: INTERNAL: CUDA error: : CUDA_ERROR_ILLEGAL_ADDRESS: an illegal memory access was encountered
E1008 01:03:19.014637 2104612 cuda_executor.cc:279] [0] failed to unload module 0x5d0a8b096110; leaking: INTERNAL: CUDA error: : CUDA_ERROR_ILLEGAL_ADDRESS: an illegal memory access was encountered
E1008 01:03:19.015025 2104612 cuda_executor.cc:279] [0] failed to unload module 0x5d0a73cdf760; leaking: INTERNAL: CUDA error: : CUDA_ERROR_ILLEGAL_ADDRESS: an illegal memory access was encountered
E1008 01:03:19.015360 2104612 cuda_executor.cc:279] [0] failed to unload module 0x5d0a8ea6e370; leaking: INTERNAL: CUDA error: : CUDA_ERROR_ILLEGAL_ADDRESS: an illegal memory access was encountered
E1008 01:03:19.016641 2104612 cuda_executor.cc:279] [0] failed to unload module 0x5d0adda5f9e0; leaking: INTERNAL: CUDA error: : CUDA_ERROR_ILLEGAL_ADDRESS: an illegal memory access was encountered
E1008 01:03:19.016962 2104612 cuda_executor.cc:279] [0] failed to unload module 0x5d0a84600610; leaking: INTERNAL: CUDA error: : CUDA_ERROR_ILLEGAL_ADDRESS: an illegal memory access was encountered
E1008 01:03:19.017221 2104612 cuda_executor.cc:279] [0] failed to unload module 0x5d0a69030880; leaking: INTERNAL: CUDA error: : CUDA_ERROR_ILLEGAL_ADDRESS: an illegal memory access was encountered
E1008 01:03:19.017642 2104612 cuda_executor.cc:279] [0] failed to unload module 0x5d0a7a565a20; leaking: INTERNAL: CUDA error: : CUDA_ERROR_ILLEGAL_ADDRESS: an illegal memory access was encountered
E1008 01:03:19.018754 2104612 cuda_executor.cc:279] [0] failed to unload module 0x5d0a5b6a8eb0; leaking: INTERNAL: CUDA error: : CUDA_ERROR_ILLEGAL_ADDRESS: an illegal memory access was encountered
E1008 01:03:19.020233 2104612 cuda_executor.cc:279] [0] failed to unload module 0x5d0acae647d0; leaking: INTERNAL: CUDA error: : CUDA_ERROR_ILLEGAL_ADDRESS: an illegal memory access was encountered
E1008 01:03:19.020867 2104612 cuda_executor.cc:279] [0] failed to unload module 0x5d0a4d976ba0; leaking: INTERNAL: CUDA error: : CUDA_ERROR_ILLEGAL_ADDRESS: an illegal memory access was encountered
E1008 01:03:19.021365 2104612 cuda_executor.cc:279] [0] failed to unload module 0x5d0a6be67a40; leaking: INTERNAL: CUDA error: : CUDA_ERROR_ILLEGAL_ADDRESS: an illegal memory access was encountered
E1008 01:03:19.022358 2104612 cuda_executor.cc:279] [0] failed to unload module 0x5d0a7ee3a410; leaking: INTERNAL: CUDA error: : CUDA_ERROR_ILLEGAL_ADDRESS: an illegal memory access was encountered
E1008 01:03:19.023423 2104612 cuda_executor.cc:279] [0] failed to unload module 0x5d0add5f5fc0; leaking: INTERNAL: CUDA error: : CUDA_ERROR_ILLEGAL_ADDRESS: an illegal memory access was encountered
E1008 01:03:19.023641 2104612 cuda_executor.cc:279] [0] failed to unload module 0x5d0a4b33eb70; leaking: INTERNAL: CUDA error: : CUDA_ERROR_ILLEGAL_ADDRESS: an illegal memory access was encountered
E1008 01:03:19.024033 2104612 cuda_executor.cc:279] [0] failed to unload module 0x5d0ac12e37d0; leaking: INTERNAL: CUDA error: : CUDA_ERROR_ILLEGAL_ADDRESS: an illegal memory access was encountered
E1008 01:03:19.024533 2104612 cuda_executor.cc:279] [0] failed to unload module 0x5d0acf6c0cb0; leaking: INTERNAL: CUDA error: : CUDA_ERROR_ILLEGAL_ADDRESS: an illegal memory access was encountered
E1008 01:03:19.025029 2104612 cuda_executor.cc:279] [0] failed to unload module 0x5d0a7bae47b0; leaking: INTERNAL: CUDA error: : CUDA_ERROR_ILLEGAL_ADDRESS: an illegal memory access was encountered
E1008 01:03:19.025463 2104612 cuda_executor.cc:279] [0] failed to unload module 0x5d0aca3242f0; leaking: INTERNAL: CUDA error: : CUDA_ERROR_ILLEGAL_ADDRESS: an illegal memory access was encountered
E1008 01:03:19.025763 2104612 cuda_executor.cc:279] [0] failed to unload module 0x5d0acf35ad90; leaking: INTERNAL: CUDA error: : CUDA_ERROR_ILLEGAL_ADDRESS: an illegal memory access was encountered
E1008 01:03:19.026772 2104612 cuda_executor.cc:279] [0] failed to unload module 0x5d0a764caa40; leaking: INTERNAL: CUDA error: : CUDA_ERROR_ILLEGAL_ADDRESS: an illegal memory access was encountered
E1008 01:03:19.027235 2104612 cuda_executor.cc:279] [0] failed to unload module 0x5d0aceca4830; leaking: INTERNAL: CUDA error: : CUDA_ERROR_ILLEGAL_ADDRESS: an illegal memory access was encountered
E1008 01:03:19.027715 2104612 cuda_executor.cc:279] [0] failed to unload module 0x5d0acec587a0; leaking: INTERNAL: CUDA error: : CUDA_ERROR_ILLEGAL_ADDRESS: an illegal memory access was encountered
E1008 01:03:19.028053 2104612 cuda_executor.cc:279] [0] failed to unload module 0x5d0a79bba410; leaking: INTERNAL: CUDA error: : CUDA_ERROR_ILLEGAL_ADDRESS: an illegal memory access was encountered
E1008 01:03:19.028378 2104612 cuda_executor.cc:279] [0] failed to unload module 0x5d0adcc59aa0; leaking: INTERNAL: CUDA error: : CUDA_ERROR_ILLEGAL_ADDRESS: an illegal memory access was encountered
E1008 01:03:19.028928 2104612 cuda_executor.cc:279] [0] failed to unload module 0x5d0a80cf11c0; leaking: INTERNAL: CUDA error: : CUDA_ERROR_ILLEGAL_ADDRESS: an illegal memory access was encountered
E1008 01:03:19.029261 2104612 cuda_executor.cc:279] [0] failed to unload module 0x5d0a815a0270; leaking: INTERNAL: CUDA error: : CUDA_ERROR_ILLEGAL_ADDRESS: an illegal memory access was encountered
E1008 01:03:19.029551 2104612 cuda_executor.cc:279] [0] failed to unload module 0x5d0a745734f0; leaking: INTERNAL: CUDA error: : CUDA_ERROR_ILLEGAL_ADDRESS: an illegal memory access was encountered
E1008 01:03:19.029956 2104612 cuda_executor.cc:279] [0] failed to unload module 0x5d0a7293efd0; leaking: INTERNAL: CUDA error: : CUDA_ERROR_ILLEGAL_ADDRESS: an illegal memory access was encountered
E1008 01:03:19.030515 2104612 cuda_executor.cc:279] [0] failed to unload module 0x5d0a841d3820; leaking: INTERNAL: CUDA error: : CUDA_ERROR_ILLEGAL_ADDRESS: an illegal memory access was encountered
E1008 01:03:19.030876 2104612 cuda_executor.cc:279] [0] failed to unload module 0x5d0a5f262c90; leaking: INTERNAL: CUDA error: : CUDA_ERROR_ILLEGAL_ADDRESS: an illegal memory access was encountered
E1008 01:03:19.031261 2104612 cuda_executor.cc:279] [0] failed to unload module 0x5d0a50cf3a10; leaking: INTERNAL: CUDA error: : CUDA_ERROR_ILLEGAL_ADDRESS: an illegal memory access was encountered
E1008 01:03:19.031617 2104612 cuda_executor.cc:279] [0] failed to unload module 0x5d0ab3f7b4a0; leaking: INTERNAL: CUDA error: : CUDA_ERROR_ILLEGAL_ADDRESS: an illegal memory access was encountered
E1008 01:03:19.033124 2104612 cuda_executor.cc:279] [0] failed to unload module 0x5d0a8c4ee5c0; leaking: INTERNAL: CUDA error: : CUDA_ERROR_ILLEGAL_ADDRESS: an illegal memory access was encountered
E1008 01:03:19.033659 2104612 cuda_executor.cc:279] [0] failed to unload module 0x5d0a5d1ec2f0; leaking: INTERNAL: CUDA error: : CUDA_ERROR_ILLEGAL_ADDRESS: an illegal memory access was encountered
E1008 01:03:19.034149 2104612 cuda_executor.cc:279] [0] failed to unload module 0x5d0a4c79d310; leaking: INTERNAL: CUDA error: : CUDA_ERROR_ILLEGAL_ADDRESS: an illegal memory access was encountered
E1008 01:03:19.034548 2104612 cuda_executor.cc:279] [0] failed to unload module 0x5d0a5ec264e0; leaking: INTERNAL: CUDA error: : CUDA_ERROR_ILLEGAL_ADDRESS: an illegal memory access was encountered
E1008 01:03:19.034848 2104612 cuda_executor.cc:279] [0] failed to unload module 0x5d0a8d4a6850; leaking: INTERNAL: CUDA error: : CUDA_ERROR_ILLEGAL_ADDRESS: an illegal memory access was encountered
E1008 01:03:19.035105 2104612 cuda_executor.cc:279] [0] failed to unload module 0x5d0aad7a26d0; leaking: INTERNAL: CUDA error: : CUDA_ERROR_ILLEGAL_ADDRESS: an illegal memory access was encountered
E1008 01:03:19.035432 2104612 cuda_executor.cc:279] [0] failed to unload module 0x5d0ab2a2c070; leaking: INTERNAL: CUDA error: : CUDA_ERROR_ILLEGAL_ADDRESS: an illegal memory access was encountered
E1008 01:03:19.035795 2104612 cuda_executor.cc:279] [0] failed to unload module 0x5d0ab3664500; leaking: INTERNAL: CUDA error: : CUDA_ERROR_ILLEGAL_ADDRESS: an illegal memory access was encountered
E1008 01:03:19.036343 2104612 cuda_executor.cc:279] [0] failed to unload module 0x5d0abdfd7ca0; leaking: INTERNAL: CUDA error: : CUDA_ERROR_ILLEGAL_ADDRESS: an illegal memory access was encountered
E1008 01:03:19.036844 2104612 cuda_executor.cc:279] [0] failed to unload module 0x5d0abe9b5260; leaking: INTERNAL: CUDA error: : CUDA_ERROR_ILLEGAL_ADDRESS: an illegal memory access was encountered
E1008 01:03:19.037217 2104612 cuda_executor.cc:279] [0] failed to unload module 0x5d0ad99d22d0; leaking: INTERNAL: CUDA error: : CUDA_ERROR_ILLEGAL_ADDRESS: an illegal memory access was encountered
E1008 01:03:19.037560 2104612 cuda_executor.cc:279] [0] failed to unload module 0x5d0ad6db6990; leaking: INTERNAL: CUDA error: : CUDA_ERROR_ILLEGAL_ADDRESS: an illegal memory access was encountered
E1008 01:03:19.038132 2104612 cuda_executor.cc:279] [0] failed to unload module 0x5d0a4a336fa0; leaking: INTERNAL: CUDA error: : CUDA_ERROR_ILLEGAL_ADDRESS: an illegal memory access was encountered
E1008 01:03:19.038603 2104612 cuda_executor.cc:279] [0] failed to unload module 0x5d0a3912ee50; leaking: INTERNAL: CUDA error: : CUDA_ERROR_ILLEGAL_ADDRESS: an illegal memory access was encountered
E1008 01:03:19.039278 2104612 cuda_executor.cc:279] [0] failed to unload module 0x5d0a4c7b4170; leaking: INTERNAL: CUDA error: : CUDA_ERROR_ILLEGAL_ADDRESS: an illegal memory access was encountered
E1008 01:03:19.039658 2104612 cuda_executor.cc:279] [0] failed to unload module 0x5d0ab4d1f7d0; leaking: INTERNAL: CUDA error: : CUDA_ERROR_ILLEGAL_ADDRESS: an illegal memory access was encountered
E1008 01:03:19.039993 2104612 cuda_executor.cc:279] [0] failed to unload module 0x5d0ac0b0a4b0; leaking: INTERNAL: CUDA error: : CUDA_ERROR_ILLEGAL_ADDRESS: an illegal memory access was encountered
E1008 01:03:19.040144 2104612 cuda_executor.cc:279] [0] failed to unload module 0x5d0ac03a94c0; leaking: INTERNAL: CUDA error: : CUDA_ERROR_ILLEGAL_ADDRESS: an illegal memory access was encountered
E1008 01:03:19.040424 2104612 cuda_executor.cc:279] [0] failed to unload module 0x5d0ac066e5b0; leaking: INTERNAL: CUDA error: : CUDA_ERROR_ILLEGAL_ADDRESS: an illegal memory access was encountered
E1008 01:03:19.040847 2104612 cuda_executor.cc:279] [0] failed to unload module 0x5d0abf73b9b0; leaking: INTERNAL: CUDA error: : CUDA_ERROR_ILLEGAL_ADDRESS: an illegal memory access was encountered
E1008 01:03:19.041323 2104612 cuda_executor.cc:279] [0] failed to unload module 0x5d0abdb9ad90; leaking: INTERNAL: CUDA error: : CUDA_ERROR_ILLEGAL_ADDRESS: an illegal memory access was encountered
E1008 01:03:19.041647 2104612 cuda_executor.cc:279] [0] failed to unload module 0x5d0ab32ece10; leaking: INTERNAL: CUDA error: : CUDA_ERROR_ILLEGAL_ADDRESS: an illegal memory access was encountered
E1008 01:03:19.041946 2104612 cuda_executor.cc:279] [0] failed to unload module 0x5d0ab4caee50; leaking: INTERNAL: CUDA error: : CUDA_ERROR_ILLEGAL_ADDRESS: an illegal memory access was encountered
E1008 01:03:19.042373 2104612 cuda_executor.cc:279] [0] failed to unload module 0x5d0abf9a89a0; leaking: INTERNAL: CUDA error: : CUDA_ERROR_ILLEGAL_ADDRESS: an illegal memory access was encountered
E1008 01:03:19.042656 2104612 cuda_executor.cc:279] [0] failed to unload module 0x5d0a8cdcd9d0; leaking: INTERNAL: CUDA error: : CUDA_ERROR_ILLEGAL_ADDRESS: an illegal memory access was encountered
E1008 01:03:19.043009 2104612 cuda_executor.cc:279] [0] failed to unload module 0x5d0a5e310ec0; leaking: INTERNAL: CUDA error: : CUDA_ERROR_ILLEGAL_ADDRESS: an illegal memory access was encountered
E1008 01:03:19.043326 2104612 cuda_executor.cc:279] [0] failed to unload module 0x5d0abfe93330; leaking: INTERNAL: CUDA error: : CUDA_ERROR_ILLEGAL_ADDRESS: an illegal memory access was encountered
E1008 01:03:19.043824 2104612 cuda_executor.cc:279] [0] failed to unload module 0x5d0aacd4f890; leaking: INTERNAL: CUDA error: : CUDA_ERROR_ILLEGAL_ADDRESS: an illegal memory access was encountered
E1008 01:03:19.044021 2104612 cuda_executor.cc:279] [0] failed to unload module 0x5d0aacba0070; leaking: INTERNAL: CUDA error: : CUDA_ERROR_ILLEGAL_ADDRESS: an illegal memory access was encountered
E1008 01:03:19.044332 2104612 cuda_executor.cc:279] [0] failed to unload module 0x5d0ac00dbe90; leaking: INTERNAL: CUDA error: : CUDA_ERROR_ILLEGAL_ADDRESS: an illegal memory access was encountered
E1008 01:03:19.044676 2104612 cuda_executor.cc:279] [0] failed to unload module 0x5d0ad99f3b50; leaking: INTERNAL: CUDA error: : CUDA_ERROR_ILLEGAL_ADDRESS: an illegal memory access was encountered
E1008 01:03:19.044984 2104612 cuda_executor.cc:279] [0] failed to unload module 0x5d0abe5f1be0; leaking: INTERNAL: CUDA error: : CUDA_ERROR_ILLEGAL_ADDRESS: an illegal memory access was encountered
E1008 01:03:19.045327 2104612 cuda_executor.cc:279] [0] failed to unload module 0x5d0abcc86200; leaking: INTERNAL: CUDA error: : CUDA_ERROR_ILLEGAL_ADDRESS: an illegal memory access was encountered
E1008 01:03:19.045684 2104612 cuda_executor.cc:279] [0] failed to unload module 0x5d0a87c7d1e0; leaking: INTERNAL: CUDA error: : CUDA_ERROR_ILLEGAL_ADDRESS: an illegal memory access was encountered
E1008 01:03:19.046006 2104612 cuda_executor.cc:279] [0] failed to unload module 0x5d0a5cea98d0; leaking: INTERNAL: CUDA error: : CUDA_ERROR_ILLEGAL_ADDRESS: an illegal memory access was encountered
E1008 01:03:19.046480 2104612 cuda_executor.cc:279] [0] failed to unload module 0x5d0a56f11df0; leaking: INTERNAL: CUDA error: : CUDA_ERROR_ILLEGAL_ADDRESS: an illegal memory access was encountered
E1008 01:03:19.046852 2104612 cuda_executor.cc:279] [0] failed to unload module 0x5d0ac05fd2d0; leaking: INTERNAL: CUDA error: : CUDA_ERROR_ILLEGAL_ADDRESS: an illegal memory access was encountered
E1008 01:03:19.047205 2104612 cuda_executor.cc:279] [0] failed to unload module 0x7f4b54022110; leaking: INTERNAL: CUDA error: : CUDA_ERROR_ILLEGAL_ADDRESS: an illegal memory access was encountered
E1008 01:03:19.047513 2104612 cuda_executor.cc:279] [0] failed to unload module 0x5d0ab2675da0; leaking: INTERNAL: CUDA error: : CUDA_ERROR_ILLEGAL_ADDRESS: an illegal memory access was encountered
E1008 01:03:19.047788 2104612 cuda_executor.cc:279] [0] failed to unload module 0x5d0ad5cf22c0; leaking: INTERNAL: CUDA error: : CUDA_ERROR_ILLEGAL_ADDRESS: an illegal memory access was encountered
E1008 01:03:19.048258 2104612 cuda_executor.cc:279] [0] failed to unload module 0x5d0aae038590; leaking: INTERNAL: CUDA error: : CUDA_ERROR_ILLEGAL_ADDRESS: an illegal memory access was encountered
E1008 01:03:19.048580 2104612 cuda_executor.cc:279] [0] failed to unload module 0x5d0a57011a60; leaking: INTERNAL: CUDA error: : CUDA_ERROR_ILLEGAL_ADDRESS: an illegal memory access was encountered
E1008 01:03:19.048930 2104612 cuda_executor.cc:279] [0] failed to unload module 0x5d0a3a0e6de0; leaking: INTERNAL: CUDA error: : CUDA_ERROR_ILLEGAL_ADDRESS: an illegal memory access was encountered
E1008 01:03:19.049188 2104612 cuda_executor.cc:279] [0] failed to unload module 0x5d0a4c7b9f00; leaking: INTERNAL: CUDA error: : CUDA_ERROR_ILLEGAL_ADDRESS: an illegal memory access was encountered
E1008 01:03:19.049523 2104612 cuda_executor.cc:279] [0] failed to unload module 0x5d0a5e4283c0; leaking: INTERNAL: CUDA error: : CUDA_ERROR_ILLEGAL_ADDRESS: an illegal memory access was encountered
E1008 01:03:19.049974 2104612 cuda_executor.cc:279] [0] failed to unload module 0x5d0ab2816740; leaking: INTERNAL: CUDA error: : CUDA_ERROR_ILLEGAL_ADDRESS: an illegal memory access was encountered
E1008 01:03:19.050329 2104612 cuda_executor.cc:279] [0] failed to unload module 0x5d0a8cffbf00; leaking: INTERNAL: CUDA error: : CUDA_ERROR_ILLEGAL_ADDRESS: an illegal memory access was encountered
E1008 01:03:19.050692 2104612 cuda_executor.cc:279] [0] failed to unload module 0x5d0ad531f620; leaking: INTERNAL: CUDA error: : CUDA_ERROR_ILLEGAL_ADDRESS: an illegal memory access was encountered
E1008 01:03:19.051057 2104612 cuda_executor.cc:279] [0] failed to unload module 0x5d0a4a4d63f0; leaking: INTERNAL: CUDA error: : CUDA_ERROR_ILLEGAL_ADDRESS: an illegal memory access was encountered
E1008 01:03:19.051386 2104612 cuda_executor.cc:279] [0] failed to unload module 0x5d0abd2060f0; leaking: INTERNAL: CUDA error: : CUDA_ERROR_ILLEGAL_ADDRESS: an illegal memory access was encountered
E1008 01:03:19.051736 2104612 cuda_executor.cc:279] [0] failed to unload module 0x5d0abddcd8e0; leaking: INTERNAL: CUDA error: : CUDA_ERROR_ILLEGAL_ADDRESS: an illegal memory access was encountered
E1008 01:03:19.052082 2104612 cuda_executor.cc:279] [0] failed to unload module 0x5d0a5d040040; leaking: INTERNAL: CUDA error: : CUDA_ERROR_ILLEGAL_ADDRESS: an illegal memory access was encountered
E1008 01:03:19.052546 2104612 cuda_executor.cc:279] [0] failed to unload module 0x5d0ab4d017b0; leaking: INTERNAL: CUDA error: : CUDA_ERROR_ILLEGAL_ADDRESS: an illegal memory access was encountered
E1008 01:03:19.053140 2104612 cuda_executor.cc:279] [0] failed to unload module 0x5d0a87f28590; leaking: INTERNAL: CUDA error: : CUDA_ERROR_ILLEGAL_ADDRESS: an illegal memory access was encountered
E1008 01:03:19.053385 2104612 cuda_executor.cc:279] [0] failed to unload module 0x5d0aacf45cd0; leaking: INTERNAL: CUDA error: : CUDA_ERROR_ILLEGAL_ADDRESS: an illegal memory access was encountered
E1008 01:03:19.053627 2104612 cuda_executor.cc:279] [0] failed to unload module 0x5d0ad99cbfe0; leaking: INTERNAL: CUDA error: : CUDA_ERROR_ILLEGAL_ADDRESS: an illegal memory access was encountered
E1008 01:03:19.054146 2104612 cuda_executor.cc:279] [0] failed to unload module 0x5d0ab3419840; leaking: INTERNAL: CUDA error: : CUDA_ERROR_ILLEGAL_ADDRESS: an illegal memory access was encountered
E1008 01:03:19.054527 2104612 cuda_executor.cc:279] [0] failed to unload module 0x5d0ab4e91a40; leaking: INTERNAL: CUDA error: : CUDA_ERROR_ILLEGAL_ADDRESS: an illegal memory access was encountered
E1008 01:03:19.054945 2104612 cuda_executor.cc:279] [0] failed to unload module 0x5d0ab63e9770; leaking: INTERNAL: CUDA error: : CUDA_ERROR_ILLEGAL_ADDRESS: an illegal memory access was encountered
E1008 01:03:19.055313 2104612 cuda_executor.cc:279] [0] failed to unload module 0x7f4b78018e40; leaking: INTERNAL: CUDA error: : CUDA_ERROR_ILLEGAL_ADDRESS: an illegal memory access was encountered
E1008 01:03:19.055734 2104612 cuda_executor.cc:279] [0] failed to unload module 0x5d0a4c7b2dc0; leaking: INTERNAL: CUDA error: : CUDA_ERROR_ILLEGAL_ADDRESS: an illegal memory access was encountered
E1008 01:03:19.056338 2104612 cuda_executor.cc:279] [0] failed to unload module 0x5d0a4a98cdb0; leaking: INTERNAL: CUDA error: : CUDA_ERROR_ILLEGAL_ADDRESS: an illegal memory access was encountered
E1008 01:03:19.057188 2104612 cuda_executor.cc:279] [0] failed to unload module 0x5d0a57181e90; leaking: INTERNAL: CUDA error: : CUDA_ERROR_ILLEGAL_ADDRESS: an illegal memory access was encountered
E1008 01:03:19.057470 2104612 cuda_executor.cc:279] [0] failed to unload module 0x5d0a5ceba1b0; leaking: INTERNAL: CUDA error: : CUDA_ERROR_ILLEGAL_ADDRESS: an illegal memory access was encountered
E1008 01:03:19.057785 2104612 cuda_executor.cc:279] [0] failed to unload module 0x5d0ab4d01c80; leaking: INTERNAL: CUDA error: : CUDA_ERROR_ILLEGAL_ADDRESS: an illegal memory access was encountered
E1008 01:03:19.058184 2104612 cuda_executor.cc:279] [0] failed to unload module 0x5d0abd557ff0; leaking: INTERNAL: CUDA error: : CUDA_ERROR_ILLEGAL_ADDRESS: an illegal memory access was encountered
E1008 01:03:19.058511 2104612 cuda_executor.cc:279] [0] failed to unload module 0x5d0ab2721bb0; leaking: INTERNAL: CUDA error: : CUDA_ERROR_ILLEGAL_ADDRESS: an illegal memory access was encountered
E1008 01:03:19.058786 2104612 cuda_executor.cc:279] [0] failed to unload module 0x5d0ab3573580; leaking: INTERNAL: CUDA error: : CUDA_ERROR_ILLEGAL_ADDRESS: an illegal memory access was encountered
E1008 01:03:19.059115 2104612 cuda_executor.cc:279] [0] failed to unload module 0x5d0aac687310; leaking: INTERNAL: CUDA error: : CUDA_ERROR_ILLEGAL_ADDRESS: an illegal memory access was encountered
E1008 01:03:19.059449 2104612 cuda_executor.cc:279] [0] failed to unload module 0x5d0abdced070; leaking: INTERNAL: CUDA error: : CUDA_ERROR_ILLEGAL_ADDRESS: an illegal memory access was encountered
E1008 01:03:19.059852 2104612 cuda_executor.cc:279] [0] failed to unload module 0x5d0abea849f0; leaking: INTERNAL: CUDA error: : CUDA_ERROR_ILLEGAL_ADDRESS: an illegal memory access was encountered
E1008 01:03:19.060357 2104612 cuda_executor.cc:279] [0] failed to unload module 0x5d0a5093b010; leaking: INTERNAL: CUDA error: : CUDA_ERROR_ILLEGAL_ADDRESS: an illegal memory access was encountered
E1008 01:03:19.060892 2104612 cuda_executor.cc:279] [0] failed to unload module 0x5d0a3ecd9140; leaking: INTERNAL: CUDA error: : CUDA_ERROR_ILLEGAL_ADDRESS: an illegal memory access was encountered
E1008 01:03:19.061179 2104612 cuda_executor.cc:279] [0] failed to unload module 0x5d0ad5ef16c0; leaking: INTERNAL: CUDA error: : CUDA_ERROR_ILLEGAL_ADDRESS: an illegal memory access was encountered
E1008 01:03:19.061500 2104612 cuda_executor.cc:279] [0] failed to unload module 0x5d0ad99d1f10; leaking: INTERNAL: CUDA error: : CUDA_ERROR_ILLEGAL_ADDRESS: an illegal memory access was encountered
E1008 01:03:19.061855 2104612 cuda_executor.cc:279] [0] failed to unload module 0x5d0a5e4270a0; leaking: INTERNAL: CUDA error: : CUDA_ERROR_ILLEGAL_ADDRESS: an illegal memory access was encountered
E1008 01:03:19.062145 2104612 cuda_executor.cc:279] [0] failed to unload module 0x5d0a8807e930; leaking: INTERNAL: CUDA error: : CUDA_ERROR_ILLEGAL_ADDRESS: an illegal memory access was encountered
E1008 01:03:19.062530 2104612 cuda_executor.cc:279] [0] failed to unload module 0x5d0a8d285530; leaking: INTERNAL: CUDA error: : CUDA_ERROR_ILLEGAL_ADDRESS: an illegal memory access was encountered
E1008 01:03:19.062901 2104612 cuda_executor.cc:279] [0] failed to unload module 0x5d0aacc99cf0; leaking: INTERNAL: CUDA error: : CUDA_ERROR_ILLEGAL_ADDRESS: an illegal memory access was encountered
E1008 01:03:19.063233 2104612 cuda_executor.cc:279] [0] failed to unload module 0x5d0ad5d458e0; leaking: INTERNAL: CUDA error: : CUDA_ERROR_ILLEGAL_ADDRESS: an illegal memory access was encountered
E1008 01:03:19.063673 2104612 cuda_executor.cc:279] [0] failed to unload module 0x5d0ab4d2a670; leaking: INTERNAL: CUDA error: : CUDA_ERROR_ILLEGAL_ADDRESS: an illegal memory access was encountered
E1008 01:03:19.064388 2104612 cuda_executor.cc:279] [0] failed to unload module 0x5d0abedf0fb0; leaking: INTERNAL: CUDA error: : CUDA_ERROR_ILLEGAL_ADDRESS: an illegal memory access was encountered
E1008 01:03:19.064788 2104612 cuda_executor.cc:279] [0] failed to unload module 0x7f4b8c0088f0; leaking: INTERNAL: CUDA error: : CUDA_ERROR_ILLEGAL_ADDRESS: an illegal memory access was encountered
E1008 01:03:19.065207 2104612 cuda_executor.cc:279] [0] failed to unload module 0x5d0a5d858d60; leaking: INTERNAL: CUDA error: : CUDA_ERROR_ILLEGAL_ADDRESS: an illegal memory access was encountered
E1008 01:03:19.065777 2104612 cuda_executor.cc:279] [0] failed to unload module 0x5d0a3f198770; leaking: INTERNAL: CUDA error: : CUDA_ERROR_ILLEGAL_ADDRESS: an illegal memory access was encountered
E1008 01:03:19.066184 2104612 cuda_executor.cc:279] [0] failed to unload module 0x5d0a4a8ed9c0; leaking: INTERNAL: CUDA error: : CUDA_ERROR_ILLEGAL_ADDRESS: an illegal memory access was encountered
E1008 01:03:19.066607 2104612 cuda_executor.cc:279] [0] failed to unload module 0x5d0ab4d88820; leaking: INTERNAL: CUDA error: : CUDA_ERROR_ILLEGAL_ADDRESS: an illegal memory access was encountered
E1008 01:03:19.067056 2104612 cuda_executor.cc:279] [0] failed to unload module 0x5d0abd489ab0; leaking: INTERNAL: CUDA error: : CUDA_ERROR_ILLEGAL_ADDRESS: an illegal memory access was encountered
E1008 01:03:19.067410 2104612 cuda_executor.cc:279] [0] failed to unload module 0x5d0abe6d4bb0; leaking: INTERNAL: CUDA error: : CUDA_ERROR_ILLEGAL_ADDRESS: an illegal memory access was encountered
E1008 01:03:19.067886 2104612 cuda_executor.cc:279] [0] failed to unload module 0x5d0ad5f82a10; leaking: INTERNAL: CUDA error: : CUDA_ERROR_ILLEGAL_ADDRESS: an illegal memory access was encountered
E1008 01:03:19.068350 2104612 cuda_executor.cc:279] [0] failed to unload module 0x5d0ad99b21f0; leaking: INTERNAL: CUDA error: : CUDA_ERROR_ILLEGAL_ADDRESS: an illegal memory access was encountered
E1008 01:03:19.068759 2104612 cuda_executor.cc:279] [0] failed to unload module 0x5d0ad99f0850; leaking: INTERNAL: CUDA error: : CUDA_ERROR_ILLEGAL_ADDRESS: an illegal memory access was encountered
E1008 01:03:19.069525 2104612 cuda_executor.cc:279] [0] failed to unload module 0x5d0a378476c0; leaking: INTERNAL: CUDA error: : CUDA_ERROR_ILLEGAL_ADDRESS: an illegal memory access was encountered
E1008 01:03:19.070041 2104612 cuda_executor.cc:279] [0] failed to unload module 0x5d0a378463a0; leaking: INTERNAL: CUDA error: : CUDA_ERROR_ILLEGAL_ADDRESS: an illegal memory access was encountered
E1008 01:03:19.071258 2104612 cuda_executor.cc:279] [0] failed to unload module 0x5d0a80843af0; leaking: INTERNAL: CUDA error: : CUDA_ERROR_ILLEGAL_ADDRESS: an illegal memory access was encountered
E1008 01:03:19.071672 2104612 cuda_executor.cc:279] [0] failed to unload module 0x5d0a68a62ff0; leaking: INTERNAL: CUDA error: : CUDA_ERROR_ILLEGAL_ADDRESS: an illegal memory access was encountered
E1008 01:03:19.072379 2104612 cuda_executor.cc:279] [0] failed to unload module 0x5d0a721b4560; leaking: INTERNAL: CUDA error: : CUDA_ERROR_ILLEGAL_ADDRESS: an illegal memory access was encountered
E1008 01:03:19.072853 2104612 cuda_executor.cc:279] [0] failed to unload module 0x5d0a38b75c80; leaking: INTERNAL: CUDA error: : CUDA_ERROR_ILLEGAL_ADDRESS: an illegal memory access was encountered
E1008 01:03:19.073324 2104612 cuda_executor.cc:279] [0] failed to unload module 0x7f4b80003bf0; leaking: INTERNAL: CUDA error: : CUDA_ERROR_ILLEGAL_ADDRESS: an illegal memory access was encountered
E1008 01:03:19.073929 2104612 cuda_executor.cc:279] [0] failed to unload module 0x7f4bbc0045a0; leaking: INTERNAL: CUDA error: : CUDA_ERROR_ILLEGAL_ADDRESS: an illegal memory access was encountered
E1008 01:03:19.075117 2104612 cuda_executor.cc:279] [0] failed to unload module 0x5d0a563903c0; leaking: INTERNAL: CUDA error: : CUDA_ERROR_ILLEGAL_ADDRESS: an illegal memory access was encountered
E1008 01:03:19.077091 2104612 cuda_executor.cc:279] [0] failed to unload module 0x5d0a727e0420; leaking: INTERNAL: CUDA error: : CUDA_ERROR_ILLEGAL_ADDRESS: an illegal memory access was encountered
E1008 01:03:19.078401 2104612 cuda_executor.cc:279] [0] failed to unload module 0x5d0a87556220; leaking: INTERNAL: CUDA error: : CUDA_ERROR_ILLEGAL_ADDRESS: an illegal memory access was encountered
E1008 01:03:19.079062 2104612 cuda_executor.cc:279] [0] failed to unload module 0x5d0a55b2be40; leaking: INTERNAL: CUDA error: : CUDA_ERROR_ILLEGAL_ADDRESS: an illegal memory access was encountered
E1008 01:03:19.079327 2104612 cuda_executor.cc:279] [0] failed to unload module 0x5d0a8c0aa060; leaking: INTERNAL: CUDA error: : CUDA_ERROR_ILLEGAL_ADDRESS: an illegal memory access was encountered
E1008 01:03:19.079544 2104612 cuda_executor.cc:279] [0] failed to unload module 0x5d0a56122990; leaking: INTERNAL: CUDA error: : CUDA_ERROR_ILLEGAL_ADDRESS: an illegal memory access was encountered
E1008 01:03:19.080001 2104612 cuda_executor.cc:279] [0] failed to unload module 0x5d0a50d28980; leaking: INTERNAL: CUDA error: : CUDA_ERROR_ILLEGAL_ADDRESS: an illegal memory access was encountered
E1008 01:03:19.080754 2104612 cuda_executor.cc:279] [0] failed to unload module 0x5d0a5db33840; leaking: INTERNAL: CUDA error: : CUDA_ERROR_ILLEGAL_ADDRESS: an illegal memory access was encountered
E1008 01:03:19.081428 2104612 cuda_executor.cc:279] [0] failed to unload module 0x5d0a51d3dcc0; leaking: INTERNAL: CUDA error: : CUDA_ERROR_ILLEGAL_ADDRESS: an illegal memory access was encountered
E1008 01:03:19.082091 2104612 cuda_executor.cc:279] [0] failed to unload module 0x5d0a550eabd0; leaking: INTERNAL: CUDA error: : CUDA_ERROR_ILLEGAL_ADDRESS: an illegal memory access was encountered
E1008 01:03:19.083210 2104612 cuda_executor.cc:279] [0] failed to unload module 0x5d0a55ba8ea0; leaking: INTERNAL: CUDA error: : CUDA_ERROR_ILLEGAL_ADDRESS: an illegal memory access was encountered
E1008 01:03:19.083747 2104612 cuda_executor.cc:279] [0] failed to unload module 0x5d0a8bb4e880; leaking: INTERNAL: CUDA error: : CUDA_ERROR_ILLEGAL_ADDRESS: an illegal memory access was encountered
E1008 01:03:19.084297 2104612 cuda_executor.cc:279] [0] failed to unload module 0x5d0ac4dc7a20; leaking: INTERNAL: CUDA error: : CUDA_ERROR_ILLEGAL_ADDRESS: an illegal memory access was encountered
E1008 01:03:19.085383 2104612 cuda_executor.cc:279] [0] failed to unload module 0x5d0ade007460; leaking: INTERNAL: CUDA error: : CUDA_ERROR_ILLEGAL_ADDRESS: an illegal memory access was encountered
E1008 01:03:19.085952 2104612 cuda_executor.cc:279] [0] failed to unload module 0x5d0a552289a0; leaking: INTERNAL: CUDA error: : CUDA_ERROR_ILLEGAL_ADDRESS: an illegal memory access was encountered
E1008 01:03:19.086254 2104612 cuda_executor.cc:279] [0] failed to unload module 0x5d0a55e305c0; leaking: INTERNAL: CUDA error: : CUDA_ERROR_ILLEGAL_ADDRESS: an illegal memory access was encountered
E1008 01:03:19.086633 2104612 cuda_executor.cc:279] [0] failed to unload module 0x5d0a7f77a760; leaking: INTERNAL: CUDA error: : CUDA_ERROR_ILLEGAL_ADDRESS: an illegal memory access was encountered
E1008 01:03:19.087223 2104612 cuda_executor.cc:279] [0] failed to unload module 0x5d0a5cbdc690; leaking: INTERNAL: CUDA error: : CUDA_ERROR_ILLEGAL_ADDRESS: an illegal memory access was encountered
E1008 01:03:19.087750 2104612 cuda_executor.cc:279] [0] failed to unload module 0x5d0a7fd91210; leaking: INTERNAL: CUDA error: : CUDA_ERROR_ILLEGAL_ADDRESS: an illegal memory access was encountered
E1008 01:03:19.088375 2104612 cuda_executor.cc:279] [0] failed to unload module 0x5d0a503c4b80; leaking: INTERNAL: CUDA error: : CUDA_ERROR_ILLEGAL_ADDRESS: an illegal memory access was encountered
E1008 01:03:19.088690 2104612 cuda_executor.cc:279] [0] failed to unload module 0x5d0ac55d39c0; leaking: INTERNAL: CUDA error: : CUDA_ERROR_ILLEGAL_ADDRESS: an illegal memory access was encountered
E1008 01:03:19.089010 2104612 cuda_executor.cc:279] [0] failed to unload module 0x5d0a6e6e6fb0; leaking: INTERNAL: CUDA error: : CUDA_ERROR_ILLEGAL_ADDRESS: an illegal memory access was encountered
E1008 01:03:19.089356 2104612 cuda_executor.cc:279] [0] failed to unload module 0x5d0a50a24450; leaking: INTERNAL: CUDA error: : CUDA_ERROR_ILLEGAL_ADDRESS: an illegal memory access was encountered
E1008 01:03:19.089662 2104612 cuda_executor.cc:279] [0] failed to unload module 0x5d0a90fb1190; leaking: INTERNAL: CUDA error: : CUDA_ERROR_ILLEGAL_ADDRESS: an illegal memory access was encountered
E1008 01:03:19.090044 2104612 cuda_executor.cc:279] [0] failed to unload module 0x5d0a4be41c20; leaking: INTERNAL: CUDA error: : CUDA_ERROR_ILLEGAL_ADDRESS: an illegal memory access was encountered
E1008 01:03:19.090552 2104612 cuda_executor.cc:279] [0] failed to unload module 0x5d0a6e1fce00; leaking: INTERNAL: CUDA error: : CUDA_ERROR_ILLEGAL_ADDRESS: an illegal memory access was encountered
E1008 01:03:19.092023 2104612 cuda_executor.cc:279] [0] failed to unload module 0x5d0a8fa1a3b0; leaking: INTERNAL: CUDA error: : CUDA_ERROR_ILLEGAL_ADDRESS: an illegal memory access was encountered
E1008 01:03:19.092671 2104612 cuda_executor.cc:279] [0] failed to unload module 0x5d0abc4d71c0; leaking: INTERNAL: CUDA error: : CUDA_ERROR_ILLEGAL_ADDRESS: an illegal memory access was encountered
E1008 01:03:19.093046 2104612 cuda_executor.cc:279] [0] failed to unload module 0x5d0a8017f150; leaking: INTERNAL: CUDA error: : CUDA_ERROR_ILLEGAL_ADDRESS: an illegal memory access was encountered
E1008 01:03:19.094523 2104612 cuda_executor.cc:279] [0] failed to unload module 0x5d0ad8e78040; leaking: INTERNAL: CUDA error: : CUDA_ERROR_ILLEGAL_ADDRESS: an illegal memory access was encountered
E1008 01:03:19.095561 2104612 cuda_executor.cc:279] [0] failed to unload module 0x5d0ac1f8f180; leaking: INTERNAL: CUDA error: : CUDA_ERROR_ILLEGAL_ADDRESS: an illegal memory access was encountered
E1008 01:03:19.096092 2104612 cuda_executor.cc:279] [0] failed to unload module 0x5d0ac59b1810; leaking: INTERNAL: CUDA error: : CUDA_ERROR_ILLEGAL_ADDRESS: an illegal memory access was encountered
E1008 01:03:19.096523 2104612 cuda_executor.cc:279] [0] failed to unload module 0x5d0adc5d81a0; leaking: INTERNAL: CUDA error: : CUDA_ERROR_ILLEGAL_ADDRESS: an illegal memory access was encountered
E1008 01:03:19.133086 2104612 cuda_executor.cc:279] [0] failed to unload module 0x5d0ac9463870; leaking: INTERNAL: CUDA error: : CUDA_ERROR_ILLEGAL_ADDRESS: an illegal memory access was encountered
E1008 01:03:19.135379 2104612 cuda_executor.cc:279] [0] failed to unload module 0x5d0a68b11300; leaking: INTERNAL: CUDA error: : CUDA_ERROR_ILLEGAL_ADDRESS: an illegal memory access was encountered
E1008 01:03:19.136126 2104612 cuda_executor.cc:279] [0] failed to unload module 0x5d0a8ad9c910; leaking: INTERNAL: CUDA error: : CUDA_ERROR_ILLEGAL_ADDRESS: an illegal memory access was encountered
E1008 01:03:19.136687 2104612 cuda_executor.cc:279] [0] failed to unload module 0x5d0acbf224c0; leaking: INTERNAL: CUDA error: : CUDA_ERROR_ILLEGAL_ADDRESS: an illegal memory access was encountered
E1008 01:03:19.137302 2104612 cuda_executor.cc:279] [0] failed to unload module 0x5d0adb24a380; leaking: INTERNAL: CUDA error: : CUDA_ERROR_ILLEGAL_ADDRESS: an illegal memory access was encountered
E1008 01:03:19.137897 2104612 cuda_executor.cc:279] [0] failed to unload module 0x5d0a8fe59690; leaking: INTERNAL: CUDA error: : CUDA_ERROR_ILLEGAL_ADDRESS: an illegal memory access was encountered
E1008 01:03:19.138319 2104612 cuda_executor.cc:279] [0] failed to unload module 0x5d0acb6e8bc0; leaking: INTERNAL: CUDA error: : CUDA_ERROR_ILLEGAL_ADDRESS: an illegal memory access was encountered
E1008 01:03:19.138561 2104612 cuda_executor.cc:279] [0] failed to unload module 0x5d0a3f5142a0; leaking: INTERNAL: CUDA error: : CUDA_ERROR_ILLEGAL_ADDRESS: an illegal memory access was encountered
E1008 01:03:19.139964 2104612 cuda_executor.cc:279] [0] failed to unload module 0x5d0a81e2b100; leaking: INTERNAL: CUDA error: : CUDA_ERROR_ILLEGAL_ADDRESS: an illegal memory access was encountered
E1008 01:03:19.142534 2104612 cuda_executor.cc:279] [0] failed to unload module 0x5d0a5f7b5ad0; leaking: INTERNAL: CUDA error: : CUDA_ERROR_ILLEGAL_ADDRESS: an illegal memory access was encountered
E1008 01:03:19.143739 2104612 cuda_executor.cc:279] [0] failed to unload module 0x5d0a5c66b250; leaking: INTERNAL: CUDA error: : CUDA_ERROR_ILLEGAL_ADDRESS: an illegal memory access was encountered
E1008 01:03:19.144510 2104612 cuda_executor.cc:279] [0] failed to unload module 0x5d0a5603a7e0; leaking: INTERNAL: CUDA error: : CUDA_ERROR_ILLEGAL_ADDRESS: an illegal memory access was encountered
E1008 01:03:19.145103 2104612 cuda_executor.cc:279] [0] failed to unload module 0x5d0a733037a0; leaking: INTERNAL: CUDA error: : CUDA_ERROR_ILLEGAL_ADDRESS: an illegal memory access was encountered
E1008 01:03:19.146020 2104612 cuda_executor.cc:279] [0] failed to unload module 0x5d0a905545b0; leaking: INTERNAL: CUDA error: : CUDA_ERROR_ILLEGAL_ADDRESS: an illegal memory access was encountered
E1008 01:03:19.146951 2104612 cuda_executor.cc:279] [0] failed to unload module 0x5d0a60779cc0; leaking: INTERNAL: CUDA error: : CUDA_ERROR_ILLEGAL_ADDRESS: an illegal memory access was encountered
E1008 01:03:19.147608 2104612 cuda_executor.cc:279] [0] failed to unload module 0x5d0a563133d0; leaking: INTERNAL: CUDA error: : CUDA_ERROR_ILLEGAL_ADDRESS: an illegal memory access was encountered
E1008 01:03:19.148244 2104612 cuda_executor.cc:279] [0] failed to unload module 0x5d0a4ad66850; leaking: INTERNAL: CUDA error: : CUDA_ERROR_ILLEGAL_ADDRESS: an illegal memory access was encountered
E1008 01:03:19.148742 2104612 cuda_executor.cc:279] [0] failed to unload module 0x5d0a4b8190c0; leaking: INTERNAL: CUDA error: : CUDA_ERROR_ILLEGAL_ADDRESS: an illegal memory access was encountered
E1008 01:03:19.149953 2104612 cuda_executor.cc:279] [0] failed to unload module 0x5d0a5b89eb10; leaking: INTERNAL: CUDA error: : CUDA_ERROR_ILLEGAL_ADDRESS: an illegal memory access was encountered
E1008 01:03:19.150721 2104612 cuda_executor.cc:279] [0] failed to unload module 0x5d0acb3780e0; leaking: INTERNAL: CUDA error: : CUDA_ERROR_ILLEGAL_ADDRESS: an illegal memory access was encountered
E1008 01:03:19.151266 2104612 cuda_executor.cc:279] [0] failed to unload module 0x5d0a72b766c0; leaking: INTERNAL: CUDA error: : CUDA_ERROR_ILLEGAL_ADDRESS: an illegal memory access was encountered
E1008 01:03:19.151655 2104612 cuda_executor.cc:279] [0] failed to unload module 0x5d0a7605e300; leaking: INTERNAL: CUDA error: : CUDA_ERROR_ILLEGAL_ADDRESS: an illegal memory access was encountered
E1008 01:03:19.152221 2104612 cuda_executor.cc:279] [0] failed to unload module 0x5d0ac673f6c0; leaking: INTERNAL: CUDA error: : CUDA_ERROR_ILLEGAL_ADDRESS: an illegal memory access was encountered
E1008 01:03:19.152644 2104612 cuda_executor.cc:279] [0] failed to unload module 0x5d0a8b2c1f90; leaking: INTERNAL: CUDA error: : CUDA_ERROR_ILLEGAL_ADDRESS: an illegal memory access was encountered
E1008 01:03:19.153780 2104612 cuda_executor.cc:279] [0] failed to unload module 0x5d0a4c7b3a10; leaking: INTERNAL: CUDA error: : CUDA_ERROR_ILLEGAL_ADDRESS: an illegal memory access was encountered
E1008 01:03:19.154278 2104612 cuda_executor.cc:279] [0] failed to unload module 0x5d0a4e003e60; leaking: INTERNAL: CUDA error: : CUDA_ERROR_ILLEGAL_ADDRESS: an illegal memory access was encountered
E1008 01:03:19.155033 2104612 cuda_executor.cc:279] [0] failed to unload module 0x5d0ab539d870; leaking: INTERNAL: CUDA error: : CUDA_ERROR_ILLEGAL_ADDRESS: an illegal memory access was encountered
E1008 01:03:19.155673 2104612 cuda_executor.cc:279] [0] failed to unload module 0x5d0a8ef4b4b0; leaking: INTERNAL: CUDA error: : CUDA_ERROR_ILLEGAL_ADDRESS: an illegal memory access was encountered
E1008 01:03:19.156369 2104612 cuda_executor.cc:279] [0] failed to unload module 0x5d0a3fba8580; leaking: INTERNAL: CUDA error: : CUDA_ERROR_ILLEGAL_ADDRESS: an illegal memory access was encountered
E1008 01:03:19.156994 2104612 cuda_executor.cc:279] [0] failed to unload module 0x5d0abda28880; leaking: INTERNAL: CUDA error: : CUDA_ERROR_ILLEGAL_ADDRESS: an illegal memory access was encountered
E1008 01:03:19.157449 2104612 cuda_executor.cc:279] [0] failed to unload module 0x5d0a8efb0d80; leaking: INTERNAL: CUDA error: : CUDA_ERROR_ILLEGAL_ADDRESS: an illegal memory access was encountered
E1008 01:03:19.158183 2104612 cuda_executor.cc:279] [0] failed to unload module 0x5d0a4e7ac000; leaking: INTERNAL: CUDA error: : CUDA_ERROR_ILLEGAL_ADDRESS: an illegal memory access was encountered
E1008 01:03:19.158647 2104612 cuda_executor.cc:279] [0] failed to unload module 0x5d0a5ef94af0; leaking: INTERNAL: CUDA error: : CUDA_ERROR_ILLEGAL_ADDRESS: an illegal memory access was encountered
E1008 01:03:19.158840 2104612 cuda_executor.cc:279] [0] failed to unload module 0x5d0ad99f4620; leaking: INTERNAL: CUDA error: : CUDA_ERROR_ILLEGAL_ADDRESS: an illegal memory access was encountered
E1008 01:03:19.159448 2104612 cuda_executor.cc:279] [0] failed to unload module 0x5d0a58ac5ca0; leaking: INTERNAL: CUDA error: : CUDA_ERROR_ILLEGAL_ADDRESS: an illegal memory access was encountered
E1008 01:03:19.160293 2104612 cuda_executor.cc:279] [0] failed to unload module 0x5d0ad9130240; leaking: INTERNAL: CUDA error: : CUDA_ERROR_ILLEGAL_ADDRESS: an illegal memory access was encountered
E1008 01:03:19.160879 2104612 cuda_executor.cc:279] [0] failed to unload module 0x5d0a5fb58dd0; leaking: INTERNAL: CUDA error: : CUDA_ERROR_ILLEGAL_ADDRESS: an illegal memory access was encountered
E1008 01:03:19.161376 2104612 cuda_executor.cc:279] [0] failed to unload module 0x5d0a5b10be40; leaking: INTERNAL: CUDA error: : CUDA_ERROR_ILLEGAL_ADDRESS: an illegal memory access was encountered
E1008 01:03:19.161926 2104612 cuda_executor.cc:279] [0] failed to unload module 0x5d0a3fd8e7d0; leaking: INTERNAL: CUDA error: : CUDA_ERROR_ILLEGAL_ADDRESS: an illegal memory access was encountered
E1008 01:03:19.162637 2104612 cuda_executor.cc:279] [0] failed to unload module 0x5d0a74f58440; leaking: INTERNAL: CUDA error: : CUDA_ERROR_ILLEGAL_ADDRESS: an illegal memory access was encountered
E1008 01:03:19.163207 2104612 cuda_executor.cc:279] [0] failed to unload module 0x5d0a8e741750; leaking: INTERNAL: CUDA error: : CUDA_ERROR_ILLEGAL_ADDRESS: an illegal memory access was encountered
E1008 01:03:19.163919 2104612 cuda_executor.cc:279] [0] failed to unload module 0x5d0adb6813c0; leaking: INTERNAL: CUDA error: : CUDA_ERROR_ILLEGAL_ADDRESS: an illegal memory access was encountered
E1008 01:03:19.164406 2104612 cuda_executor.cc:279] [0] failed to unload module 0x5d0a4eda3a10; leaking: INTERNAL: CUDA error: : CUDA_ERROR_ILLEGAL_ADDRESS: an illegal memory access was encountered
E1008 01:03:19.164966 2104612 cuda_executor.cc:279] [0] failed to unload module 0x5d0a4c56a5c0; leaking: INTERNAL: CUDA error: : CUDA_ERROR_ILLEGAL_ADDRESS: an illegal memory access was encountered
E1008 01:03:19.165658 2104612 cuda_executor.cc:279] [0] failed to unload module 0x5d0adb723720; leaking: INTERNAL: CUDA error: : CUDA_ERROR_ILLEGAL_ADDRESS: an illegal memory access was encountered
E1008 01:03:19.166339 2104612 cuda_executor.cc:279] [0] failed to unload module 0x5d0a3f674c20; leaking: INTERNAL: CUDA error: : CUDA_ERROR_ILLEGAL_ADDRESS: an illegal memory access was encountered
E1008 01:03:19.167214 2104612 cuda_executor.cc:279] [0] failed to unload module 0x5d0a403b8150; leaking: INTERNAL: CUDA error: : CUDA_ERROR_ILLEGAL_ADDRESS: an illegal memory access was encountered
E1008 01:03:19.167736 2104612 cuda_executor.cc:279] [0] failed to unload module 0x5d0a5526c6c0; leaking: INTERNAL: CUDA error: : CUDA_ERROR_ILLEGAL_ADDRESS: an illegal memory access was encountered
E1008 01:03:19.168258 2104612 cuda_executor.cc:279] [0] failed to unload module 0x5d0ac4dc7270; leaking: INTERNAL: CUDA error: : CUDA_ERROR_ILLEGAL_ADDRESS: an illegal memory access was encountered
E1008 01:03:19.168645 2104612 cuda_executor.cc:279] [0] failed to unload module 0x5d0abbc69700; leaking: INTERNAL: CUDA error: : CUDA_ERROR_ILLEGAL_ADDRESS: an illegal memory access was encountered
E1008 01:03:19.169061 2104612 cuda_executor.cc:279] [0] failed to unload module 0x5d0a747ed580; leaking: INTERNAL: CUDA error: : CUDA_ERROR_ILLEGAL_ADDRESS: an illegal memory access was encountered
E1008 01:03:19.169693 2104612 cuda_executor.cc:279] [0] failed to unload module 0x5d0a7b767110; leaking: INTERNAL: CUDA error: : CUDA_ERROR_ILLEGAL_ADDRESS: an illegal memory access was encountered
E1008 01:03:19.169975 2104612 cuda_executor.cc:279] [0] failed to unload module 0x5d0a81c32f90; leaking: INTERNAL: CUDA error: : CUDA_ERROR_ILLEGAL_ADDRESS: an illegal memory access was encountered
E1008 01:03:19.170308 2104612 cuda_executor.cc:279] [0] failed to unload module 0x5d0ab533c320; leaking: INTERNAL: CUDA error: : CUDA_ERROR_ILLEGAL_ADDRESS: an illegal memory access was encountered
E1008 01:03:19.171760 2104612 cuda_executor.cc:279] [0] failed to unload module 0x5d0a6b9ea230; leaking: INTERNAL: CUDA error: : CUDA_ERROR_ILLEGAL_ADDRESS: an illegal memory access was encountered
E1008 01:03:19.172415 2104612 cuda_executor.cc:279] [0] failed to unload module 0x5d0a79f97880; leaking: INTERNAL: CUDA error: : CUDA_ERROR_ILLEGAL_ADDRESS: an illegal memory access was encountered
E1008 01:03:19.173061 2104612 cuda_executor.cc:279] [0] failed to unload module 0x5d0a80ef0040; leaking: INTERNAL: CUDA error: : CUDA_ERROR_ILLEGAL_ADDRESS: an illegal memory access was encountered
E1008 01:03:19.173527 2104612 cuda_executor.cc:279] [0] failed to unload module 0x5d0a8072f960; leaking: INTERNAL: CUDA error: : CUDA_ERROR_ILLEGAL_ADDRESS: an illegal memory access was encountered
E1008 01:03:19.174570 2104612 cuda_executor.cc:279] [0] failed to unload module 0x5d0a73fe1e80; leaking: INTERNAL: CUDA error: : CUDA_ERROR_ILLEGAL_ADDRESS: an illegal memory access was encountered
E1008 01:03:19.175792 2104612 cuda_executor.cc:279] [0] failed to unload module 0x5d0a687647e0; leaking: INTERNAL: CUDA error: : CUDA_ERROR_ILLEGAL_ADDRESS: an illegal memory access was encountered
E1008 01:03:19.176574 2104612 cuda_executor.cc:279] [0] failed to unload module 0x5d0a7b46c8d0; leaking: INTERNAL: CUDA error: : CUDA_ERROR_ILLEGAL_ADDRESS: an illegal memory access was encountered
E1008 01:03:19.177174 2104612 cuda_executor.cc:279] [0] failed to unload module 0x5d0a75ea7130; leaking: INTERNAL: CUDA error: : CUDA_ERROR_ILLEGAL_ADDRESS: an illegal memory access was encountered
E1008 01:03:19.178532 2104612 cuda_executor.cc:279] [0] failed to unload module 0x5d0aacc83c00; leaking: INTERNAL: CUDA error: : CUDA_ERROR_ILLEGAL_ADDRESS: an illegal memory access was encountered
E1008 01:03:19.183531 2104612 cuda_executor.cc:279] [0] failed to unload module 0x5d0a8f07a990; leaking: INTERNAL: CUDA error: : CUDA_ERROR_ILLEGAL_ADDRESS: an illegal memory access was encountered
E1008 01:03:19.184555 2104612 cuda_executor.cc:279] [0] failed to unload module 0x5d0a5c7d5e00; leaking: INTERNAL: CUDA error: : CUDA_ERROR_ILLEGAL_ADDRESS: an illegal memory access was encountered
E1008 01:03:19.185109 2104612 cuda_executor.cc:279] [0] failed to unload module 0x5d0a4b990230; leaking: INTERNAL: CUDA error: : CUDA_ERROR_ILLEGAL_ADDRESS: an illegal memory access was encountered
E1008 01:03:19.185627 2104612 cuda_executor.cc:279] [0] failed to unload module 0x5d0a871ef840; leaking: INTERNAL: CUDA error: : CUDA_ERROR_ILLEGAL_ADDRESS: an illegal memory access was encountered
E1008 01:03:19.186244 2104612 cuda_executor.cc:279] [0] failed to unload module 0x5d0ac4aa0820; leaking: INTERNAL: CUDA error: : CUDA_ERROR_ILLEGAL_ADDRESS: an illegal memory access was encountered
E1008 01:03:19.186854 2104612 cuda_executor.cc:279] [0] failed to unload module 0x5d0a58a7fd40; leaking: INTERNAL: CUDA error: : CUDA_ERROR_ILLEGAL_ADDRESS: an illegal memory access was encountered
E1008 01:03:19.187137 2104612 cuda_executor.cc:279] [0] failed to unload module 0x5d0a56644180; leaking: INTERNAL: CUDA error: : CUDA_ERROR_ILLEGAL_ADDRESS: an illegal memory access was encountered
E1008 01:03:19.187642 2104612 cuda_executor.cc:279] [0] failed to unload module 0x5d0ad8c79d30; leaking: INTERNAL: CUDA error: : CUDA_ERROR_ILLEGAL_ADDRESS: an illegal memory access was encountered
E1008 01:03:19.188210 2104612 cuda_executor.cc:279] [0] failed to unload module 0x5d0a8b4dfd70; leaking: INTERNAL: CUDA error: : CUDA_ERROR_ILLEGAL_ADDRESS: an illegal memory access was encountered
E1008 01:03:19.188912 2104612 cuda_executor.cc:279] [0] failed to unload module 0x5d0abc0ab1b0; leaking: INTERNAL: CUDA error: : CUDA_ERROR_ILLEGAL_ADDRESS: an illegal memory access was encountered
E1008 01:03:19.189423 2104612 cuda_executor.cc:279] [0] failed to unload module 0x5d0ac4371090; leaking: INTERNAL: CUDA error: : CUDA_ERROR_ILLEGAL_ADDRESS: an illegal memory access was encountered
E1008 01:03:19.190936 2104612 cuda_executor.cc:279] [0] failed to unload module 0x5d0a87830cb0; leaking: INTERNAL: CUDA error: : CUDA_ERROR_ILLEGAL_ADDRESS: an illegal memory access was encountered
E1008 01:03:19.195750 2104612 cuda_executor.cc:279] [0] failed to unload module 0x5d0a567beb70; leaking: INTERNAL: CUDA error: : CUDA_ERROR_ILLEGAL_ADDRESS: an illegal memory access was encountered
E1008 01:03:19.196351 2104612 cuda_executor.cc:279] [0] failed to unload module 0x5d0a5757a7b0; leaking: INTERNAL: CUDA error: : CUDA_ERROR_ILLEGAL_ADDRESS: an illegal memory access was encountered
E1008 01:03:19.197203 2104612 cuda_executor.cc:279] [0] failed to unload module 0x5d0a56ba14c0; leaking: INTERNAL: CUDA error: : CUDA_ERROR_ILLEGAL_ADDRESS: an illegal memory access was encountered
E1008 01:03:19.197738 2104612 cuda_executor.cc:279] [0] failed to unload module 0x5d0a87b12a20; leaking: INTERNAL: CUDA error: : CUDA_ERROR_ILLEGAL_ADDRESS: an illegal memory access was encountered
E1008 01:03:19.198106 2104612 cuda_executor.cc:279] [0] failed to unload module 0x5d0ac4b60b10; leaking: INTERNAL: CUDA error: : CUDA_ERROR_ILLEGAL_ADDRESS: an illegal memory access was encountered
E1008 01:03:19.198340 2104612 cuda_executor.cc:279] [0] failed to unload module 0x5d0a87c5c7f0; leaking: INTERNAL: CUDA error: : CUDA_ERROR_ILLEGAL_ADDRESS: an illegal memory access was encountered
E1008 01:03:19.198827 2104612 cuda_executor.cc:279] [0] failed to unload module 0x5d0a56849cd0; leaking: INTERNAL: CUDA error: : CUDA_ERROR_ILLEGAL_ADDRESS: an illegal memory access was encountered
E1008 01:03:19.199310 2104612 cuda_executor.cc:279] [0] failed to unload module 0x7f4bc8050700; leaking: INTERNAL: CUDA error: : CUDA_ERROR_ILLEGAL_ADDRESS: an illegal memory access was encountered
E1008 01:03:19.199722 2104612 cuda_executor.cc:279] [0] failed to unload module 0x5d0ac95938f0; leaking: INTERNAL: CUDA error: : CUDA_ERROR_ILLEGAL_ADDRESS: an illegal memory access was encountered
E1008 01:03:19.202870 2104612 cuda_executor.cc:279] [0] failed to unload module 0x5d0a885349f0; leaking: INTERNAL: CUDA error: : CUDA_ERROR_ILLEGAL_ADDRESS: an illegal memory access was encountered
E1008 01:03:19.203403 2104612 cuda_executor.cc:279] [0] failed to unload module 0x5d0a5762e2a0; leaking: INTERNAL: CUDA error: : CUDA_ERROR_ILLEGAL_ADDRESS: an illegal memory access was encountered
E1008 01:03:19.204163 2104612 cuda_executor.cc:279] [0] failed to unload module 0x5d0a75516e20; leaking: INTERNAL: CUDA error: : CUDA_ERROR_ILLEGAL_ADDRESS: an illegal memory access was encountered
E1008 01:03:19.204672 2104612 cuda_executor.cc:279] [0] failed to unload module 0x5d0a57b789d0; leaking: INTERNAL: CUDA error: : CUDA_ERROR_ILLEGAL_ADDRESS: an illegal memory access was encountered
E1008 01:03:19.205195 2104612 cuda_executor.cc:279] [0] failed to unload module 0x5d0a7aefa890; leaking: INTERNAL: CUDA error: : CUDA_ERROR_ILLEGAL_ADDRESS: an illegal memory access was encountered
E1008 01:03:19.205698 2104612 cuda_executor.cc:279] [0] failed to unload module 0x5d0a88745030; leaking: INTERNAL: CUDA error: : CUDA_ERROR_ILLEGAL_ADDRESS: an illegal memory access was encountered
E1008 01:03:19.206216 2104612 cuda_executor.cc:279] [0] failed to unload module 0x5d0a81dc3810; leaking: INTERNAL: CUDA error: : CUDA_ERROR_ILLEGAL_ADDRESS: an illegal memory access was encountered
E1008 01:03:19.206516 2104612 cuda_executor.cc:279] [0] failed to unload module 0x5d0a51c89860; leaking: INTERNAL: CUDA error: : CUDA_ERROR_ILLEGAL_ADDRESS: an illegal memory access was encountered
E1008 01:03:19.206865 2104612 cuda_executor.cc:279] [0] failed to unload module 0x5d0a585fac80; leaking: INTERNAL: CUDA error: : CUDA_ERROR_ILLEGAL_ADDRESS: an illegal memory access was encountered
E1008 01:03:19.207449 2104612 cuda_executor.cc:279] [0] failed to unload module 0x5d0a907b4c40; leaking: INTERNAL: CUDA error: : CUDA_ERROR_ILLEGAL_ADDRESS: an illegal memory access was encountered
E1008 01:03:19.208137 2104612 cuda_executor.cc:279] [0] failed to unload module 0x5d0a738e59a0; leaking: INTERNAL: CUDA error: : CUDA_ERROR_ILLEGAL_ADDRESS: an illegal memory access was encountered
E1008 01:03:19.208478 2104612 cuda_executor.cc:279] [0] failed to unload module 0x5d0a8fbc02a0; leaking: INTERNAL: CUDA error: : CUDA_ERROR_ILLEGAL_ADDRESS: an illegal memory access was encountered
E1008 01:03:19.213343 2104612 cuda_executor.cc:279] [0] failed to unload module 0x5d0a4bdf7d30; leaking: INTERNAL: CUDA error: : CUDA_ERROR_ILLEGAL_ADDRESS: an illegal memory access was encountered
E1008 01:03:19.213768 2104612 cuda_executor.cc:279] [0] failed to unload module 0x5d0a8f41f4d0; leaking: INTERNAL: CUDA error: : CUDA_ERROR_ILLEGAL_ADDRESS: an illegal memory access was encountered
E1008 01:03:19.214242 2104612 cuda_executor.cc:279] [0] failed to unload module 0x5d0adb854980; leaking: INTERNAL: CUDA error: : CUDA_ERROR_ILLEGAL_ADDRESS: an illegal memory access was encountered
E1008 01:03:19.214933 2104612 cuda_executor.cc:279] [0] failed to unload module 0x5d0a5efe4550; leaking: INTERNAL: CUDA error: : CUDA_ERROR_ILLEGAL_ADDRESS: an illegal memory access was encountered
E1008 01:03:19.215609 2104612 cuda_executor.cc:279] [0] failed to unload module 0x5d0ab53b3f30; leaking: INTERNAL: CUDA error: : CUDA_ERROR_ILLEGAL_ADDRESS: an illegal memory access was encountered
E1008 01:03:19.216206 2104612 cuda_executor.cc:279] [0] failed to unload module 0x5d0a505cd0c0; leaking: INTERNAL: CUDA error: : CUDA_ERROR_ILLEGAL_ADDRESS: an illegal memory access was encountered
E1008 01:03:19.216745 2104612 cuda_executor.cc:279] [0] failed to unload module 0x5d0ade1cec90; leaking: INTERNAL: CUDA error: : CUDA_ERROR_ILLEGAL_ADDRESS: an illegal memory access was encountered
E1008 01:03:19.217396 2104612 cuda_executor.cc:279] [0] failed to unload module 0x5d0acb92a340; leaking: INTERNAL: CUDA error: : CUDA_ERROR_ILLEGAL_ADDRESS: an illegal memory access was encountered
E1008 01:03:19.218004 2104612 cuda_executor.cc:279] [0] failed to unload module 0x5d0a8be79670; leaking: INTERNAL: CUDA error: : CUDA_ERROR_ILLEGAL_ADDRESS: an illegal memory access was encountered
E1008 01:03:19.218462 2104612 cuda_executor.cc:279] [0] failed to unload module 0x5d0aca0beb20; leaking: INTERNAL: CUDA error: : CUDA_ERROR_ILLEGAL_ADDRESS: an illegal memory access was encountered
E1008 01:03:19.218818 2104612 cuda_executor.cc:279] [0] failed to unload module 0x5d0adaeb01a0; leaking: INTERNAL: CUDA error: : CUDA_ERROR_ILLEGAL_ADDRESS: an illegal memory access was encountered
E1008 01:03:19.219110 2104612 cuda_executor.cc:279] [0] failed to unload module 0x7f4ba8003630; leaking: INTERNAL: CUDA error: : CUDA_ERROR_ILLEGAL_ADDRESS: an illegal memory access was encountered
E1008 01:03:19.219688 2104612 cuda_executor.cc:279] [0] failed to unload module 0x5d0a4ef49960; leaking: INTERNAL: CUDA error: : CUDA_ERROR_ILLEGAL_ADDRESS: an illegal memory access was encountered
E1008 01:03:19.220123 2104612 cuda_executor.cc:279] [0] failed to unload module 0x5d0a5cc5f310; leaking: INTERNAL: CUDA error: : CUDA_ERROR_ILLEGAL_ADDRESS: an illegal memory access was encountered
E1008 01:03:19.220635 2104612 cuda_executor.cc:279] [0] failed to unload module 0x5d0a58ab7b50; leaking: INTERNAL: CUDA error: : CUDA_ERROR_ILLEGAL_ADDRESS: an illegal memory access was encountered
E1008 01:03:19.221028 2104612 cuda_executor.cc:279] [0] failed to unload module 0x5d0a51cfcea0; leaking: INTERNAL: CUDA error: : CUDA_ERROR_ILLEGAL_ADDRESS: an illegal memory access was encountered
E1008 01:03:19.221552 2104612 cuda_executor.cc:279] [0] failed to unload module 0x5d0a74afdc70; leaking: INTERNAL: CUDA error: : CUDA_ERROR_ILLEGAL_ADDRESS: an illegal memory access was encountered
E1008 01:03:19.221903 2104612 cuda_executor.cc:279] [0] failed to unload module 0x5d0a80124ab0; leaking: INTERNAL: CUDA error: : CUDA_ERROR_ILLEGAL_ADDRESS: an illegal memory access was encountered
E1008 01:03:19.222552 2104612 cuda_executor.cc:279] [0] failed to unload module 0x5d0a72f26c90; leaking: INTERNAL: CUDA error: : CUDA_ERROR_ILLEGAL_ADDRESS: an illegal memory access was encountered
E1008 01:03:19.223686 2104612 cuda_executor.cc:279] [0] failed to unload module 0x5d0a4c7b5d80; leaking: INTERNAL: CUDA error: : CUDA_ERROR_ILLEGAL_ADDRESS: an illegal memory access was encountered
E1008 01:03:19.224339 2104612 cuda_executor.cc:279] [0] failed to unload module 0x5d0ac55ff730; leaking: INTERNAL: CUDA error: : CUDA_ERROR_ILLEGAL_ADDRESS: an illegal memory access was encountered
E1008 01:03:19.224933 2104612 cuda_executor.cc:279] [0] failed to unload module 0x5d0abc371640; leaking: INTERNAL: CUDA error: : CUDA_ERROR_ILLEGAL_ADDRESS: an illegal memory access was encountered
E1008 01:03:19.225363 2104612 cuda_executor.cc:279] [0] failed to unload module 0x5d0ad90138a0; leaking: INTERNAL: CUDA error: : CUDA_ERROR_ILLEGAL_ADDRESS: an illegal memory access was encountered
E1008 01:03:19.225791 2104612 cuda_executor.cc:279] [0] failed to unload module 0x5d0a6dbaa730; leaking: INTERNAL: CUDA error: : CUDA_ERROR_ILLEGAL_ADDRESS: an illegal memory access was encountered
E1008 01:03:19.226106 2104612 cuda_executor.cc:279] [0] failed to unload module 0x5d0adb300500; leaking: INTERNAL: CUDA error: : CUDA_ERROR_ILLEGAL_ADDRESS: an illegal memory access was encountered
E1008 01:03:19.226461 2104612 cuda_executor.cc:279] [0] failed to unload module 0x5d0a8b9807a0; leaking: INTERNAL: CUDA error: : CUDA_ERROR_ILLEGAL_ADDRESS: an illegal memory access was encountered
E1008 01:03:19.226962 2104612 cuda_executor.cc:279] [0] failed to unload module 0x5d0a7f38e870; leaking: INTERNAL: CUDA error: : CUDA_ERROR_ILLEGAL_ADDRESS: an illegal memory access was encountered
E1008 01:03:19.227497 2104612 cuda_executor.cc:279] [0] failed to unload module 0x5d0a5c64e350; leaking: INTERNAL: CUDA error: : CUDA_ERROR_ILLEGAL_ADDRESS: an illegal memory access was encountered
E1008 01:03:19.227998 2104612 cuda_executor.cc:279] [0] failed to unload module 0x5d0a4bc45230; leaking: INTERNAL: CUDA error: : CUDA_ERROR_ILLEGAL_ADDRESS: an illegal memory access was encountered
E1008 01:03:19.228540 2104612 cuda_executor.cc:279] [0] failed to unload module 0x5d0a4fe7dd40; leaking: INTERNAL: CUDA error: : CUDA_ERROR_ILLEGAL_ADDRESS: an illegal memory access was encountered
E1008 01:03:19.229118 2104612 cuda_executor.cc:279] [0] failed to unload module 0x5d0a6dbe9370; leaking: INTERNAL: CUDA error: : CUDA_ERROR_ILLEGAL_ADDRESS: an illegal memory access was encountered
E1008 01:03:19.229621 2104612 cuda_executor.cc:279] [0] failed to unload module 0x5d0a7fe63e20; leaking: INTERNAL: CUDA error: : CUDA_ERROR_ILLEGAL_ADDRESS: an illegal memory access was encountered
E1008 01:03:19.230135 2104612 cuda_executor.cc:279] [0] failed to unload module 0x5d0a8f493890; leaking: INTERNAL: CUDA error: : CUDA_ERROR_ILLEGAL_ADDRESS: an illegal memory access was encountered
E1008 01:03:19.230332 2104612 cuda_executor.cc:279] [0] failed to unload module 0x5d0a909874a0; leaking: INTERNAL: CUDA error: : CUDA_ERROR_ILLEGAL_ADDRESS: an illegal memory access was encountered
E1008 01:03:19.231216 2104612 cuda_executor.cc:279] [0] failed to unload module 0x5d0aa8b4d680; leaking: INTERNAL: CUDA error: : CUDA_ERROR_ILLEGAL_ADDRESS: an illegal memory access was encountered
E1008 01:03:19.231827 2104612 cuda_executor.cc:279] [0] failed to unload module 0x5d0acba347c0; leaking: INTERNAL: CUDA error: : CUDA_ERROR_ILLEGAL_ADDRESS: an illegal memory access was encountered
E1008 01:03:19.232160 2104612 cuda_executor.cc:279] [0] failed to unload module 0x5d0ade17fc00; leaking: INTERNAL: CUDA error: : CUDA_ERROR_ILLEGAL_ADDRESS: an illegal memory access was encountered
E1008 01:03:19.232692 2104612 cuda_executor.cc:279] [0] failed to unload module 0x5d0a8f8fd9a0; leaking: INTERNAL: CUDA error: : CUDA_ERROR_ILLEGAL_ADDRESS: an illegal memory access was encountered
E1008 01:03:19.233082 2104612 cuda_executor.cc:279] [0] failed to unload module 0x5d0a8bb02f30; leaking: INTERNAL: CUDA error: : CUDA_ERROR_ILLEGAL_ADDRESS: an illegal memory access was encountered
E1008 01:03:19.233393 2104612 cuda_executor.cc:279] [0] failed to unload module 0x5d0a500ca200; leaking: INTERNAL: CUDA error: : CUDA_ERROR_ILLEGAL_ADDRESS: an illegal memory access was encountered
E1008 01:03:19.233927 2104612 cuda_executor.cc:279] [0] failed to unload module 0x5d0a4bbc1ba0; leaking: INTERNAL: CUDA error: : CUDA_ERROR_ILLEGAL_ADDRESS: an illegal memory access was encountered
E1008 01:03:19.234298 2104612 cuda_executor.cc:279] [0] failed to unload module 0x5d0a5ca6d740; leaking: INTERNAL: CUDA error: : CUDA_ERROR_ILLEGAL_ADDRESS: an illegal memory access was encountered
E1008 01:03:19.234482 2104612 cuda_executor.cc:279] [0] failed to unload module 0x5d0a7f3aedf0; leaking: INTERNAL: CUDA error: : CUDA_ERROR_ILLEGAL_ADDRESS: an illegal memory access was encountered
E1008 01:03:19.235175 2104612 cuda_executor.cc:279] [0] failed to unload module 0x5d0a801c6aa0; leaking: INTERNAL: CUDA error: : CUDA_ERROR_ILLEGAL_ADDRESS: an illegal memory access was encountered
E1008 01:03:19.235621 2104612 cuda_executor.cc:279] [0] failed to unload module 0x5d0a6dddee90; leaking: INTERNAL: CUDA error: : CUDA_ERROR_ILLEGAL_ADDRESS: an illegal memory access was encountered
E1008 01:03:19.236197 2104612 cuda_executor.cc:279] [0] failed to unload module 0x5d0ac56747c0; leaking: INTERNAL: CUDA error: : CUDA_ERROR_ILLEGAL_ADDRESS: an illegal memory access was encountered
E1008 01:03:19.237412 2104612 cuda_executor.cc:279] [0] failed to unload module 0x5d0a90ac17d0; leaking: INTERNAL: CUDA error: : CUDA_ERROR_ILLEGAL_ADDRESS: an illegal memory access was encountered
E1008 01:03:19.237748 2104612 cuda_executor.cc:279] [0] failed to unload module 0x5d0a7f6ca560; leaking: INTERNAL: CUDA error: : CUDA_ERROR_ILLEGAL_ADDRESS: an illegal memory access was encountered
E1008 01:03:19.238314 2104612 cuda_executor.cc:279] [0] failed to unload module 0x5d0a50103350; leaking: INTERNAL: CUDA error: : CUDA_ERROR_ILLEGAL_ADDRESS: an illegal memory access was encountered
E1008 01:03:19.238624 2104612 cuda_executor.cc:279] [0] failed to unload module 0x5d0a6dd9ea80; leaking: INTERNAL: CUDA error: : CUDA_ERROR_ILLEGAL_ADDRESS: an illegal memory access was encountered
E1008 01:03:19.239200 2104612 cuda_executor.cc:279] [0] failed to unload module 0x5d0a90c2ffb0; leaking: INTERNAL: CUDA error: : CUDA_ERROR_ILLEGAL_ADDRESS: an illegal memory access was encountered
E1008 01:03:19.239686 2104612 cuda_executor.cc:279] [0] failed to unload module 0x5d0a6e38da70; leaking: INTERNAL: CUDA error: : CUDA_ERROR_ILLEGAL_ADDRESS: an illegal memory access was encountered
E1008 01:03:19.240078 2104612 cuda_executor.cc:279] [0] failed to unload module 0x5d0a50765bf0; leaking: INTERNAL: CUDA error: : CUDA_ERROR_ILLEGAL_ADDRESS: an illegal memory access was encountered
E1008 01:03:19.240615 2104612 cuda_executor.cc:279] [0] failed to unload module 0x5d0abef1f810; leaking: INTERNAL: CUDA error: : CUDA_ERROR_ILLEGAL_ADDRESS: an illegal memory access was encountered
E1008 01:03:19.241212 2104612 cuda_executor.cc:279] [0] failed to unload module 0x5d0acec5b060; leaking: INTERNAL: CUDA error: : CUDA_ERROR_ILLEGAL_ADDRESS: an illegal memory access was encountered
E1008 01:03:19.241608 2104612 cuda_executor.cc:279] [0] failed to unload module 0x5d0ac4849850; leaking: INTERNAL: CUDA error: : CUDA_ERROR_ILLEGAL_ADDRESS: an illegal memory access was encountered
E1008 01:03:19.242137 2104612 cuda_executor.cc:279] [0] failed to unload module 0x5d0acc492480; leaking: INTERNAL: CUDA error: : CUDA_ERROR_ILLEGAL_ADDRESS: an illegal memory access was encountered
E1008 01:03:19.242497 2104612 cuda_executor.cc:279] [0] failed to unload module 0x5d0acc903920; leaking: INTERNAL: CUDA error: : CUDA_ERROR_ILLEGAL_ADDRESS: an illegal memory access was encountered
E1008 01:03:19.242683 2104612 cuda_executor.cc:279] [0] failed to unload module 0x5d0acccb9490; leaking: INTERNAL: CUDA error: : CUDA_ERROR_ILLEGAL_ADDRESS: an illegal memory access was encountered
E1008 01:03:19.243028 2104612 cuda_executor.cc:279] [0] failed to unload module 0x5d0acd11ccb0; leaking: INTERNAL: CUDA error: : CUDA_ERROR_ILLEGAL_ADDRESS: an illegal memory access was encountered
E1008 01:03:19.243589 2104612 cuda_executor.cc:279] [0] failed to unload module 0x5d0acdb083d0; leaking: INTERNAL: CUDA error: : CUDA_ERROR_ILLEGAL_ADDRESS: an illegal memory access was encountered
E1008 01:03:19.244035 2104612 cuda_executor.cc:279] [0] failed to unload module 0x5d0ace8989a0; leaking: INTERNAL: CUDA error: : CUDA_ERROR_ILLEGAL_ADDRESS: an illegal memory access was encountered
E1008 01:03:19.244371 2104612 cuda_executor.cc:279] [0] failed to unload module 0x5d0ac4f6e8e0; leaking: INTERNAL: CUDA error: : CUDA_ERROR_ILLEGAL_ADDRESS: an illegal memory access was encountered
E1008 01:03:19.244914 2104612 cuda_executor.cc:279] [0] failed to unload module 0x5d0a90fb1410; leaking: INTERNAL: CUDA error: : CUDA_ERROR_ILLEGAL_ADDRESS: an illegal memory access was encountered
E1008 01:03:19.245515 2104612 cuda_executor.cc:279] [0] failed to unload module 0x5d0a6d75e550; leaking: INTERNAL: CUDA error: : CUDA_ERROR_ILLEGAL_ADDRESS: an illegal memory access was encountered
E1008 01:03:19.246103 2104612 cuda_executor.cc:279] [0] failed to unload module 0x5d0ac622b0e0; leaking: INTERNAL: CUDA error: : CUDA_ERROR_ILLEGAL_ADDRESS: an illegal memory access was encountered
E1008 01:03:19.246752 2104612 cuda_executor.cc:279] [0] failed to unload module 0x5d0a7f95e9d0; leaking: INTERNAL: CUDA error: : CUDA_ERROR_ILLEGAL_ADDRESS: an illegal memory access was encountered
E1008 01:03:19.247395 2104612 cuda_executor.cc:279] [0] failed to unload module 0x5d0adb7c0570; leaking: INTERNAL: CUDA error: : CUDA_ERROR_ILLEGAL_ADDRESS: an illegal memory access was encountered
E1008 01:03:19.247674 2104612 cuda_executor.cc:279] [0] failed to unload module 0x5d0acbe8acf0; leaking: INTERNAL: CUDA error: : CUDA_ERROR_ILLEGAL_ADDRESS: an illegal memory access was encountered
E1008 01:03:19.247945 2104612 cuda_executor.cc:279] [0] failed to unload module 0x5d0a62485ac0; leaking: INTERNAL: CUDA error: : CUDA_ERROR_ILLEGAL_ADDRESS: an illegal memory access was encountered
E1008 01:03:19.248306 2104612 cuda_executor.cc:279] [0] failed to unload module 0x5d0a50cca2c0; leaking: INTERNAL: CUDA error: : CUDA_ERROR_ILLEGAL_ADDRESS: an illegal memory access was encountered
E1008 01:03:19.248648 2104612 cuda_executor.cc:279] [0] failed to unload module 0x5d0abbc79c40; leaking: INTERNAL: CUDA error: : CUDA_ERROR_ILLEGAL_ADDRESS: an illegal memory access was encountered
E1008 01:03:19.249133 2104612 cuda_executor.cc:279] [0] failed to unload module 0x5d0a8bf440b0; leaking: INTERNAL: CUDA error: : CUDA_ERROR_ILLEGAL_ADDRESS: an illegal memory access was encountered
E1008 01:03:19.249524 2104612 cuda_executor.cc:279] [0] failed to unload module 0x5d0a50d2fe10; leaking: INTERNAL: CUDA error: : CUDA_ERROR_ILLEGAL_ADDRESS: an illegal memory access was encountered
E1008 01:03:19.249871 2104612 cuda_executor.cc:279] [0] failed to unload module 0x5d0a5db310b0; leaking: INTERNAL: CUDA error: : CUDA_ERROR_ILLEGAL_ADDRESS: an illegal memory access was encountered
E1008 01:03:19.250148 2104612 cuda_executor.cc:279] [0] failed to unload module 0x5d0a8c7233e0; leaking: INTERNAL: CUDA error: : CUDA_ERROR_ILLEGAL_ADDRESS: an illegal memory access was encountered
E1008 01:03:19.250402 2104612 cuda_executor.cc:279] [0] failed to unload module 0x5d0a50d2df20; leaking: INTERNAL: CUDA error: : CUDA_ERROR_ILLEGAL_ADDRESS: an illegal memory access was encountered
E1008 01:03:19.251098 2104612 cuda_executor.cc:279] [0] failed to unload module 0x5d0a5e1a06b0; leaking: INTERNAL: CUDA error: : CUDA_ERROR_ILLEGAL_ADDRESS: an illegal memory access was encountered
E1008 01:03:19.251814 2104612 cuda_executor.cc:279] [0] failed to unload module 0x5d0a51a48890; leaking: INTERNAL: CUDA error: : CUDA_ERROR_ILLEGAL_ADDRESS: an illegal memory access was encountered
E1008 01:03:19.252035 2104612 cuda_executor.cc:279] [0] failed to unload module 0x5d0a4c799e00; leaking: INTERNAL: CUDA error: : CUDA_ERROR_ILLEGAL_ADDRESS: an illegal memory access was encountered
E1008 01:03:19.253033 2104612 cuda_executor.cc:279] [0] failed to unload module 0x5d0acbf18bf0; leaking: INTERNAL: CUDA error: : CUDA_ERROR_ILLEGAL_ADDRESS: an illegal memory access was encountered
E1008 01:03:19.253617 2104612 cuda_executor.cc:279] [0] failed to unload module 0x5d0a7f06cad0; leaking: INTERNAL: CUDA error: : CUDA_ERROR_ILLEGAL_ADDRESS: an illegal memory access was encountered
E1008 01:03:19.254189 2104612 cuda_executor.cc:279] [0] failed to unload module 0x5d0a6d916ae0; leaking: INTERNAL: CUDA error: : CUDA_ERROR_ILLEGAL_ADDRESS: an illegal memory access was encountered
E1008 01:03:19.254756 2104612 cuda_executor.cc:279] [0] failed to unload module 0x5d0a4b5441c0; leaking: INTERNAL: CUDA error: : CUDA_ERROR_ILLEGAL_ADDRESS: an illegal memory access was encountered
E1008 01:03:19.255358 2104612 cuda_executor.cc:279] [0] failed to unload module 0x5d0a5c41daf0; leaking: INTERNAL: CUDA error: : CUDA_ERROR_ILLEGAL_ADDRESS: an illegal memory access was encountered
E1008 01:03:19.255903 2104612 cuda_executor.cc:279] [0] failed to unload module 0x5d0a8ee86a10; leaking: INTERNAL: CUDA error: : CUDA_ERROR_ILLEGAL_ADDRESS: an illegal memory access was encountered
E1008 01:03:19.256587 2104612 cuda_executor.cc:279] [0] failed to unload module 0x5d0a8b5014f0; leaking: INTERNAL: CUDA error: : CUDA_ERROR_ILLEGAL_ADDRESS: an illegal memory access was encountered
E1008 01:03:19.257038 2104612 cuda_executor.cc:279] [0] failed to unload module 0x5d0ac6920b70; leaking: INTERNAL: CUDA error: : CUDA_ERROR_ILLEGAL_ADDRESS: an illegal memory access was encountered
E1008 01:03:19.257689 2104612 cuda_executor.cc:279] [0] failed to unload module 0x5d0abcd5a6c0; leaking: INTERNAL: CUDA error: : CUDA_ERROR_ILLEGAL_ADDRESS: an illegal memory access was encountered
E1008 01:03:19.258735 2104612 cuda_executor.cc:279] [0] failed to unload module 0x5d0ad95aba70; leaking: INTERNAL: CUDA error: : CUDA_ERROR_ILLEGAL_ADDRESS: an illegal memory access was encountered
E1008 01:03:19.259374 2104612 cuda_executor.cc:279] [0] failed to unload module 0x5d0ad9898480; leaking: INTERNAL: CUDA error: : CUDA_ERROR_ILLEGAL_ADDRESS: an illegal memory access was encountered
E1008 01:03:19.260766 2104612 cuda_executor.cc:279] [0] failed to unload module 0x5d0a56f2a440; leaking: INTERNAL: CUDA error: : CUDA_ERROR_ILLEGAL_ADDRESS: an illegal memory access was encountered
E1008 01:03:19.262259 2104612 cuda_executor.cc:279] [0] failed to unload module 0x5d0a8ac67980; leaking: INTERNAL: CUDA error: : CUDA_ERROR_ILLEGAL_ADDRESS: an illegal memory access was encountered
E1008 01:03:19.263030 2104612 cuda_executor.cc:279] [0] failed to unload module 0x5d0a67ffbad0; leaking: INTERNAL: CUDA error: : CUDA_ERROR_ILLEGAL_ADDRESS: an illegal memory access was encountered
E1008 01:03:19.263459 2104612 cuda_executor.cc:279] [0] failed to unload module 0x5d0a4d9ffde0; leaking: INTERNAL: CUDA error: : CUDA_ERROR_ILLEGAL_ADDRESS: an illegal memory access was encountered
E1008 01:03:19.264003 2104612 cuda_executor.cc:279] [0] failed to unload module 0x5d0a4a4a8a00; leaking: INTERNAL: CUDA error: : CUDA_ERROR_ILLEGAL_ADDRESS: an illegal memory access was encountered
E1008 01:03:19.264621 2104612 cuda_executor.cc:279] [0] failed to unload module 0x5d0a5b252d90; leaking: INTERNAL: CUDA error: : CUDA_ERROR_ILLEGAL_ADDRESS: an illegal memory access was encountered
E1008 01:03:19.265170 2104612 cuda_executor.cc:279] [0] failed to unload module 0x5d0a7e860430; leaking: INTERNAL: CUDA error: : CUDA_ERROR_ILLEGAL_ADDRESS: an illegal memory access was encountered
E1008 01:03:19.266076 2104612 cuda_executor.cc:279] [0] failed to unload module 0x5d0a8e5d6e70; leaking: INTERNAL: CUDA error: : CUDA_ERROR_ILLEGAL_ADDRESS: an illegal memory access was encountered
E1008 01:03:19.266959 2104612 cuda_executor.cc:279] [0] failed to unload module 0x5d0ac73815f0; leaking: INTERNAL: CUDA error: : CUDA_ERROR_ILLEGAL_ADDRESS: an illegal memory access was encountered
E1008 01:03:19.267712 2104612 cuda_executor.cc:279] [0] failed to unload module 0x5d0ab486ca60; leaking: INTERNAL: CUDA error: : CUDA_ERROR_ILLEGAL_ADDRESS: an illegal memory access was encountered
E1008 01:03:19.268029 2104612 cuda_executor.cc:279] [0] failed to unload module 0x5d0a720469d0; leaking: INTERNAL: CUDA error: : CUDA_ERROR_ILLEGAL_ADDRESS: an illegal memory access was encountered
E1008 01:03:19.269819 2104612 cuda_executor.cc:279] [0] failed to unload module 0x5d0a4e6ab070; leaking: INTERNAL: CUDA error: : CUDA_ERROR_ILLEGAL_ADDRESS: an illegal memory access was encountered
E1008 01:03:19.270251 2104612 cuda_executor.cc:279] [0] failed to unload module 0x5d0a5c182590; leaking: INTERNAL: CUDA error: : CUDA_ERROR_ILLEGAL_ADDRESS: an illegal memory access was encountered
E1008 01:03:19.272069 2104612 cuda_executor.cc:279] [0] failed to unload module 0x5d0a90119d90; leaking: INTERNAL: CUDA error: : CUDA_ERROR_ILLEGAL_ADDRESS: an illegal memory access was encountered
E1008 01:03:19.273755 2104612 cuda_executor.cc:279] [0] failed to unload module 0x5d0ad5929590; leaking: INTERNAL: CUDA error: : CUDA_ERROR_ILLEGAL_ADDRESS: an illegal memory access was encountered
E1008 01:03:19.274532 2104612 cuda_executor.cc:279] [0] failed to unload module 0x5d0a6b742140; leaking: INTERNAL: CUDA error: : CUDA_ERROR_ILLEGAL_ADDRESS: an illegal memory access was encountered
E1008 01:03:19.275099 2104612 cuda_executor.cc:279] [0] failed to unload module 0x5d0a5bec93f0; leaking: INTERNAL: CUDA error: : CUDA_ERROR_ILLEGAL_ADDRESS: an illegal memory access was encountered
E1008 01:03:19.275616 2104612 cuda_executor.cc:279] [0] failed to unload module 0x5d0a4e908fc0; leaking: INTERNAL: CUDA error: : CUDA_ERROR_ILLEGAL_ADDRESS: an illegal memory access was encountered
E1008 01:03:19.276183 2104612 cuda_executor.cc:279] [0] failed to unload module 0x5d0a4e4a54e0; leaking: INTERNAL: CUDA error: : CUDA_ERROR_ILLEGAL_ADDRESS: an illegal memory access was encountered
E1008 01:03:19.276446 2104612 cuda_executor.cc:279] [0] failed to unload module 0x5d0a681586f0; leaking: INTERNAL: CUDA error: : CUDA_ERROR_ILLEGAL_ADDRESS: an illegal memory access was encountered
E1008 01:03:19.277015 2104612 cuda_executor.cc:279] [0] failed to unload module 0x5d0a8ac405f0; leaking: INTERNAL: CUDA error: : CUDA_ERROR_ILLEGAL_ADDRESS: an illegal memory access was encountered
E1008 01:03:19.277524 2104612 cuda_executor.cc:279] [0] failed to unload module 0x5d0a7221fc80; leaking: INTERNAL: CUDA error: : CUDA_ERROR_ILLEGAL_ADDRESS: an illegal memory access was encountered
E1008 01:03:19.277963 2104612 cuda_executor.cc:279] [0] failed to unload module 0x5d0a7a61e4c0; leaking: INTERNAL: CUDA error: : CUDA_ERROR_ILLEGAL_ADDRESS: an illegal memory access was encountered
E1008 01:03:19.278180 2104612 cuda_executor.cc:279] [0] failed to unload module 0x5d0a8e77aa30; leaking: INTERNAL: CUDA error: : CUDA_ERROR_ILLEGAL_ADDRESS: an illegal memory access was encountered
E1008 01:03:19.278360 2104612 cuda_executor.cc:279] [0] failed to unload module 0x5d0a7e895990; leaking: INTERNAL: CUDA error: : CUDA_ERROR_ILLEGAL_ADDRESS: an illegal memory access was encountered
E1008 01:03:19.278726 2104612 cuda_executor.cc:279] [0] failed to unload module 0x5d0a7f00cd50; leaking: INTERNAL: CUDA error: : CUDA_ERROR_ILLEGAL_ADDRESS: an illegal memory access was encountered
E1008 01:03:19.278937 2104612 cuda_executor.cc:279] [0] failed to unload module 0x5d0a818baf70; leaking: INTERNAL: CUDA error: : CUDA_ERROR_ILLEGAL_ADDRESS: an illegal memory access was encountered
E1008 01:03:19.279525 2104612 cuda_executor.cc:279] [0] failed to unload module 0x5d0a906c85e0; leaking: INTERNAL: CUDA error: : CUDA_ERROR_ILLEGAL_ADDRESS: an illegal memory access was encountered
E1008 01:03:19.279988 2104612 cuda_executor.cc:279] [0] failed to unload module 0x5d0ac8b11270; leaking: INTERNAL: CUDA error: : CUDA_ERROR_ILLEGAL_ADDRESS: an illegal memory access was encountered
E1008 01:03:19.280430 2104612 cuda_executor.cc:279] [0] failed to unload module 0x5d0acbad0ac0; leaking: INTERNAL: CUDA error: : CUDA_ERROR_ILLEGAL_ADDRESS: an illegal memory access was encountered
E1008 01:03:19.281043 2104612 cuda_executor.cc:279] [0] failed to unload module 0x5d0adaf892b0; leaking: INTERNAL: CUDA error: : CUDA_ERROR_ILLEGAL_ADDRESS: an illegal memory access was encountered
E1008 01:03:19.281555 2104612 cuda_executor.cc:279] [0] failed to unload module 0x5d0a4ae15660; leaking: INTERNAL: CUDA error: : CUDA_ERROR_ILLEGAL_ADDRESS: an illegal memory access was encountered
E1008 01:03:19.281990 2104612 cuda_executor.cc:279] [0] failed to unload module 0x5d0a8fdc1ab0; leaking: INTERNAL: CUDA error: : CUDA_ERROR_ILLEGAL_ADDRESS: an illegal memory access was encountered
E1008 01:03:19.282629 2104612 cuda_executor.cc:279] [0] failed to unload module 0x5d0ac916f460; leaking: INTERNAL: CUDA error: : CUDA_ERROR_ILLEGAL_ADDRESS: an illegal memory access was encountered
E1008 01:03:19.283278 2104612 cuda_executor.cc:279] [0] failed to unload module 0x5d0a5b1bf9d0; leaking: INTERNAL: CUDA error: : CUDA_ERROR_ILLEGAL_ADDRESS: an illegal memory access was encountered
E1008 01:03:19.284183 2104612 cuda_executor.cc:279] [0] failed to unload module 0x5d0a75087e80; leaking: INTERNAL: CUDA error: : CUDA_ERROR_ILLEGAL_ADDRESS: an illegal memory access was encountered
E1008 01:03:19.284755 2104612 cuda_executor.cc:279] [0] failed to unload module 0x5d0adb410290; leaking: INTERNAL: CUDA error: : CUDA_ERROR_ILLEGAL_ADDRESS: an illegal memory access was encountered
E1008 01:03:19.285371 2104612 cuda_executor.cc:603] [0] error deallocating host memory at 0x204c02400: INTERNAL: CUDA error: : CUDA_ERROR_ILLEGAL_ADDRESS: an illegal memory access was encountered
E1008 01:03:19.285886 2104612 cuda_executor.cc:279] [0] failed to unload module 0x5d0a8f5af080; leaking: INTERNAL: CUDA error: : CUDA_ERROR_ILLEGAL_ADDRESS: an illegal memory access was encountered
E1008 01:03:19.286567 2104612 cuda_executor.cc:603] [0] error deallocating host memory at 0x204c01200: INTERNAL: CUDA error: : CUDA_ERROR_ILLEGAL_ADDRESS: an illegal memory access was encountered
E1008 01:03:19.287122 2104612 cuda_executor.cc:279] [0] failed to unload module 0x5d0a5f836250; leaking: INTERNAL: CUDA error: : CUDA_ERROR_ILLEGAL_ADDRESS: an illegal memory access was encountered
E1008 01:03:19.287820 2104612 cuda_executor.cc:603] [0] error deallocating host memory at 0x204c00600: INTERNAL: CUDA error: : CUDA_ERROR_ILLEGAL_ADDRESS: an illegal memory access was encountered
E1008 01:03:19.288169 2104612 cuda_executor.cc:279] [0] failed to unload module 0x5d0a4e04a990; leaking: INTERNAL: CUDA error: : CUDA_ERROR_ILLEGAL_ADDRESS: an illegal memory access was encountered
E1008 01:03:19.288517 2104612 cuda_executor.cc:603] [0] error deallocating host memory at 0x204c01e00: INTERNAL: CUDA error: : CUDA_ERROR_ILLEGAL_ADDRESS: an illegal memory access was encountered
E1008 01:03:19.288979 2104612 cuda_executor.cc:279] [0] failed to unload module 0x5d0a88af5700; leaking: INTERNAL: CUDA error: : CUDA_ERROR_ILLEGAL_ADDRESS: an illegal memory access was encountered
E1008 01:03:19.290411 2104612 cuda_executor.cc:279] [0] failed to unload module 0x5d0ac90e3520; leaking: INTERNAL: CUDA error: : CUDA_ERROR_ILLEGAL_ADDRESS: an illegal memory access was encountered
E1008 01:03:19.291287 2104612 cuda_executor.cc:279] [0] failed to unload module 0x5d0acccc4830; leaking: INTERNAL: CUDA error: : CUDA_ERROR_ILLEGAL_ADDRESS: an illegal memory access was encountered
E1008 01:03:19.291737 2104612 cuda_executor.cc:279] [0] failed to unload module 0x5d0acd57eab0; leaking: INTERNAL: CUDA error: : CUDA_ERROR_ILLEGAL_ADDRESS: an illegal memory access was encountered
E1008 01:03:19.292313 2104612 cuda_executor.cc:279] [0] failed to unload module 0x5d0a8b500090; leaking: INTERNAL: CUDA error: : CUDA_ERROR_ILLEGAL_ADDRESS: an illegal memory access was encountered
E1008 01:03:19.292783 2104612 cuda_executor.cc:279] [0] failed to unload module 0x5d0acd576610; leaking: INTERNAL: CUDA error: : CUDA_ERROR_ILLEGAL_ADDRESS: an illegal memory access was encountered
E1008 01:03:19.293333 2104612 cuda_executor.cc:279] [0] failed to unload module 0x5d0a72f9dfc0; leaking: INTERNAL: CUDA error: : CUDA_ERROR_ILLEGAL_ADDRESS: an illegal memory access was encountered
E1008 01:03:19.293470 2104612 cuda_executor.cc:279] [0] failed to unload module 0x5d0ac8077f60; leaking: INTERNAL: CUDA error: : CUDA_ERROR_ILLEGAL_ADDRESS: an illegal memory access was encountered
E1008 01:03:19.294345 2104612 cuda_executor.cc:279] [0] failed to unload module 0x5d0ace0c6dd0; leaking: INTERNAL: CUDA error: : CUDA_ERROR_ILLEGAL_ADDRESS: an illegal memory access was encountered
E1008 01:03:19.294492 2104612 cuda_executor.cc:279] [0] failed to unload module 0x5d0acbf19830; leaking: INTERNAL: CUDA error: : CUDA_ERROR_ILLEGAL_ADDRESS: an illegal memory access was encountered
E1008 01:03:19.295416 2104612 cuda_executor.cc:279] [0] failed to unload module 0x5d0acc900450; leaking: INTERNAL: CUDA error: : CUDA_ERROR_ILLEGAL_ADDRESS: an illegal memory access was encountered
E1008 01:03:19.295555 2104612 cuda_executor.cc:279] [0] failed to unload module 0x5d0acd11b830; leaking: INTERNAL: CUDA error: : CUDA_ERROR_ILLEGAL_ADDRESS: an illegal memory access was encountered
E1008 01:03:19.296116 2104612 cuda_executor.cc:279] [0] failed to unload module 0x5d0acdeb77f0; leaking: INTERNAL: CUDA error: : CUDA_ERROR_ILLEGAL_ADDRESS: an illegal memory access was encountered
E1008 01:03:19.296256 2104612 cuda_executor.cc:279] [0] failed to unload module 0x5d0ace47bc70; leaking: INTERNAL: CUDA error: : CUDA_ERROR_ILLEGAL_ADDRESS: an illegal memory access was encountered
E1008 01:03:19.296946 2104612 cuda_executor.cc:279] [0] failed to unload module 0x5d0a4b77c820; leaking: INTERNAL: CUDA error: : CUDA_ERROR_ILLEGAL_ADDRESS: an illegal memory access was encountered
E1008 01:03:19.297470 2104612 cuda_executor.cc:279] [0] failed to unload module 0x5d0a3fbaa880; leaking: INTERNAL: CUDA error: : CUDA_ERROR_ILLEGAL_ADDRESS: an illegal memory access was encountered
E1008 01:03:19.297894 2104612 cuda_executor.cc:279] [0] failed to unload module 0x5d0a5bd63950; leaking: INTERNAL: CUDA error: : CUDA_ERROR_ILLEGAL_ADDRESS: an illegal memory access was encountered
E1008 01:03:19.298288 2104612 cuda_executor.cc:279] [0] failed to unload module 0x5d0ace620540; leaking: INTERNAL: CUDA error: : CUDA_ERROR_ILLEGAL_ADDRESS: an illegal memory access was encountered
E1008 01:03:19.298825 2104612 cuda_executor.cc:279] [0] failed to unload module 0x5d0a901580d0; leaking: INTERNAL: CUDA error: : CUDA_ERROR_ILLEGAL_ADDRESS: an illegal memory access was encountered
E1008 01:03:19.299076 2104612 cuda_executor.cc:279] [0] failed to unload module 0x5d0ac89fb430; leaking: INTERNAL: CUDA error: : CUDA_ERROR_ILLEGAL_ADDRESS: an illegal memory access was encountered
E1008 01:03:19.299895 2104612 cuda_executor.cc:279] [0] failed to unload module 0x5d0a841a2dd0; leaking: INTERNAL: CUDA error: : CUDA_ERROR_ILLEGAL_ADDRESS: an illegal memory access was encountered
E1008 01:03:19.300394 2104612 cuda_executor.cc:279] [0] failed to unload module 0x5d0a5fd6a3b0; leaking: INTERNAL: CUDA error: : CUDA_ERROR_ILLEGAL_ADDRESS: an illegal memory access was encountered
E1008 01:03:19.300828 2104612 cuda_executor.cc:279] [0] failed to unload module 0x5d0a8911c210; leaking: INTERNAL: CUDA error: : CUDA_ERROR_ILLEGAL_ADDRESS: an illegal memory access was encountered
E1008 01:03:19.301396 2104612 cuda_executor.cc:279] [0] failed to unload module 0x5d0a8c8f5850; leaking: INTERNAL: CUDA error: : CUDA_ERROR_ILLEGAL_ADDRESS: an illegal memory access was encountered
E1008 01:03:19.301923 2104612 cuda_executor.cc:279] [0] failed to unload module 0x5d0ace621160; leaking: INTERNAL: CUDA error: : CUDA_ERROR_ILLEGAL_ADDRESS: an illegal memory access was encountered
E1008 01:03:19.303314 2104612 cuda_executor.cc:603] [0] error deallocating host memory at 0x204c03200: INTERNAL: CUDA error: : CUDA_ERROR_ILLEGAL_ADDRESS: an illegal memory access was encountered
E1008 01:03:19.303685 2104612 cuda_executor.cc:279] [0] failed to unload module 0x5d0aa7856d90; leaking: INTERNAL: CUDA error: : CUDA_ERROR_ILLEGAL_ADDRESS: an illegal memory access was encountered
E1008 01:03:19.305956 2104612 cuda_executor.cc:603] [0] error deallocating host memory at 0x204c01600: INTERNAL: CUDA error: : CUDA_ERROR_ILLEGAL_ADDRESS: an illegal memory access was encountered
E1008 01:03:19.306370 2104612 cuda_executor.cc:279] [0] failed to unload module 0x7f4ba0007160; leaking: INTERNAL: CUDA error: : CUDA_ERROR_ILLEGAL_ADDRESS: an illegal memory access was encountered
E1008 01:03:19.308898 2104612 cuda_executor.cc:603] [0] error deallocating host memory at 0x204c02a00: INTERNAL: CUDA error: : CUDA_ERROR_ILLEGAL_ADDRESS: an illegal memory access was encountered
E1008 01:03:19.309533 2104612 cuda_executor.cc:603] [0] error deallocating host memory at 0x204c02800: INTERNAL: CUDA error: : CUDA_ERROR_ILLEGAL_ADDRESS: an illegal memory access was encountered
E1008 01:03:19.310014 2104612 cuda_executor.cc:603] [0] error deallocating host memory at 0x204c02600: INTERNAL: CUDA error: : CUDA_ERROR_ILLEGAL_ADDRESS: an illegal memory access was encountered
E1008 01:03:19.310189 2104612 cuda_executor.cc:279] [0] failed to unload module 0x5d0aa6e41ca0; leaking: INTERNAL: CUDA error: : CUDA_ERROR_ILLEGAL_ADDRESS: an illegal memory access was encountered
E1008 01:03:19.311725 2104612 cuda_executor.cc:279] [0] failed to unload module 0x5d0acd57b180; leaking: INTERNAL: CUDA error: : CUDA_ERROR_ILLEGAL_ADDRESS: an illegal memory access was encountered
E1008 01:03:19.312265 2104612 cuda_executor.cc:279] [0] failed to unload module 0x5d0acd527c60; leaking: INTERNAL: CUDA error: : CUDA_ERROR_ILLEGAL_ADDRESS: an illegal memory access was encountered
E1008 01:03:19.312519 2104612 cuda_executor.cc:279] [0] failed to unload module 0x5d0ace100590; leaking: INTERNAL: CUDA error: : CUDA_ERROR_ILLEGAL_ADDRESS: an illegal memory access was encountered
E1008 01:03:19.313220 2104612 cuda_executor.cc:279] [0] failed to unload module 0x5d0acd116600; leaking: INTERNAL: CUDA error: : CUDA_ERROR_ILLEGAL_ADDRESS: an illegal memory access was encountered
E1008 01:03:19.314596 2104612 cuda_executor.cc:279] [0] failed to unload module 0x5d0aade74020; leaking: INTERNAL: CUDA error: : CUDA_ERROR_ILLEGAL_ADDRESS: an illegal memory access was encountered
E1008 01:03:19.316466 2104612 cuda_executor.cc:279] [0] failed to unload module 0x5d0aa895d120; leaking: INTERNAL: CUDA error: : CUDA_ERROR_ILLEGAL_ADDRESS: an illegal memory access was encountered
E1008 01:03:19.317474 2104612 cuda_executor.cc:279] [0] failed to unload module 0x5d0ace038310; leaking: INTERNAL: CUDA error: : CUDA_ERROR_ILLEGAL_ADDRESS: an illegal memory access was encountered
E1008 01:03:19.318102 2104612 cuda_executor.cc:603] [0] error deallocating host memory at 0x204c03600: INTERNAL: CUDA error: : CUDA_ERROR_ILLEGAL_ADDRESS: an illegal memory access was encountered
E1008 01:03:19.318912 2104612 cuda_executor.cc:279] [0] failed to unload module 0x5d0aa95a5000; leaking: INTERNAL: CUDA error: : CUDA_ERROR_ILLEGAL_ADDRESS: an illegal memory access was encountered
E1008 01:03:19.319879 2104612 cuda_executor.cc:279] [0] failed to unload module 0x5d0aa8d25b00; leaking: INTERNAL: CUDA error: : CUDA_ERROR_ILLEGAL_ADDRESS: an illegal memory access was encountered
E1008 01:03:19.322244 2104612 cuda_executor.cc:279] [0] failed to unload module 0x5d0aaa244b30; leaking: INTERNAL: CUDA error: : CUDA_ERROR_ILLEGAL_ADDRESS: an illegal memory access was encountered
E1008 01:03:19.323523 2104612 cuda_executor.cc:279] [0] failed to unload module 0x5d0aaacdd730; leaking: INTERNAL: CUDA error: : CUDA_ERROR_ILLEGAL_ADDRESS: an illegal memory access was encountered
E1008 01:03:19.324657 2104612 cuda_executor.cc:279] [0] failed to unload module 0x5d0acea51d00; leaking: INTERNAL: CUDA error: : CUDA_ERROR_ILLEGAL_ADDRESS: an illegal memory access was encountered
E1008 01:03:19.324852 2104612 cuda_executor.cc:279] [0] failed to unload module 0x5d0acbf21840; leaking: INTERNAL: CUDA error: : CUDA_ERROR_ILLEGAL_ADDRESS: an illegal memory access was encountered
E1008 01:03:19.326119 2104612 cuda_executor.cc:279] [0] failed to unload module 0x5d0acc8faa10; leaking: INTERNAL: CUDA error: : CUDA_ERROR_ILLEGAL_ADDRESS: an illegal memory access was encountered
E1008 01:03:19.326690 2104612 cuda_executor.cc:279] [0] failed to unload module 0x5d0acdd7a5a0; leaking: INTERNAL: CUDA error: : CUDA_ERROR_ILLEGAL_ADDRESS: an illegal memory access was encountered
E1008 01:03:19.327600 2104612 cuda_executor.cc:279] [0] failed to unload module 0x5d0aaa231c60; leaking: INTERNAL: CUDA error: : CUDA_ERROR_ILLEGAL_ADDRESS: an illegal memory access was encountered
E1008 01:03:19.328687 2104612 cuda_executor.cc:279] [0] failed to unload module 0x5d0acbf27920; leaking: INTERNAL: CUDA error: : CUDA_ERROR_ILLEGAL_ADDRESS: an illegal memory access was encountered
E1008 01:03:19.329772 2104612 cuda_executor.cc:279] [0] failed to unload module 0x5d0a61e8c970; leaking: INTERNAL: CUDA error: : CUDA_ERROR_ILLEGAL_ADDRESS: an illegal memory access was encountered
E1008 01:03:19.331758 2104612 cuda_executor.cc:279] [0] failed to unload module 0x5d0a80937740; leaking: INTERNAL: CUDA error: : CUDA_ERROR_ILLEGAL_ADDRESS: an illegal memory access was encountered
E1008 01:03:19.332511 2104612 cuda_executor.cc:279] [0] failed to unload module 0x5d0a71d639b0; leaking: INTERNAL: CUDA error: : CUDA_ERROR_ILLEGAL_ADDRESS: an illegal memory access was encountered
E1008 01:03:19.333142 2104612 cuda_executor.cc:279] [0] failed to unload module 0x5d0a68ccd3e0; leaking: INTERNAL: CUDA error: : CUDA_ERROR_ILLEGAL_ADDRESS: an illegal memory access was encountered
E1008 01:03:19.333325 2104612 cuda_executor.cc:279] [0] failed to unload module 0x5d0a760fb170; leaking: INTERNAL: CUDA error: : CUDA_ERROR_ILLEGAL_ADDRESS: an illegal memory access was encountered
E1008 01:03:19.334003 2104612 cuda_executor.cc:279] [0] failed to unload module 0x5d0a7b900490; leaking: INTERNAL: CUDA error: : CUDA_ERROR_ILLEGAL_ADDRESS: an illegal memory access was encountered
E1008 01:03:19.334439 2104612 cuda_executor.cc:279] [0] failed to unload module 0x5d0a8104ba30; leaking: INTERNAL: CUDA error: : CUDA_ERROR_ILLEGAL_ADDRESS: an illegal memory access was encountered
E1008 01:03:19.334969 2104612 cuda_executor.cc:279] [0] failed to unload module 0x5d0a5df7ef30; leaking: INTERNAL: CUDA error: : CUDA_ERROR_ILLEGAL_ADDRESS: an illegal memory access was encountered
E1008 01:03:19.335643 2104612 cuda_executor.cc:279] [0] failed to unload module 0x7f4b58007d30; leaking: INTERNAL: CUDA error: : CUDA_ERROR_ILLEGAL_ADDRESS: an illegal memory access was encountered
E1008 01:03:19.336495 2104612 cuda_executor.cc:279] [0] failed to unload module 0x5d0a74153340; leaking: INTERNAL: CUDA error: : CUDA_ERROR_ILLEGAL_ADDRESS: an illegal memory access was encountered
E1008 01:03:19.337191 2104612 cuda_executor.cc:279] [0] failed to unload module 0x5d0a8128b300; leaking: INTERNAL: CUDA error: : CUDA_ERROR_ILLEGAL_ADDRESS: an illegal memory access was encountered
E1008 01:03:19.337993 2104612 cuda_executor.cc:279] [0] failed to unload module 0x7f4b980064c0; leaking: INTERNAL: CUDA error: : CUDA_ERROR_ILLEGAL_ADDRESS: an illegal memory access was encountered
E1008 01:03:19.339065 2104612 cuda_executor.cc:279] [0] failed to unload module 0x5d0a6bcc9440; leaking: INTERNAL: CUDA error: : CUDA_ERROR_ILLEGAL_ADDRESS: an illegal memory access was encountered
E1008 01:03:19.339596 2104612 cuda_executor.cc:279] [0] failed to unload module 0x7f4b880037e0; leaking: INTERNAL: CUDA error: : CUDA_ERROR_ILLEGAL_ADDRESS: an illegal memory access was encountered
E1008 01:03:19.340463 2104612 cuda_executor.cc:279] [0] failed to unload module 0x5d0a78993620; leaking: INTERNAL: CUDA error: : CUDA_ERROR_ILLEGAL_ADDRESS: an illegal memory access was encountered
E1008 01:03:19.341305 2104612 cuda_executor.cc:279] [0] failed to unload module 0x5d0a70f2b710; leaking: INTERNAL: CUDA error: : CUDA_ERROR_ILLEGAL_ADDRESS: an illegal memory access was encountered
E1008 01:03:19.342941 2104612 cuda_executor.cc:279] [0] failed to unload module 0x5d0a79691e60; leaking: INTERNAL: CUDA error: : CUDA_ERROR_ILLEGAL_ADDRESS: an illegal memory access was encountered
E1008 01:03:19.343781 2104612 cuda_executor.cc:279] [0] failed to unload module 0x5d0a40684fb0; leaking: INTERNAL: CUDA error: : CUDA_ERROR_ILLEGAL_ADDRESS: an illegal memory access was encountered
E1008 01:03:19.344343 2104612 cuda_executor.cc:279] [0] failed to unload module 0x5d0a7391ea20; leaking: INTERNAL: CUDA error: : CUDA_ERROR_ILLEGAL_ADDRESS: an illegal memory access was encountered
E1008 01:03:19.345522 2104612 cuda_executor.cc:279] [0] failed to unload module 0x5d0a6e80c390; leaking: INTERNAL: CUDA error: : CUDA_ERROR_ILLEGAL_ADDRESS: an illegal memory access was encountered
E1008 01:03:19.349005 2104612 cuda_executor.cc:279] [0] failed to unload module 0x5d0a607919e0; leaking: INTERNAL: CUDA error: : CUDA_ERROR_ILLEGAL_ADDRESS: an illegal memory access was encountered
E1008 01:03:19.351236 2104612 cuda_executor.cc:279] [0] failed to unload module 0x5d0ac12bb100; leaking: INTERNAL: CUDA error: : CUDA_ERROR_ILLEGAL_ADDRESS: an illegal memory access was encountered
E1008 01:03:19.353876 2104612 cuda_executor.cc:279] [0] failed to unload module 0x5d0a7e4ba310; leaking: INTERNAL: CUDA error: : CUDA_ERROR_ILLEGAL_ADDRESS: an illegal memory access was encountered
E1008 01:03:19.354550 2104612 cuda_executor.cc:279] [0] failed to unload module 0x5d0a41be9ea0; leaking: INTERNAL: CUDA error: : CUDA_ERROR_ILLEGAL_ADDRESS: an illegal memory access was encountered
E1008 01:03:19.355020 2104612 cuda_executor.cc:279] [0] failed to unload module 0x5d0a8e3424e0; leaking: INTERNAL: CUDA error: : CUDA_ERROR_ILLEGAL_ADDRESS: an illegal memory access was encountered
E1008 01:03:19.355743 2104612 cuda_executor.cc:279] [0] failed to unload module 0x5d0a733d0710; leaking: INTERNAL: CUDA error: : CUDA_ERROR_ILLEGAL_ADDRESS: an illegal memory access was encountered
E1008 01:03:19.356356 2104612 cuda_executor.cc:279] [0] failed to unload module 0x5d0a72aaf9c0; leaking: INTERNAL: CUDA error: : CUDA_ERROR_ILLEGAL_ADDRESS: an illegal memory access was encountered
E1008 01:03:19.357342 2104612 cuda_executor.cc:279] [0] failed to unload module 0x5d0a72d81740; leaking: INTERNAL: CUDA error: : CUDA_ERROR_ILLEGAL_ADDRESS: an illegal memory access was encountered
E1008 01:03:19.358710 2104612 cuda_executor.cc:279] [0] failed to unload module 0x5d0a73770930; leaking: INTERNAL: CUDA error: : CUDA_ERROR_ILLEGAL_ADDRESS: an illegal memory access was encountered
E1008 01:03:19.360559 2104612 cuda_executor.cc:279] [0] failed to unload module 0x5d0aa79e1bf0; leaking: INTERNAL: CUDA error: : CUDA_ERROR_ILLEGAL_ADDRESS: an illegal memory access was encountered
E1008 01:03:19.362799 2104612 cuda_executor.cc:603] [0] error deallocating host memory at 0x204c03000: INTERNAL: CUDA error: : CUDA_ERROR_ILLEGAL_ADDRESS: an illegal memory access was encountered
E1008 01:03:19.363166 2104612 cuda_executor.cc:603] [0] error deallocating host memory at 0x204c02e00: INTERNAL: CUDA error: : CUDA_ERROR_ILLEGAL_ADDRESS: an illegal memory access was encountered
E1008 01:03:19.363812 2104612 cuda_executor.cc:603] [0] error deallocating host memory at 0x204c02c00: INTERNAL: CUDA error: : CUDA_ERROR_ILLEGAL_ADDRESS: an illegal memory access was encountered
E1008 01:03:19.365295 2104612 cuda_executor.cc:279] [0] failed to unload module 0x5d0aa7574e20; leaking: INTERNAL: CUDA error: : CUDA_ERROR_ILLEGAL_ADDRESS: an illegal memory access was encountered
E1008 01:03:19.369952 2104612 cuda_executor.cc:603] [0] error deallocating host memory at 0x204c01c00: INTERNAL: CUDA error: : CUDA_ERROR_ILLEGAL_ADDRESS: an illegal memory access was encountered
E1008 01:03:19.371938 2104612 cuda_executor.cc:279] [0] failed to unload module 0x5d0a848738c0; leaking: INTERNAL: CUDA error: : CUDA_ERROR_ILLEGAL_ADDRESS: an illegal memory access was encountered
E1008 01:03:19.376648 2104612 cuda_executor.cc:603] [0] error deallocating host memory at 0x204c03400: INTERNAL: CUDA error: : CUDA_ERROR_ILLEGAL_ADDRESS: an illegal memory access was encountered
E1008 01:03:19.377349 2104612 cuda_executor.cc:279] [0] failed to unload module 0x5d0aa8a04120; leaking: INTERNAL: CUDA error: : CUDA_ERROR_ILLEGAL_ADDRESS: an illegal memory access was encountered
E1008 01:03:19.379632 2104612 cuda_executor.cc:279] [0] failed to unload module 0x5d0aa8818750; leaking: INTERNAL: CUDA error: : CUDA_ERROR_ILLEGAL_ADDRESS: an illegal memory access was encountered
E1008 01:03:19.381528 2104612 cuda_executor.cc:279] [0] failed to unload module 0x5d0aaa678880; leaking: INTERNAL: CUDA error: : CUDA_ERROR_ILLEGAL_ADDRESS: an illegal memory access was encountered
E1008 01:03:19.383114 2104612 cuda_executor.cc:603] [0] error deallocating host memory at 0x204c03800: INTERNAL: CUDA error: : CUDA_ERROR_ILLEGAL_ADDRESS: an illegal memory access was encountered
E1008 01:03:19.383752 2104612 cuda_executor.cc:279] [0] failed to unload module 0x5d0aa9839220; leaking: INTERNAL: CUDA error: : CUDA_ERROR_ILLEGAL_ADDRESS: an illegal memory access was encountered
E1008 01:03:19.385721 2104612 cuda_executor.cc:279] [0] failed to unload module 0x5d0aabed5e70; leaking: INTERNAL: CUDA error: : CUDA_ERROR_ILLEGAL_ADDRESS: an illegal memory access was encountered
E1008 01:03:19.388151 2104612 cuda_executor.cc:279] [0] failed to unload module 0x5d0aade00290; leaking: INTERNAL: CUDA error: : CUDA_ERROR_ILLEGAL_ADDRESS: an illegal memory access was encountered
E1008 01:03:19.389888 2104612 cuda_executor.cc:279] [0] failed to unload module 0x5d0aab1e47f0; leaking: INTERNAL: CUDA error: : CUDA_ERROR_ILLEGAL_ADDRESS: an illegal memory access was encountered
E1008 01:03:19.390600 2104612 cuda_executor.cc:279] [0] failed to unload module 0x5d0a4c5cf910; leaking: INTERNAL: CUDA error: : CUDA_ERROR_ILLEGAL_ADDRESS: an illegal memory access was encountered
E1008 01:03:19.391201 2104612 cuda_executor.cc:279] [0] failed to unload module 0x5d0a405d9890; leaking: INTERNAL: CUDA error: : CUDA_ERROR_ILLEGAL_ADDRESS: an illegal memory access was encountered
E1008 01:03:19.392136 2104612 cuda_executor.cc:279] [0] failed to unload module 0x5d0ab4488f20; leaking: INTERNAL: CUDA error: : CUDA_ERROR_ILLEGAL_ADDRESS: an illegal memory access was encountered
E1008 01:03:19.394908 2104612 cuda_executor.cc:279] [0] failed to unload module 0x5d0ad58e2b30; leaking: INTERNAL: CUDA error: : CUDA_ERROR_ILLEGAL_ADDRESS: an illegal memory access was encountered
E1008 01:03:19.395891 2104612 cuda_executor.cc:279] [0] failed to unload module 0x5d0ab65d11c0; leaking: INTERNAL: CUDA error: : CUDA_ERROR_ILLEGAL_ADDRESS: an illegal memory access was encountered
E1008 01:03:19.398469 2104612 cuda_executor.cc:279] [0] failed to unload module 0x5d0ad77dc060; leaking: INTERNAL: CUDA error: : CUDA_ERROR_ILLEGAL_ADDRESS: an illegal memory access was encountered
E1008 01:03:19.398968 2104612 cuda_executor.cc:279] [0] failed to unload module 0x5d0ac81de3b0; leaking: INTERNAL: CUDA error: : CUDA_ERROR_ILLEGAL_ADDRESS: an illegal memory access was encountered
E1008 01:03:19.399175 2104612 cuda_executor.cc:279] [0] failed to unload module 0x5d0abbef4b70; leaking: INTERNAL: CUDA error: : CUDA_ERROR_ILLEGAL_ADDRESS: an illegal memory access was encountered
E1008 01:03:19.401284 2104612 cuda_executor.cc:279] [0] failed to unload module 0x5d0ac6883ad0; leaking: INTERNAL: CUDA error: : CUDA_ERROR_ILLEGAL_ADDRESS: an illegal memory access was encountered
E1008 01:03:19.401835 2104612 cuda_executor.cc:279] [0] failed to unload module 0x5d0ad8a56e20; leaking: INTERNAL: CUDA error: : CUDA_ERROR_ILLEGAL_ADDRESS: an illegal memory access was encountered
E1008 01:03:19.402749 2104612 cuda_executor.cc:279] [0] failed to unload module 0x5d0abc64ead0; leaking: INTERNAL: CUDA error: : CUDA_ERROR_ILLEGAL_ADDRESS: an illegal memory access was encountered
E1008 01:03:19.402924 2104612 cuda_executor.cc:279] [0] failed to unload module 0x5d0abf1fb700; leaking: INTERNAL: CUDA error: : CUDA_ERROR_ILLEGAL_ADDRESS: an illegal memory access was encountered
E1008 01:03:19.404379 2104612 cuda_executor.cc:279] [0] failed to unload module 0x5d0adbb6f070; leaking: INTERNAL: CUDA error: : CUDA_ERROR_ILLEGAL_ADDRESS: an illegal memory access was encountered
E1008 01:03:19.406098 2104612 cuda_executor.cc:279] [0] failed to unload module 0x5d0ade36e0e0; leaking: INTERNAL: CUDA error: : CUDA_ERROR_ILLEGAL_ADDRESS: an illegal memory access was encountered
E1008 01:03:19.408728 2104612 cuda_executor.cc:279] [0] failed to unload module 0x5d0ad5929330; leaking: INTERNAL: CUDA error: : CUDA_ERROR_ILLEGAL_ADDRESS: an illegal memory access was encountered
E1008 01:03:19.410394 2104612 cuda_executor.cc:279] [0] failed to unload module 0x5d0ab4efd350; leaking: INTERNAL: CUDA error: : CUDA_ERROR_ILLEGAL_ADDRESS: an illegal memory access was encountered
E1008 01:03:19.413031 2104612 cuda_executor.cc:603] [0] error deallocating host memory at 0x204c04200: INTERNAL: CUDA error: : CUDA_ERROR_ILLEGAL_ADDRESS: an illegal memory access was encountered
E1008 01:03:19.413676 2104612 cuda_executor.cc:603] [0] error deallocating host memory at 0x204c04400: INTERNAL: CUDA error: : CUDA_ERROR_ILLEGAL_ADDRESS: an illegal memory access was encountered
E1008 01:03:19.414806 2104612 cuda_executor.cc:603] [0] error deallocating host memory at 0x204c04600: INTERNAL: CUDA error: : CUDA_ERROR_ILLEGAL_ADDRESS: an illegal memory access was encountered
E1008 01:03:19.415020 2104612 cuda_executor.cc:279] [0] failed to unload module 0x5d0ac32db870; leaking: INTERNAL: CUDA error: : CUDA_ERROR_ILLEGAL_ADDRESS: an illegal memory access was encountered
E1008 01:03:19.417658 2104612 cuda_executor.cc:279] [0] failed to unload module 0x5d0ac0e64a80; leaking: INTERNAL: CUDA error: : CUDA_ERROR_ILLEGAL_ADDRESS: an illegal memory access was encountered
E1008 01:03:19.418656 2104612 cuda_executor.cc:279] [0] failed to unload module 0x5d0ac12f40e0; leaking: INTERNAL: CUDA error: : CUDA_ERROR_ILLEGAL_ADDRESS: an illegal memory access was encountered
E1008 01:03:19.419140 2104612 cuda_executor.cc:279] [0] failed to unload module 0x5d0ab73788e0; leaking: INTERNAL: CUDA error: : CUDA_ERROR_ILLEGAL_ADDRESS: an illegal memory access was encountered
E1008 01:03:19.419616 2104612 cuda_executor.cc:279] [0] failed to unload module 0x5d0acf2124a0; leaking: INTERNAL: CUDA error: : CUDA_ERROR_ILLEGAL_ADDRESS: an illegal memory access was encountered
E1008 01:03:19.420305 2104612 cuda_executor.cc:279] [0] failed to unload module 0x5d0adbf8b2d0; leaking: INTERNAL: CUDA error: : CUDA_ERROR_ILLEGAL_ADDRESS: an illegal memory access was encountered
E1008 01:03:19.420983 2104612 cuda_executor.cc:279] [0] failed to unload module 0x5d0ac11082b0; leaking: INTERNAL: CUDA error: : CUDA_ERROR_ILLEGAL_ADDRESS: an illegal memory access was encountered
E1008 01:03:19.421307 2104612 cuda_executor.cc:279] [0] failed to unload module 0x5d0adc789770; leaking: INTERNAL: CUDA error: : CUDA_ERROR_ILLEGAL_ADDRESS: an illegal memory access was encountered
E1008 01:03:19.422151 2104612 cuda_executor.cc:279] [0] failed to unload module 0x5d0ac20e4260; leaking: INTERNAL: CUDA error: : CUDA_ERROR_ILLEGAL_ADDRESS: an illegal memory access was encountered
E1008 01:03:19.422638 2104612 cuda_executor.cc:279] [0] failed to unload module 0x5d0adc8bbc80; leaking: INTERNAL: CUDA error: : CUDA_ERROR_ILLEGAL_ADDRESS: an illegal memory access was encountered
E1008 01:03:19.423199 2104612 cuda_executor.cc:279] [0] failed to unload module 0x5d0ac2448640; leaking: INTERNAL: CUDA error: : CUDA_ERROR_ILLEGAL_ADDRESS: an illegal memory access was encountered
E1008 01:03:19.423801 2104612 cuda_executor.cc:279] [0] failed to unload module 0x5d0adc9d9230; leaking: INTERNAL: CUDA error: : CUDA_ERROR_ILLEGAL_ADDRESS: an illegal memory access was encountered
E1008 01:03:19.425204 2104612 cuda_executor.cc:279] [0] failed to unload module 0x5d0ac25c08d0; leaking: INTERNAL: CUDA error: : CUDA_ERROR_ILLEGAL_ADDRESS: an illegal memory access was encountered
E1008 01:03:19.427764 2104612 cuda_executor.cc:279] [0] failed to unload module 0x5d0ac8bf94e0; leaking: INTERNAL: CUDA error: : CUDA_ERROR_ILLEGAL_ADDRESS: an illegal memory access was encountered
E1008 01:03:19.428088 2104612 cuda_executor.cc:279] [0] failed to unload module 0x5d0ac5803450; leaking: INTERNAL: CUDA error: : CUDA_ERROR_ILLEGAL_ADDRESS: an illegal memory access was encountered
E1008 01:03:19.428295 2104612 cuda_executor.cc:279] [0] failed to unload module 0x5d0ac9718a80; leaking: INTERNAL: CUDA error: : CUDA_ERROR_ILLEGAL_ADDRESS: an illegal memory access was encountered
E1008 01:03:19.429100 2104612 cuda_executor.cc:603] [0] error deallocating host memory at 0x204c05000: INTERNAL: CUDA error: : CUDA_ERROR_ILLEGAL_ADDRESS: an illegal memory access was encountered
E1008 01:03:19.430790 2104612 cuda_executor.cc:603] [0] error deallocating host memory at 0x204c04e00: INTERNAL: CUDA error: : CUDA_ERROR_ILLEGAL_ADDRESS: an illegal memory access was encountered
E1008 01:03:19.431592 2104612 cuda_executor.cc:279] [0] failed to unload module 0x5d0ac8310860; leaking: INTERNAL: CUDA error: : CUDA_ERROR_ILLEGAL_ADDRESS: an illegal memory access was encountered
E1008 01:03:19.433496 2104612 cuda_executor.cc:603] [0] error deallocating host memory at 0x204c05400: INTERNAL: CUDA error: : CUDA_ERROR_ILLEGAL_ADDRESS: an illegal memory access was encountered
E1008 01:03:19.434281 2104612 cuda_executor.cc:603] [0] error deallocating host memory at 0x204c05200: INTERNAL: CUDA error: : CUDA_ERROR_ILLEGAL_ADDRESS: an illegal memory access was encountered
E1008 01:03:19.434938 2104612 cuda_executor.cc:279] [0] failed to unload module 0x5d0ac8c855e0; leaking: INTERNAL: CUDA error: : CUDA_ERROR_ILLEGAL_ADDRESS: an illegal memory access was encountered
E1008 01:03:19.436579 2104612 cuda_executor.cc:279] [0] failed to unload module 0x5d0ac751f090; leaking: INTERNAL: CUDA error: : CUDA_ERROR_ILLEGAL_ADDRESS: an illegal memory access was encountered
E1008 01:03:19.438074 2104612 cuda_executor.cc:279] [0] failed to unload module 0x5d0ac7edcd20; leaking: INTERNAL: CUDA error: : CUDA_ERROR_ILLEGAL_ADDRESS: an illegal memory access was encountered
E1008 01:03:19.438946 2104612 cuda_executor.cc:279] [0] failed to unload module 0x5d0ac3f52790; leaking: INTERNAL: CUDA error: : CUDA_ERROR_ILLEGAL_ADDRESS: an illegal memory access was encountered
E1008 01:03:19.439518 2104612 cuda_executor.cc:279] [0] failed to unload module 0x5d0ac5939f40; leaking: INTERNAL: CUDA error: : CUDA_ERROR_ILLEGAL_ADDRESS: an illegal memory access was encountered
E1008 01:03:19.443425 2104612 cuda_executor.cc:603] [0] error deallocating host memory at 0x204c04800: INTERNAL: CUDA error: : CUDA_ERROR_ILLEGAL_ADDRESS: an illegal memory access was encountered
E1008 01:03:19.443904 2104612 cuda_executor.cc:603] [0] error deallocating host memory at 0x204c04a00: INTERNAL: CUDA error: : CUDA_ERROR_ILLEGAL_ADDRESS: an illegal memory access was encountered
E1008 01:03:19.444707 2104612 cuda_executor.cc:603] [0] error deallocating host memory at 0x204c04c00: INTERNAL: CUDA error: : CUDA_ERROR_ILLEGAL_ADDRESS: an illegal memory access was encountered
E1008 01:03:19.445566 2104612 cuda_executor.cc:279] [0] failed to unload module 0x5d0ac4a9b700; leaking: INTERNAL: CUDA error: : CUDA_ERROR_ILLEGAL_ADDRESS: an illegal memory access was encountered
E1008 01:03:19.450393 2104612 cuda_executor.cc:279] [0] failed to unload module 0x5d0ac52bc200; leaking: INTERNAL: CUDA error: : CUDA_ERROR_ILLEGAL_ADDRESS: an illegal memory access was encountered
E1008 01:03:19.450706 2104612 cuda_executor.cc:279] [0] failed to unload module 0x5d0ac45c0db0; leaking: INTERNAL: CUDA error: : CUDA_ERROR_ILLEGAL_ADDRESS: an illegal memory access was encountered
E1008 01:03:19.451309 2104612 cuda_executor.cc:279] [0] failed to unload module 0x5d0ac9e1e780; leaking: INTERNAL: CUDA error: : CUDA_ERROR_ILLEGAL_ADDRESS: an illegal memory access was encountered
E1008 01:03:19.451517 2104612 cuda_executor.cc:279] [0] failed to unload module 0x5d0ac6c2abb0; leaking: INTERNAL: CUDA error: : CUDA_ERROR_ILLEGAL_ADDRESS: an illegal memory access was encountered
E1008 01:03:19.451969 2104612 cuda_executor.cc:279] [0] failed to unload module 0x7f4b6c004450; leaking: INTERNAL: CUDA error: : CUDA_ERROR_ILLEGAL_ADDRESS: an illegal memory access was encountered
E1008 01:03:19.452655 2104612 cuda_executor.cc:279] [0] failed to unload module 0x7f4b58010770; leaking: INTERNAL: CUDA error: : CUDA_ERROR_ILLEGAL_ADDRESS: an illegal memory access was encountered
E1008 01:03:19.453093 2104612 cuda_executor.cc:279] [0] failed to unload module 0x5d0acb3c1550; leaking: INTERNAL: CUDA error: : CUDA_ERROR_ILLEGAL_ADDRESS: an illegal memory access was encountered
E1008 01:03:19.453708 2104612 cuda_executor.cc:279] [0] failed to unload module 0x5d0aca150830; leaking: INTERNAL: CUDA error: : CUDA_ERROR_ILLEGAL_ADDRESS: an illegal memory access was encountered
E1008 01:03:19.456168 2104612 cuda_executor.cc:603] [0] error deallocating host memory at 0x204c00400: INTERNAL: CUDA error: : CUDA_ERROR_ILLEGAL_ADDRESS: an illegal memory access was encountered
E1008 01:03:19.456864 2104612 cuda_executor.cc:279] [0] failed to unload module 0x5d0a4de90800; leaking: INTERNAL: CUDA error: : CUDA_ERROR_ILLEGAL_ADDRESS: an illegal memory access was encountered
E1008 01:03:19.460923 2104612 cuda_executor.cc:279] [0] failed to unload module 0x5d0ac20024e0; leaking: INTERNAL: CUDA error: : CUDA_ERROR_ILLEGAL_ADDRESS: an illegal memory access was encountered
