E0928 11:30:00.301202 1558539 cuda_executor.cc:1743] Could not get kernel mode driver version: ( INVALID_ARGUMENT: Version does not match the format X.Y.Z )
E0928 11:30:00.312891 1558427 cuda_executor.cc:1743] Could not get kernel mode driver version: ( INVALID_ARGUMENT: Version does not match the format X.Y.Z )
DEVICE requested=gpu obtained=gpu (1x NVIDIA GeForce RTX 5070 Laptop GPU)
  [mem] RSS 0.83 GB  peak 0.83 GB
/home/singh/Documents/DESC2/coil_sandbox/vendor/desc/utils.py:590: UserWarning: Unequal number of field periods for grid 1 and basis 2.
  warnings.warn(msg, err)
/home/singh/Documents/DESC2/coil_sandbox/vendor/desc/utils.py:590: UserWarning: Unequal number of field periods for grid 1 and basis 2.
  warnings.warn(msg, err)
eq precise_QA (desc.examples) NFP 2 sym True; start work/ss_qa/start_arcB2_sw910.h5: 4 unique coils, arc=True, expect 16 coils; source grid gl (48 nodes/coil), length grid gl (48), constraint grid 301, curvature grid 301; mode stage2; VACUUM (plasma field ignored)
SETTINGS {'eq': 'precise_QA', 'start': 'work/ss_qa/start_arcB2_sw910.h5', 'out': 'work/ss_qa/stage2_L0p8', 'mode': 'stage2', 'length_mult': 0.8, 'margin': 0.0, 'fix_hinges': False, 'anchor_weight': 0.001, 'margin_skip': '', 'a': None, 'bounds': 'bounds/precise_qa_sweep910.json', 'device': None, 'vacuum': True, 'maxiter': 800, 'check_every': 50, 'ckpt_every': 50, 'diag_log': None, 'dcc_backoff': 0.025, 'dpc_backoff': 0.02, 'no_arc_backoffs': False, 'convex_form': 'signed', 'convex_kmin': 0.0, 'convex_backoff': 0.5, 'demount_margin': None, 'demount_backoff': 0.02, 'demount_arcs': False, 'demount_delta': 0.5, 'demount_eps': 0.25, 'level_hinges': False, 'fix_hinge_z': None, 'corner_max': None, 'planarity': 'auto', 'planarity_tol': 0.0, 'speed_floor': 0.0, 'arclength_weight': 0.0, 'torsion_weight': 0.0, 'coil_grid_n': 150, 'kappa_grid_n': None, 'eval_m': 25, 'eval_n': 25, 'plasma_m': 64, 'plasma_n': 64, 'src_gl': 24, 'src_n': 400, 'vc_m': None, 'vc_n': None, 'vc_chunk': 64, 'dcc_k': 20000, 'dpc_k': 20000, 'no_signed': False, 'dcc_neighbors': None, 'dcc_chunk': 4, 'dpc_chunk': 1, 'qf_chunk': 25, 'coil_jac_chunk': None, 'no_second_order': False, 'so_chunk': 16, 'so_rtol': 0.05, 'max_tr': 0.5, 'max_inner_iter': 100, 'ctol': 0.0001}
BOUNDS (judged, absolute, a=0.17178) L 4.123  Ltot -  kappa 11.64  kms 5.648  convex -  planar -  dcc 0.08555  dpc 0.1711
ENFORCED L 4.123  Ltot -  kappa 11.58  kms 5.592  convex -  planar -  dcc 0.08922  dpc 0.1745
START  bn 1.2234e-01  L 0.942  kappa 0.393  kMS 0.507  d_cc 1.380  d_pc 1.069  linked 0  coils 16  -> FEASIBLE
Building objective: Quadratic flux
Precomputing transforms
Timer: Precomputing transforms = 1.67 sec
ObjectiveFunction deriv_mode : blocked
Quadratic flux jac_chunk_size: 25
Timer: Objective build = 2.22 sec
Building objective: summed coil current
Building objective: fixed shift
Building objective: fixed rotation
Building objective: fixed arc reference
ObjectiveFunction deriv_mode : blocked
summed coil current jac_chunk_size: None
fixed shift jac_chunk_size: None
fixed rotation jac_chunk_size: None
fixed arc reference jac_chunk_size: None
Timer: Objective build = 477 ms
Building objective: coil length
Precomputing transforms
Timer: Precomputing transforms = 112 us
Building objective: coil curvature
Precomputing transforms
Timer: Precomputing transforms = 63.8 us
Building objective: coil mean squared curvature
Precomputing transforms
Timer: Precomputing transforms = 62.7 us
Building objective: coil-coil distance penalty
Building objective: plasma-coil distance penalty
ObjectiveFunction deriv_mode : blocked
coil length jac_chunk_size: None
coil curvature jac_chunk_size: None
coil mean squared curvature jac_chunk_size: None
coil-coil distance penalty jac_chunk_size: 4
plasma-coil distance penalty jac_chunk_size: 1
Timer: Objective build = 4.40 sec
  [mem] RSS 3.06 GB  peak 3.06 GB
Timer: LinearConstraintProjection build = 2.40 sec
Timer: LinearConstraintProjection build = 128 ms
Number of parameters: 59
Number of objectives: 1326
Number of equality constraints: 0
Number of inequality constraints: 1274
Timer: Initializing the optimization = 10.5 sec

Starting optimization
Using method: lsq-auglag
E0928 11:30:38.392448 1558548 cuda_timer.cc:87] Delay kernel timed out: measured time has sub-optimal accuracy. There may be a missing warmup execution, please investigate in Nsight Systems.
  [mem] RSS 3.73 GB  peak 3.73 GB
E0928 11:31:07.618977 1558561 cuda_timer.cc:87] Delay kernel timed out: measured time has sub-optimal accuracy. There may be a missing warmup execution, please investigate in Nsight Systems.
E0928 11:31:07.724835 1558560 cuda_timer.cc:87] Delay kernel timed out: measured time has sub-optimal accuracy. There may be a missing warmup execution, please investigate in Nsight Systems.
Solver options:
------------------------------------------------------------
Maximum Function Evaluations       : 4001
Maximum Allowed Total Δx Norm      : inf
Scaled Termination                 : True
Trust Region Method                : svd
Initial Trust Radius               : 1.849e-01
Maximum Trust Radius               : 5.000e-01
Minimum Trust Radius               : 2.220e-16
Trust Radius Increase Ratio        : 4.000e+00
Trust Radius Decrease Ratio        : 2.500e-01
Trust Radius Increase Threshold    : 7.500e-01
Trust Radius Decrease Threshold    : 5.000e-01
Alpha Omega                        : 1.000e+00
Beta Omega                         : 1.000e+00
Alpha Eta                          : 1.000e-01
Beta Eta                           : 9.000e-01
Omega                              : 1.000e-02
Eta                                : 1.000e-02
Tau                                : 1.000e+01
------------------------------------------------------------ 

   Iteration     Total nfev        Cost      Cost reduction    Step norm     Optimality    Constr viol.   Penalty param  max(|mltplr|)      gtolk     
       0              1          1.122e+02                                    6.352e+00      0.000e+00      1.000e+01      0.000e+00      1.000e-03   
second_order: compiling constraint Hessian for blocks CoilLength, CoilCurvature, CoilMeanSquaredCurvature
  [mem] RSS 4.29 GB  peak 4.29 GB
E0928 11:31:50.361808 1558562 cuda_timer.cc:87] Delay kernel timed out: measured time has sub-optimal accuracy. There may be a missing warmup execution, please investigate in Nsight Systems.
  [mem] RSS 5.31 GB  peak 5.31 GB
       1              2          1.086e+02      3.623e+00      1.861e-02      6.105e+00      0.000e+00      1.000e+01      0.000e+00      1.000e-03   
       2              3          9.963e+01      8.976e+00      5.280e-02      5.443e+00      0.000e+00      1.000e+01      0.000e+00      1.000e-03   
       3              4          9.176e+01      7.869e+00      5.438e-02      4.802e+00      0.000e+00      1.000e+01      0.000e+00      1.000e-03   
       4              5          8.485e+01      6.905e+00      5.526e-02      4.211e+00      0.000e+00      1.000e+01      0.000e+00      1.000e-03   
       5              6          7.876e+01      6.090e+00      5.571e-02      3.693e+00      0.000e+00      1.000e+01      0.000e+00      1.000e-03   
       6              7          7.334e+01      5.424e+00      5.640e-02      3.256e+00      0.000e+00      1.000e+01      0.000e+00      1.000e-03   
       7              8          6.845e+01      4.890e+00      5.781e-02      2.895e+00      0.000e+00      1.000e+01      0.000e+00      1.000e-03   
       8              9          6.398e+01      4.469e+00      5.977e-02      2.599e+00      0.000e+00      1.000e+01      0.000e+00      1.000e-03   
       9             10          5.984e+01      4.136e+00      6.191e-02      2.354e+00      0.000e+00      1.000e+01      0.000e+00      1.000e-03   
      10             11          5.598e+01      3.859e+00      6.387e-02      2.145e+00      0.000e+00      1.000e+01      0.000e+00      1.000e-03   
      11             12          5.236e+01      3.625e+00      6.552e-02      1.998e+00      0.000e+00      1.000e+01      0.000e+00      1.000e-03   
      12             13          4.894e+01      3.420e+00      6.680e-02      1.941e+00      0.000e+00      1.000e+01      0.000e+00      1.000e-03   
      13             14          4.571e+01      3.233e+00      6.775e-02      1.872e+00      3.361e-07      1.000e+01      0.000e+00      1.000e-03   
      14             15          4.265e+01      3.056e+00      6.844e-02      1.796e+00      6.800e-05      1.000e+01      0.000e+00      1.000e-03   
      15             16          3.977e+01      2.882e+00      6.892e-02      1.716e+00      4.145e-04      1.000e+01      0.000e+00      1.000e-03   
      16             17          3.706e+01      2.713e+00      6.904e-02      1.635e+00      1.256e-03      1.000e+01      0.000e+00      1.000e-03   
      17             18          3.451e+01      2.548e+00      6.897e-02      1.555e+00      2.559e-03      1.000e+01      0.000e+00      1.000e-03   
      18             19          3.213e+01      2.382e+00      6.896e-02      1.476e+00      5.225e-03      1.000e+01      0.000e+00      1.000e-03   
second_order: compiling constraint Hessian for blocks CoilLength, CoilCurvature, CoilMeanSquaredCurvature, PlasmaCoilSetDistancePenalty
  [mem] RSS 5.35 GB  peak 5.35 GB
  [mem] RSS 6.02 GB  peak 6.02 GB
      19             20          2.991e+01      2.215e+00      6.889e-02      1.397e+00      1.147e-02      1.000e+01      0.000e+00      1.000e-03   
      20             21          2.787e+01      2.039e+00      6.883e-02      1.315e+00      2.180e-02      1.000e+01      0.000e+00      1.000e-03   
second_order: compiling constraint Hessian for blocks CoilLength, CoilCurvature, CoilMeanSquaredCurvature, CoilSetDistancePenalty, PlasmaCoilSetDistancePenalty
  [mem] RSS 6.11 GB  peak 6.11 GB
  [mem] RSS 6.71 GB  peak 6.80 GB
  [mem] RSS 6.81 GB  peak 6.81 GB
      21             22          2.600e+01      1.867e+00      6.853e-02      1.365e+00      4.071e-01      1.000e+01      0.000e+00      1.000e-03   
      22             23          2.475e+01      1.255e+00      6.546e-02      1.052e+00      2.116e-01      1.000e+01      0.000e+00      1.000e-03   
      23             24          2.343e+01      1.324e+00      7.020e-02      9.732e-01      1.362e-01      1.000e+01      0.000e+00      1.000e-03   
      24             25          2.216e+01      1.261e+00      6.935e-02      9.536e-01      9.784e-02      1.000e+01      0.000e+00      1.000e-03   
      25             26          2.096e+01      1.201e+00      6.826e-02      9.221e-01      7.697e-02      1.000e+01      0.000e+00      1.000e-03   
      26             27          1.982e+01      1.144e+00      6.707e-02      8.821e-01      6.482e-02      1.000e+01      0.000e+00      1.000e-03   
      27             28          1.873e+01      1.091e+00      6.583e-02      8.361e-01      5.725e-02      1.000e+01      0.000e+00      1.000e-03   
      28             29          1.769e+01      1.042e+00      6.454e-02      7.858e-01      5.215e-02      1.000e+01      0.000e+00      1.000e-03   
      29             30          1.669e+01      9.939e-01      6.317e-02      7.321e-01      4.837e-02      1.000e+01      0.000e+00      1.000e-03   
      30             31          1.574e+01      9.497e-01      6.170e-02      6.883e-01      4.530e-02      1.000e+01      0.000e+00      1.000e-03   
      31             32          1.483e+01      9.086e-01      6.018e-02      7.026e-01      4.280e-02      1.000e+01      0.000e+00      1.000e-03   
      32             33          1.396e+01      8.713e-01      5.866e-02      7.097e-01      4.069e-02      1.000e+01      0.000e+00      1.000e-03   
      33             34          1.313e+01      8.352e-01      5.717e-02      7.059e-01      3.890e-02      1.000e+01      0.000e+00      1.000e-03   
      34             35          1.233e+01      7.976e-01      5.539e-02      6.895e-01      3.732e-02      1.000e+01      0.000e+00      1.000e-03   
      35             36          1.157e+01      7.611e-01      5.369e-02      6.657e-01      3.589e-02      1.000e+01      0.000e+00      1.000e-03   
      36             37          1.084e+01      7.260e-01      5.215e-02      6.371e-01      3.460e-02      1.000e+01      0.000e+00      1.000e-03   
      37             38          1.015e+01      6.915e-01      5.075e-02      6.052e-01      3.344e-02      1.000e+01      0.000e+00      1.000e-03   
      38             39          9.494e+00      6.574e-01      4.948e-02      5.712e-01      3.232e-02      1.000e+01      0.000e+00      1.000e-03   
      39             40          8.870e+00      6.234e-01      4.831e-02      5.361e-01      3.111e-02      1.000e+01      0.000e+00      1.000e-03   
  [mem] RSS 6.85 GB  peak 6.85 GB
      40             41          8.281e+00      5.890e-01      4.724e-02      5.004e-01      2.985e-02      1.000e+01      0.000e+00      1.000e-03   
      41             42          7.727e+00      5.546e-01      4.629e-02      4.647e-01      2.856e-02      1.000e+01      0.000e+00      1.000e-03   
      42             43          7.207e+00      5.194e-01      4.582e-02      4.294e-01      3.172e-02      1.000e+01      0.000e+00      1.000e-03   
      43             44          6.723e+00      4.841e-01      4.535e-02      3.949e-01      4.322e-02      1.000e+01      0.000e+00      1.000e-03   
      44             45          6.274e+00      4.491e-01      4.503e-02      3.615e-01      5.372e-02      1.000e+01      0.000e+00      1.000e-03   
      45             46          5.860e+00      4.143e-01      4.490e-02      3.294e-01      6.311e-02      1.000e+01      0.000e+00      1.000e-03   
      46             47          5.480e+00      3.803e-01      4.493e-02      2.988e-01      7.136e-02      1.000e+01      0.000e+00      1.000e-03   
      47             48          5.132e+00      3.473e-01      4.526e-02      2.700e-01      7.837e-02      1.000e+01      0.000e+00      1.000e-03   
      48             49          4.816e+00      3.161e-01      4.578e-02      2.431e-01      8.417e-02      1.000e+01      0.000e+00      1.000e-03   
      49             50          4.529e+00      2.868e-01      4.664e-02      2.183e-01      8.868e-02      1.000e+01      0.000e+00      1.000e-03   
  [it   50] bn 2.3742e-02  L 1.014  kappa 0.796  kMS 0.925  d_cc 1.011  d_pc 0.996  -> FAILS L,d_pc
      50             51          4.269e+00      2.601e-01      4.769e-02      1.957e-01      9.201e-02      1.000e+01      0.000e+00      1.000e-03   
      51             52          4.033e+00      2.361e-01      4.900e-02      1.753e-01      9.407e-02      1.000e+01      0.000e+00      1.000e-03   
      52             53          3.818e+00      2.153e-01      5.123e-02      1.578e-01      9.492e-02      1.000e+01      0.000e+00      1.000e-03   
      53             54          3.621e+00      1.975e-01      5.291e-02      1.427e-01      9.472e-02      1.000e+01      0.000e+00      1.000e-03   
      54             55          3.438e+00      1.823e-01      5.439e-02      1.294e-01      9.376e-02      1.000e+01      0.000e+00      1.000e-03   
      55             56          3.269e+00      1.690e-01      5.563e-02      1.177e-01      9.215e-02      1.000e+01      0.000e+00      1.000e-03   
      56             57          3.112e+00      1.570e-01      5.653e-02      1.072e-01      9.011e-02      1.000e+01      0.000e+00      1.000e-03   
      57             58          2.966e+00      1.461e-01      5.700e-02      9.778e-02      8.776e-02      1.000e+01      0.000e+00      1.000e-03   
      58             59          2.830e+00      1.358e-01      5.700e-02      8.907e-02      8.535e-02      1.000e+01      0.000e+00      1.000e-03   
      59             60          2.705e+00      1.258e-01      5.663e-02      8.278e-02      8.303e-02      1.000e+01      0.000e+00      1.000e-03   
      60             61          2.589e+00      1.161e-01      5.578e-02      8.124e-02      8.105e-02      1.000e+01      0.000e+00      1.000e-03   
      61             62          2.482e+00      1.066e-01      5.468e-02      7.848e-02      7.936e-02      1.000e+01      0.000e+00      1.000e-03   
      62             63          2.384e+00      9.777e-02      5.328e-02      7.446e-02      7.815e-02      1.000e+01      0.000e+00      1.000e-03   
      63             64          2.295e+00      8.945e-02      5.168e-02      6.938e-02      7.732e-02      1.000e+01      0.000e+00      1.000e-03   
      64             65          2.213e+00      8.175e-02      5.016e-02      6.353e-02      7.671e-02      1.000e+01      0.000e+00      1.000e-03   
      65             66          2.144e+00      6.878e-02      4.906e-02      5.423e-02      7.643e-02      1.000e+01      0.000e+00      1.000e-03   
second_order: compiling constraint Hessian for blocks CoilLength, CoilCurvature, CoilSetDistancePenalty, PlasmaCoilSetDistancePenalty
  [mem] RSS 6.86 GB  peak 6.86 GB
E0928 11:35:54.338237 1558569 cuda_timer.cc:87] Delay kernel timed out: measured time has sub-optimal accuracy. There may be a missing warmup execution, please investigate in Nsight Systems.
  [mem] RSS 7.00 GB  peak 7.00 GB
  [mem] RSS 7.05 GB  peak 7.05 GB
      66             67          2.083e+00      6.104e-02      4.529e-02      4.693e-02      7.642e-02      1.000e+01      0.000e+00      1.000e-03   
      67             68          2.028e+00      5.531e-02      4.359e-02      3.959e-02      7.578e-02      1.000e+01      0.000e+00      1.000e-03   
      68             69          1.977e+00      5.044e-02      4.279e-02      3.299e-02      7.482e-02      1.000e+01      0.000e+00      1.000e-03   
      69             70          1.931e+00      4.610e-02      4.146e-02      2.872e-02      7.372e-02      1.000e+01      0.000e+00      1.000e-03   
      70             71          1.889e+00      4.260e-02      4.029e-02      2.775e-02      7.261e-02      1.000e+01      0.000e+00      1.000e-03   
      71             72          1.849e+00      3.984e-02      3.899e-02      2.688e-02      7.149e-02      1.000e+01      0.000e+00      1.000e-03   
      72             73          1.812e+00      3.725e-02      3.787e-02      2.595e-02      7.039e-02      1.000e+01      0.000e+00      1.000e-03   
      73             74          1.777e+00      3.509e-02      3.645e-02      2.499e-02      6.934e-02      1.000e+01      0.000e+00      1.000e-03   
      74             75          1.743e+00      3.324e-02      3.549e-02      2.410e-02      6.829e-02      1.000e+01      0.000e+00      1.000e-03   
      75             76          1.712e+00      3.173e-02      3.422e-02      2.318e-02      6.723e-02      1.000e+01      0.000e+00      1.000e-03   
      76             77          1.681e+00      3.022e-02      3.344e-02      2.253e-02      6.623e-02      1.000e+01      0.000e+00      1.000e-03   
      77             78          1.652e+00      2.891e-02      3.211e-02      2.168e-02      6.520e-02      1.000e+01      0.000e+00      1.000e-03   
      78             79          1.625e+00      2.773e-02      3.114e-02      2.103e-02      6.414e-02      1.000e+01      0.000e+00      1.000e-03   
      79             80          1.598e+00      2.673e-02      3.008e-02      2.029e-02      6.314e-02      1.000e+01      0.000e+00      1.000e-03   
      80             81          1.572e+00      2.576e-02      2.938e-02      2.024e-02      6.216e-02      1.000e+01      0.000e+00      1.000e-03   
      81             82          1.547e+00      2.484e-02      2.843e-02      2.030e-02      6.120e-02      1.000e+01      0.000e+00      1.000e-03   
second_order: compiling constraint Hessian for blocks CoilLength, CoilCurvature, CoilSetDistancePenalty
  [mem] RSS 7.11 GB  peak 7.14 GB
  [mem] RSS 7.20 GB  peak 7.20 GB
      82             83          1.523e+00      2.397e-02      2.762e-02      2.030e-02      6.025e-02      1.000e+01      0.000e+00      1.000e-03   
      83             84          1.500e+00      2.335e-02      2.735e-02      2.042e-02      5.934e-02      1.000e+01      0.000e+00      1.000e-03   
      84             85          1.477e+00      2.273e-02      2.723e-02      2.042e-02      5.842e-02      1.000e+01      0.000e+00      1.000e-03   
      85             86          1.455e+00      2.206e-02      2.716e-02      2.040e-02      5.751e-02      1.000e+01      0.000e+00      1.000e-03   
      86             87          1.434e+00      2.145e-02      2.733e-02      2.033e-02      5.661e-02      1.000e+01      0.000e+00      1.000e-03   
      87             88          1.413e+00      2.072e-02      2.656e-02      2.013e-02      5.567e-02      1.000e+01      0.000e+00      1.000e-03   
      88             89          1.393e+00      2.015e-02      2.622e-02      1.990e-02      5.476e-02      1.000e+01      0.000e+00      1.000e-03   
      89             90          1.373e+00      1.960e-02      2.626e-02      1.966e-02      5.386e-02      1.000e+01      0.000e+00      1.000e-03   
      90             91          1.354e+00      1.903e-02      2.581e-02      1.930e-02      5.295e-02      1.000e+01      0.000e+00      1.000e-03   
      91             92          1.336e+00      1.850e-02      2.575e-02      1.893e-02      5.204e-02      1.000e+01      0.000e+00      1.000e-03   
      92             93          1.318e+00      1.802e-02      2.563e-02      1.845e-02      5.114e-02      1.000e+01      0.000e+00      1.000e-03   
      93             94          1.300e+00      1.750e-02      2.567e-02      1.802e-02      5.025e-02      1.000e+01      0.000e+00      1.000e-03   
      94             95          1.283e+00      1.702e-02      2.532e-02      1.750e-02      4.935e-02      1.000e+01      0.000e+00      1.000e-03   
      95             96          1.267e+00      1.651e-02      2.563e-02      1.700e-02      4.848e-02      1.000e+01      0.000e+00      1.000e-03   
      96             97          1.251e+00      1.604e-02      2.527e-02      1.642e-02      4.761e-02      1.000e+01      0.000e+00      1.000e-03   
      97             98          1.235e+00      1.557e-02      2.566e-02      1.585e-02      4.676e-02      1.000e+01      0.000e+00      1.000e-03   
      98             99          1.220e+00      1.513e-02      2.526e-02      1.522e-02      4.591e-02      1.000e+01      0.000e+00      1.000e-03   
      99             100         1.205e+00      1.468e-02      2.600e-02      1.468e-02      4.509e-02      1.000e+01      0.000e+00      1.000e-03   
second_order: compiling constraint Hessian for blocks CoilLength
  [mem] RSS 7.22 GB  peak 7.22 GB
  [it  100] bn 1.1678e-02  L 1.007  kappa 0.978  kMS 0.914  d_cc 1.016  d_pc 1.075  -> FAILS L
      100            101         1.191e+00      1.425e-02      2.538e-02      3.691e-01      4.427e-02      1.021e+01      7.695e-02      3.691e-02   
      101            102         1.215e+00     -2.435e-02      7.781e-03      1.442e-01      2.016e-02      1.021e+01      7.695e-02      3.691e-02   
      102            103         1.217e+00     -1.120e-03      3.204e-02      6.445e-02      7.164e-03      1.021e+01      5.127e-01      6.445e-03   
      103            104         1.210e+00      6.796e-03      2.773e-02      1.305e-02      2.588e-03      1.021e+01      5.127e-01      6.445e-03   
      104            105         1.197e+00      1.228e-02      2.882e-02      1.143e-02      1.133e-03      1.021e+01      5.127e-01      6.445e-03   
      105            106         1.185e+00      1.228e-02      2.754e-02      1.062e-02      1.033e-03      1.021e+01      5.127e-01      6.445e-03   
      106            107         1.173e+00      1.223e-02      2.781e-02      1.119e-02      9.773e-04      1.021e+01      5.127e-01      6.445e-03   
      107            108         1.161e+00      1.232e-02      2.668e-02      1.509e-02      7.447e-04      1.021e+01      5.127e-01      6.445e-03   
      108            109         1.149e+00      1.205e-02      2.712e-02      8.570e-02      2.762e-02      1.021e+01      5.127e-01      6.445e-03   
      109            110         1.138e+00      1.096e-02      2.807e-02      3.010e-02      1.419e-02      1.021e+01      5.127e-01      6.445e-03   
      110            111         1.127e+00      1.043e-02      2.673e-02      1.151e-02      7.541e-03      1.021e+01      5.127e-01      6.445e-03   
      111            112         1.117e+00      9.991e-03      2.588e-02      7.756e-03      4.661e-03      1.021e+01      5.127e-01      6.445e-03   
      112            113         1.108e+00      9.575e-03      2.519e-02      7.502e-03      3.338e-03      1.021e+01      5.127e-01      6.445e-03   
      113            114         1.098e+00      9.185e-03      2.368e-02      7.481e-03      3.093e-03      1.021e+01      5.127e-01      6.445e-03   
      114            115         1.090e+00      8.862e-03      2.267e-02      7.450e-03      3.244e-03      1.021e+01      5.127e-01      6.445e-03   
      115            116         1.081e+00      8.548e-03      2.182e-02      7.407e-03      3.291e-03      1.021e+01      5.127e-01      6.445e-03   
      116            117         1.073e+00      8.239e-03      2.109e-02      7.355e-03      3.436e-03      1.021e+01      5.127e-01      6.445e-03   
      117            118         1.065e+00      7.955e-03      2.094e-02      7.308e-03      3.530e-03      1.021e+01      5.127e-01      6.445e-03   
      118            119         1.057e+00      7.666e-03      1.993e-02      7.257e-03      3.475e-03      1.021e+01      5.127e-01      6.445e-03   
      119            120         1.050e+00      7.392e-03      2.013e-02      7.200e-03      3.478e-03      1.021e+01      5.127e-01      6.445e-03   
      120            121         1.043e+00      7.131e-03      1.901e-02      7.135e-03      3.452e-03      1.021e+01      5.127e-01      6.445e-03   
      121            122         1.036e+00      6.857e-03      1.883e-02      7.075e-03      3.470e-03      1.021e+01      5.127e-01      6.445e-03   
      122            123         1.029e+00      6.590e-03      1.778e-02      7.000e-03      3.368e-03      1.021e+01      5.127e-01      6.445e-03   
      123            124         1.023e+00      6.334e-03      1.765e-02      6.928e-03      3.382e-03      1.021e+01      5.127e-01      6.445e-03   
      124            125         1.017e+00      6.097e-03      1.655e-02      6.862e-03      3.472e-03      1.021e+01      5.127e-01      6.445e-03   
      125            126         1.011e+00      5.860e-03      1.638e-02      6.800e-03      4.239e-03      1.021e+01      5.127e-01      6.445e-03   
      126            127         1.005e+00      5.627e-03      1.512e-02      6.729e-03      4.796e-03      1.021e+01      5.127e-01      6.445e-03   
      127            128         9.998e-01      5.426e-03      1.476e-02      6.655e-03      5.187e-03      1.021e+01      5.127e-01      6.445e-03   
      128            129         9.946e-01      5.228e-03      1.324e-02      6.562e-03      5.488e-03      1.021e+01      5.127e-01      6.445e-03   
      129            130         9.896e-01      5.055e-03      1.298e-02      6.487e-03      5.729e-03      1.021e+01      5.127e-01      6.445e-03   
      130            131         9.847e-01      4.883e-03      1.131e-02      5.044e-02      5.933e-03      1.042e+01      4.881e-01      5.044e-03   
      131            132         9.803e-01      4.395e-03      1.396e-02      7.936e-03      1.849e-03      1.042e+01      4.881e-01      5.044e-03   
      132            133         9.757e-01      4.536e-03      9.674e-03      6.392e-03      1.196e-03      1.042e+01      4.881e-01      5.044e-03   
      133            134         9.713e-01      4.447e-03      9.703e-03      6.196e-03      8.934e-04      1.042e+01      4.881e-01      5.044e-03   
      134            135         9.669e-01      4.359e-03      8.681e-03      6.093e-03      8.411e-04      1.042e+01      4.881e-01      5.044e-03   
      135            136         9.627e-01      4.263e-03      8.199e-03      6.002e-03      8.442e-04      1.042e+01      4.881e-01      5.044e-03   
      136            137         9.585e-01      4.171e-03      7.108e-03      5.913e-03      8.459e-04      1.042e+01      4.881e-01      5.044e-03   
      137            138         9.544e-01      4.094e-03      7.061e-03      5.840e-03      8.535e-04      1.042e+01      4.881e-01      5.044e-03   
      138            139         9.504e-01      4.013e-03      6.275e-03      5.757e-03      8.413e-04      1.042e+01      4.881e-01      5.044e-03   
      139            140         9.464e-01      3.946e-03      6.006e-03      5.680e-03      8.375e-04      1.042e+01      4.881e-01      5.044e-03   
      140            141         9.426e-01      3.886e-03      5.981e-03      5.605e-03      8.267e-04      1.042e+01      4.881e-01      5.044e-03   
      141            142         9.387e-01      3.828e-03      5.696e-03      5.532e-03      8.074e-04      1.042e+01      4.881e-01      5.044e-03   
      142            143         9.350e-01      3.775e-03      5.265e-03      5.468e-03      7.984e-04      1.042e+01      4.881e-01      5.044e-03   
      143            144         9.312e-01      3.728e-03      5.109e-03      5.406e-03      7.835e-04      1.042e+01      4.881e-01      5.044e-03   
second_order: compiling constraint Hessian for blocks CoilLength, CoilSetDistancePenalty
  [mem] RSS 7.23 GB  peak 7.23 GB
  [mem] RSS 7.33 GB  peak 7.35 GB
      144            145         9.275e-01      3.687e-03      5.141e-03      5.350e-03      7.697e-04      1.042e+01      4.881e-01      5.044e-03   
      145            146         9.239e-01      3.646e-03      4.940e-03      5.293e-03      7.602e-04      1.042e+01      4.881e-01      5.044e-03   
      146            147         9.203e-01      3.608e-03      4.840e-03      5.237e-03      7.520e-04      1.042e+01      4.881e-01      5.044e-03   
      147            148         9.167e-01      3.574e-03      4.793e-03      5.183e-03      7.444e-04      1.042e+01      4.881e-01      5.044e-03   
      148            149         9.132e-01      3.542e-03      4.770e-03      5.132e-03      7.380e-04      1.042e+01      4.881e-01      5.044e-03   
      149            150         9.097e-01      3.512e-03      4.754e-03      5.082e-03      7.327e-04      1.042e+01      4.881e-01      5.044e-03   
  [it  150] bn 1.0448e-02  L 1.000  kappa 0.986  kMS 0.991  d_cc 1.032  d_pc 1.063  -> FAILS L
      150            151         9.062e-01      3.484e-03      4.966e-03      3.168e-02      7.285e-04      1.042e+01      4.485e-01      3.168e-03   
      151            152         9.042e-01      1.973e-03      1.194e-02      1.593e-02      5.707e-04      1.042e+01      4.485e-01      3.168e-03   
      152            153         9.005e-01      3.705e-03      1.362e-02      4.959e-03      3.936e-04      1.042e+01      4.485e-01      3.168e-03   
      153            154         8.971e-01      3.413e-03      5.001e-03      4.908e-03      3.664e-04      1.042e+01      4.485e-01      3.168e-03   
      154            155         8.937e-01      3.391e-03      5.017e-03      4.866e-03      3.661e-04      1.042e+01      4.485e-01      3.168e-03   
      155            156         8.903e-01      3.369e-03      5.036e-03      4.827e-03      3.685e-04      1.042e+01      4.485e-01      3.168e-03   
      156            157         8.870e-01      3.347e-03      5.024e-03      4.788e-03      3.711e-04      1.042e+01      4.485e-01      3.168e-03   
      157            158         8.836e-01      3.326e-03      5.060e-03      4.751e-03      3.749e-04      1.042e+01      4.485e-01      3.168e-03   
      158            159         8.803e-01      3.306e-03      5.066e-03      4.714e-03      3.800e-04      1.042e+01      4.485e-01      3.168e-03   
      159            160         8.771e-01      3.287e-03      5.076e-03      4.679e-03      3.862e-04      1.042e+01      4.485e-01      3.168e-03   
      160            161         8.738e-01      3.267e-03      5.074e-03      4.647e-03      3.821e-04      1.042e+01      4.485e-01      3.168e-03   
      161            162         8.705e-01      3.248e-03      5.072e-03      4.610e-03      3.656e-04      1.042e+01      4.485e-01      3.168e-03   
      162            163         8.673e-01      3.232e-03      5.042e-03      4.578e-03      3.572e-04      1.042e+01      4.485e-01      3.168e-03   
      163            164         8.641e-01      3.215e-03      5.037e-03      4.547e-03      3.499e-04      1.042e+01      4.485e-01      3.168e-03   
      164            165         8.609e-01      3.199e-03      5.039e-03      4.516e-03      3.447e-04      1.042e+01      4.485e-01      3.168e-03   
      165            166         8.577e-01      3.183e-03      5.030e-03      4.484e-03      3.403e-04      1.042e+01      4.485e-01      3.168e-03   
      166            167         8.545e-01      3.168e-03      5.016e-03      4.453e-03      3.376e-04      1.042e+01      4.485e-01      3.168e-03   
      167            168         8.514e-01      3.153e-03      5.060e-03      4.422e-03      3.363e-04      1.042e+01      4.485e-01      3.168e-03   
      168            169         8.483e-01      3.138e-03      5.014e-03      4.392e-03      3.368e-04      1.042e+01      4.485e-01      3.168e-03   
      169            170         8.451e-01      3.125e-03      4.969e-03      4.362e-03      3.391e-04      1.042e+01      4.485e-01      3.168e-03   
      170            171         8.420e-01      3.111e-03      4.936e-03      4.333e-03      3.441e-04      1.042e+01      4.485e-01      3.168e-03   
  [mem] RSS 7.37 GB  peak 7.37 GB
      171            172         8.389e-01      3.097e-03      4.963e-03      4.304e-03      3.493e-04      1.042e+01      4.485e-01      3.168e-03   
      172            173         8.358e-01      3.085e-03      4.927e-03      4.275e-03      3.567e-04      1.042e+01      4.485e-01      3.168e-03   
      173            174         8.328e-01      3.072e-03      4.918e-03      4.250e-03      3.661e-04      1.042e+01      4.485e-01      3.168e-03   
      174            175         8.297e-01      3.057e-03      4.901e-03      4.218e-03      3.550e-04      1.042e+01      4.485e-01      3.168e-03   
      175            176         8.267e-01      3.046e-03      4.901e-03      4.190e-03      3.531e-04      1.042e+01      4.485e-01      3.168e-03   
      176            177         8.236e-01      3.035e-03      4.961e-03      4.162e-03      3.522e-04      1.042e+01      4.485e-01      3.168e-03   
      177            178         8.206e-01      3.024e-03      4.933e-03      4.134e-03      3.526e-04      1.042e+01      4.485e-01      3.168e-03   
      178            179         8.176e-01      3.013e-03      4.891e-03      4.107e-03      3.541e-04      1.042e+01      4.485e-01      3.168e-03   
      179            180         8.146e-01      3.002e-03      4.880e-03      4.082e-03      3.572e-04      1.042e+01      4.485e-01      3.168e-03   
      180            181         8.116e-01      2.990e-03      4.878e-03      4.054e-03      3.510e-04      1.042e+01      4.485e-01      3.168e-03   
      181            182         8.086e-01      2.981e-03      4.991e-03      4.028e-03      3.503e-04      1.042e+01      4.485e-01      3.168e-03   
      182            183         8.056e-01      2.969e-03      4.936e-03      4.001e-03      3.421e-04      1.042e+01      4.485e-01      3.168e-03   
      183            184         8.027e-01      2.959e-03      4.915e-03      3.975e-03      3.370e-04      1.042e+01      4.485e-01      3.168e-03   
      184            185         7.997e-01      2.950e-03      5.001e-03      3.950e-03      3.327e-04      1.042e+01      4.485e-01      3.168e-03   
      185            186         7.968e-01      2.941e-03      4.954e-03      3.925e-03      3.299e-04      1.042e+01      4.485e-01      3.168e-03   
      186            187         7.939e-01      2.931e-03      4.928e-03      3.900e-03      3.286e-04      1.042e+01      4.485e-01      3.168e-03   
      187            188         7.909e-01      2.922e-03      4.905e-03      3.883e-03      3.311e-04      1.042e+01      4.485e-01      3.168e-03   
      188            189         7.880e-01      2.910e-03      4.911e-03      3.852e-03      3.077e-04      1.042e+01      4.485e-01      3.168e-03   
      189            190         7.851e-01      2.903e-03      4.961e-03      3.828e-03      3.017e-04      1.042e+01      4.485e-01      3.168e-03   
      190            191         7.822e-01      2.894e-03      4.920e-03      3.804e-03      2.999e-04      1.042e+01      4.485e-01      3.168e-03   
      191            192         7.793e-01      2.886e-03      5.043e-03      3.781e-03      2.999e-04      1.042e+01      4.485e-01      3.168e-03   
      192            193         7.765e-01      2.877e-03      4.946e-03      3.758e-03      3.036e-04      1.042e+01      4.485e-01      3.168e-03   
      193            194         7.736e-01      2.869e-03      4.938e-03      3.735e-03      3.087e-04      1.042e+01      4.485e-01      3.168e-03   
      194            195         7.707e-01      2.861e-03      4.932e-03      3.711e-03      3.156e-04      1.042e+01      4.485e-01      3.168e-03   
      195            196         7.679e-01      2.854e-03      4.955e-03      3.690e-03      3.257e-04      1.042e+01      4.485e-01      3.168e-03   
      196            197         7.650e-01      2.844e-03      4.965e-03      3.669e-03      3.201e-04      1.042e+01      4.485e-01      3.168e-03   
      197            198         7.622e-01      2.835e-03      4.958e-03      3.642e-03      3.012e-04      1.042e+01      4.485e-01      3.168e-03   
      198            199         7.594e-01      2.829e-03      4.970e-03      3.620e-03      2.924e-04      1.042e+01      4.485e-01      3.168e-03   
      199            200         7.566e-01      2.823e-03      5.127e-03      3.599e-03      2.882e-04      1.042e+01      4.485e-01      3.168e-03   
  [it  200] bn 9.5651e-03  L 1.000  kappa 0.946  kMS 0.959  d_cc 1.035  d_pc 1.133  -> FEASIBLE
      200            201         7.537e-01      2.815e-03      5.062e-03      3.578e-03      2.879e-04      1.042e+01      4.485e-01      3.168e-03   
      201            202         7.509e-01      2.808e-03      5.050e-03      3.556e-03      2.918e-04      1.042e+01      4.485e-01      3.168e-03   
      202            203         7.481e-01      2.801e-03      5.031e-03      3.536e-03      3.001e-04      1.042e+01      4.485e-01      3.168e-03   
      203            204         7.453e-01      2.795e-03      5.275e-03      3.521e-03      3.118e-04      1.042e+01      4.485e-01      3.168e-03   
      204            205         7.426e-01      2.784e-03      5.175e-03      3.494e-03      2.946e-04      1.042e+01      4.485e-01      3.168e-03   
      205            206         7.398e-01      2.780e-03      5.158e-03      3.472e-03      2.925e-04      1.042e+01      4.485e-01      3.168e-03   
      206            207         7.370e-01      2.774e-03      5.151e-03      3.451e-03      2.939e-04      1.042e+01      4.485e-01      3.168e-03   
      207            208         7.342e-01      2.769e-03      5.339e-03      3.430e-03      2.958e-04      1.042e+01      4.485e-01      3.168e-03   
      208            209         7.315e-01      2.763e-03      5.266e-03      3.413e-03      3.017e-04      1.042e+01      4.485e-01      3.168e-03   
      209            210         7.287e-01      2.756e-03      5.236e-03      3.392e-03      2.964e-04      1.042e+01      4.485e-01      3.168e-03   
      210            211         7.260e-01      2.750e-03      5.267e-03      3.371e-03      2.866e-04      1.042e+01      4.485e-01      3.168e-03   
      211            212         7.232e-01      2.745e-03      5.289e-03      3.351e-03      2.815e-04      1.042e+01      4.485e-01      3.168e-03   
      212            213         7.205e-01      2.740e-03      5.312e-03      3.331e-03      2.787e-04      1.042e+01      4.485e-01      3.168e-03   
      213            214         7.177e-01      2.736e-03      5.338e-03      3.312e-03      2.784e-04      1.042e+01      4.485e-01      3.168e-03   
      214            215         7.150e-01      2.731e-03      5.366e-03      3.296e-03      2.825e-04      1.042e+01      4.485e-01      3.168e-03   
      215            216         7.123e-01      2.725e-03      5.572e-03      3.275e-03      2.697e-04      1.042e+01      4.485e-01      3.168e-03   
      216            217         7.096e-01      2.721e-03      5.499e-03      3.257e-03      2.680e-04      1.042e+01      4.485e-01      3.168e-03   
      217            218         7.068e-01      2.717e-03      5.494e-03      3.239e-03      2.722e-04      1.042e+01      4.485e-01      3.168e-03   
      218            219         7.041e-01      2.713e-03      5.517e-03      3.220e-03      2.796e-04      1.042e+01      4.485e-01      3.168e-03   
      219            220         7.014e-01      2.710e-03      5.595e-03      3.201e-03      2.902e-04      1.042e+01      4.485e-01      3.168e-03   
  [mem] RSS 7.38 GB  peak 7.38 GB
      220            221         6.987e-01      2.707e-03      5.637e-03      3.192e-03      3.041e-04      1.042e+01      4.485e-01      3.168e-03   
      221            222         6.960e-01      2.700e-03      5.748e-03      6.895e-03      2.741e-04      1.042e+01      4.485e-01      6.895e-04   
      222            223         6.931e-01      2.914e-03      6.382e-03      3.148e-03      2.123e-04      1.042e+01      4.485e-01      6.895e-04   
      223            224         6.904e-01      2.696e-03      5.680e-03      3.133e-03      2.080e-04      1.042e+01      4.485e-01      6.895e-04   
      224            225         6.886e-01      1.816e-03      3.863e-03      3.121e-03      2.002e-04      1.042e+01      4.485e-01      6.895e-04   
      225            226         6.859e-01      2.692e-03      6.129e-03      3.105e-03      1.902e-04      1.042e+01      4.485e-01      6.895e-04   
      226            227         6.832e-01      2.689e-03      5.999e-03      3.089e-03      1.852e-04      1.042e+01      4.485e-01      6.895e-04   
      227            228         6.805e-01      2.688e-03      6.002e-03      3.071e-03      1.820e-04      1.042e+01      4.485e-01      6.895e-04   
      228            229         6.778e-01      2.688e-03      6.029e-03      3.055e-03      1.829e-04      1.042e+01      4.485e-01      6.895e-04   
      229            230         6.751e-01      2.688e-03      6.073e-03      3.038e-03      1.868e-04      1.042e+01      4.485e-01      6.895e-04   
      230            231         6.725e-01      2.688e-03      6.151e-03      3.022e-03      1.939e-04      1.042e+01      4.485e-01      6.895e-04   
      231            232         6.698e-01      2.687e-03      6.199e-03      3.012e-03      1.962e-04      1.042e+01      4.485e-01      6.895e-04   
      232            233         6.671e-01      2.686e-03      6.269e-03      3.007e-03      1.804e-04      1.042e+01      4.485e-01      6.895e-04   
      233            234         6.644e-01      2.688e-03      6.332e-03      3.013e-03      1.769e-04      1.042e+01      4.485e-01      6.895e-04   
      234            235         6.617e-01      2.690e-03      6.402e-03      3.019e-03      1.774e-04      1.042e+01      4.485e-01      6.895e-04   
      235            236         6.590e-01      2.693e-03      6.730e-03      3.027e-03      1.822e-04      1.042e+01      4.485e-01      6.895e-04   
      236            237         6.563e-01      2.695e-03      6.679e-03      3.033e-03      1.933e-04      1.042e+01      4.485e-01      6.895e-04   
      237            238         6.536e-01      2.698e-03      6.699e-03      3.040e-03      2.076e-04      1.042e+01      4.485e-01      6.895e-04   
      238            239         6.509e-01      2.699e-03      6.737e-03      3.046e-03      2.150e-04      1.042e+01      4.485e-01      6.895e-04   
      239            240         6.482e-01      2.704e-03      6.851e-03      3.054e-03      2.272e-04      1.042e+01      4.485e-01      6.895e-04   
      240            241         6.455e-01      2.707e-03      6.922e-03      3.062e-03      2.245e-04      1.042e+01      4.485e-01      6.895e-04   
      241            242         6.428e-01      2.713e-03      7.048e-03      3.070e-03      2.269e-04      1.042e+01      4.485e-01      6.895e-04   
      242            243         6.401e-01      2.716e-03      7.082e-03      3.079e-03      2.074e-04      1.042e+01      4.485e-01      6.895e-04   
      243            244         6.374e-01      2.722e-03      7.225e-03      3.088e-03      1.903e-04      1.042e+01      4.485e-01      6.895e-04   
      244            245         6.346e-01      2.729e-03      7.265e-03      3.097e-03      1.816e-04      1.042e+01      4.485e-01      6.895e-04   
      245            246         6.319e-01      2.736e-03      7.578e-03      3.107e-03      1.753e-04      1.042e+01      4.485e-01      6.895e-04   
      246            247         6.292e-01      2.745e-03      7.547e-03      3.117e-03      1.749e-04      1.042e+01      4.485e-01      6.895e-04   
      247            248         6.264e-01      2.754e-03      7.581e-03      3.128e-03      1.789e-04      1.042e+01      4.485e-01      6.895e-04   
      248            249         6.236e-01      2.764e-03      7.637e-03      3.138e-03      1.871e-04      1.042e+01      4.485e-01      6.895e-04   
      249            250         6.209e-01      2.773e-03      7.879e-03      3.149e-03      1.910e-04      1.042e+01      4.485e-01      6.895e-04   
  [it  250] bn 8.6663e-03  L 1.000  kappa 0.941  kMS 0.961  d_cc 1.037  d_pc 1.238  -> FEASIBLE
      250            251         6.186e-01      2.286e-03      6.509e-03      3.160e-03      1.803e-04      1.042e+01      4.485e-01      6.895e-04   
      251            252         6.158e-01      2.793e-03      7.970e-03      3.171e-03      1.765e-04      1.042e+01      4.485e-01      6.895e-04   
      252            253         6.130e-01      2.806e-03      8.029e-03      3.184e-03      1.804e-04      1.042e+01      4.485e-01      6.895e-04   
      253            254         6.102e-01      2.819e-03      8.100e-03      3.196e-03      1.915e-04      1.042e+01      4.485e-01      6.895e-04   
      254            255         6.073e-01      2.833e-03      8.188e-03      3.208e-03      2.105e-04      1.042e+01      4.485e-01      6.895e-04   
      255            256         6.045e-01      2.847e-03      8.263e-03      3.220e-03      2.330e-04      1.042e+01      4.485e-01      6.895e-04   
      256            257         6.016e-01      2.860e-03      8.346e-03      3.234e-03      2.413e-04      1.042e+01      4.485e-01      6.895e-04   
      257            258         5.987e-01      2.876e-03      8.634e-03      3.250e-03      2.399e-04      1.042e+01      4.485e-01      6.895e-04   
      258            259         5.961e-01      2.649e-03      7.899e-03      3.264e-03      2.250e-04      1.042e+01      4.485e-01      6.895e-04   
      259            260         5.932e-01      2.905e-03      8.637e-03      3.279e-03      2.037e-04      1.042e+01      4.485e-01      6.895e-04   
      260            261         5.903e-01      2.923e-03      8.662e-03      3.293e-03      1.952e-04      1.042e+01      4.485e-01      6.895e-04   
      261            262         5.873e-01      2.942e-03      8.745e-03      3.307e-03      1.887e-04      1.042e+01      4.485e-01      6.895e-04   
      262            263         5.844e-01      2.962e-03      8.820e-03      3.322e-03      1.896e-04      1.042e+01      4.485e-01      6.895e-04   
      263            264         5.814e-01      2.983e-03      8.899e-03      3.337e-03      1.957e-04      1.042e+01      4.485e-01      6.895e-04   
      264            265         5.787e-01      2.635e-03      7.889e-03      3.351e-03      2.098e-04      1.042e+01      4.485e-01      6.895e-04   
      265            266         5.757e-01      3.019e-03      9.022e-03      3.366e-03      2.072e-04      1.042e+01      4.485e-01      6.895e-04   
      266            267         5.727e-01      3.039e-03      9.082e-03      3.382e-03      1.940e-04      1.042e+01      4.485e-01      6.895e-04   
      267            268         5.696e-01      3.063e-03      9.159e-03      3.397e-03      1.998e-04      1.042e+01      4.485e-01      6.895e-04   
      268            269         5.665e-01      3.086e-03      9.219e-03      3.412e-03      2.158e-04      1.042e+01      4.485e-01      6.895e-04   
  [mem] RSS 7.38 GB  peak 7.38 GB
      269            270         5.634e-01      3.108e-03      9.234e-03      3.426e-03      2.433e-04      1.042e+01      4.485e-01      6.895e-04   
      270            271         5.603e-01      3.130e-03      9.302e-03      3.441e-03      2.723e-04      1.042e+01      4.485e-01      6.895e-04   
      271            272         5.571e-01      3.149e-03      9.508e-03      3.456e-03      2.805e-04      1.042e+01      4.485e-01      6.895e-04   
      272            273         5.540e-01      3.165e-03      9.508e-03      3.472e-03      2.457e-04      1.042e+01      4.485e-01      6.895e-04   
      273            274         5.511e-01      2.832e-03      8.463e-03      3.485e-03      2.223e-04      1.042e+01      4.485e-01      6.895e-04   
      274            275         5.479e-01      3.207e-03      9.518e-03      3.496e-03      2.105e-04      1.042e+01      4.485e-01      6.895e-04   
      275            276         5.447e-01      3.228e-03      9.602e-03      3.508e-03      2.054e-04      1.042e+01      4.485e-01      6.895e-04   
      276            277         5.415e-01      3.248e-03      9.627e-03      3.520e-03      2.088e-04      1.042e+01      4.485e-01      6.895e-04   
      277            278         5.382e-01      3.267e-03      9.663e-03      3.529e-03      2.241e-04      1.042e+01      4.485e-01      6.895e-04   
      278            279         5.349e-01      3.282e-03      9.721e-03      3.538e-03      2.202e-04      1.042e+01      4.485e-01      6.895e-04   
      279            280         5.316e-01      3.296e-03      9.728e-03      3.546e-03      2.077e-04      1.042e+01      4.485e-01      6.895e-04   
      280            281         5.283e-01      3.314e-03      9.988e-03      3.551e-03      2.172e-04      1.042e+01      4.485e-01      6.895e-04   
      281            282         5.250e-01      3.327e-03      9.914e-03      3.554e-03      2.421e-04      1.042e+01      4.485e-01      6.895e-04   
      282            283         5.216e-01      3.338e-03      9.974e-03      3.558e-03      2.714e-04      1.042e+01      4.485e-01      6.895e-04   
      283            284         5.183e-01      3.346e-03      9.981e-03      3.559e-03      2.943e-04      1.042e+01      4.485e-01      6.895e-04   
      284            285         5.150e-01      3.345e-03      1.003e-02      3.560e-03      2.560e-04      1.042e+01      4.485e-01      6.895e-04   
      285            286         5.116e-01      3.349e-03      1.005e-02      3.559e-03      2.171e-04      1.042e+01      4.485e-01      6.895e-04   
      286            287         5.083e-01      3.353e-03      1.004e-02      3.554e-03      2.037e-04      1.042e+01      4.485e-01      6.895e-04   
      287            288         5.049e-01      3.353e-03      1.009e-02      3.547e-03      2.002e-04      1.042e+01      4.485e-01      6.895e-04   
      288            289         5.015e-01      3.351e-03      1.024e-02      3.538e-03      2.067e-04      1.042e+01      4.485e-01      6.895e-04   
      289            290         4.982e-01      3.347e-03      1.034e-02      3.527e-03      2.057e-04      1.042e+01      4.485e-01      6.895e-04   
      290            291         4.949e-01      3.341e-03      1.050e-02      3.516e-03      1.914e-04      1.042e+01      4.485e-01      6.895e-04   
      291            292         4.915e-01      3.340e-03      1.073e-02      3.504e-03      1.988e-04      1.042e+01      4.485e-01      6.895e-04   
      292            293         4.889e-01      2.653e-03      8.958e-03      3.496e-03      2.179e-04      1.042e+01      4.485e-01      6.895e-04   
      293            294         4.855e-01      3.351e-03      1.225e-02      3.488e-03      2.456e-04      1.042e+01      4.485e-01      6.895e-04   
      294            295         4.822e-01      3.358e-03      1.379e-02      3.489e-03      2.922e-04      1.042e+01      4.485e-01      6.895e-04   
      295            296         4.788e-01      3.313e-03      1.345e-02      3.482e-03      2.348e-04      1.042e+01      4.485e-01      6.895e-04   
      296            297         4.756e-01      3.285e-03      1.327e-02      3.469e-03      1.872e-04      1.042e+01      4.485e-01      6.895e-04   
      297            298         4.723e-01      3.255e-03      1.307e-02      3.448e-03      1.727e-04      1.042e+01      4.485e-01      6.895e-04   
      298            299         4.691e-01      3.220e-03      1.308e-02      3.424e-03      1.662e-04      1.042e+01      4.485e-01      6.895e-04   
      299            300         4.659e-01      3.183e-03      1.313e-02      3.395e-03      1.698e-04      1.042e+01      4.485e-01      6.895e-04   
  [it  300] bn 7.5185e-03  L 1.000  kappa 0.972  kMS 0.988  d_cc 1.036  d_pc 1.363  -> FEASIBLE
      300            301         4.628e-01      3.138e-03      1.330e-02      3.359e-03      1.679e-04      1.042e+01      4.485e-01      6.895e-04   
      301            302         4.597e-01      3.090e-03      1.321e-02      3.324e-03      1.496e-04      1.042e+01      4.485e-01      6.895e-04   
      302            303         4.566e-01      3.044e-03      1.325e-02      3.285e-03      1.535e-04      1.042e+01      4.485e-01      6.895e-04   
      303            304         4.536e-01      2.993e-03      1.334e-02      3.242e-03      1.728e-04      1.042e+01      4.485e-01      6.895e-04   
      304            305         4.507e-01      2.937e-03      1.321e-02      3.192e-03      2.012e-04      1.042e+01      4.485e-01      6.895e-04   
      305            306         4.478e-01      2.881e-03      1.313e-02      3.199e-03      2.143e-04      1.042e+01      4.485e-01      6.895e-04   
      306            307         4.450e-01      2.814e-03      1.315e-02      3.214e-03      1.678e-04      1.042e+01      4.485e-01      6.895e-04   
      307            308         4.423e-01      2.750e-03      1.306e-02      3.240e-03      1.157e-04      1.042e+01      4.485e-01      6.895e-04   
      308            309         4.396e-01      2.688e-03      1.310e-02      3.227e-03      9.494e-05      1.042e+01      4.485e-01      6.895e-04   
      309            310         4.369e-01      2.622e-03      1.308e-02      3.185e-03      8.244e-05      1.042e+01      4.485e-01      6.895e-04   
      310            311         4.344e-01      2.553e-03      1.290e-02      3.125e-03      7.705e-05      1.042e+01      4.485e-01      6.895e-04   
      311            312         4.319e-01      2.485e-03      1.284e-02      3.020e-03      7.939e-05      1.042e+01      4.485e-01      6.895e-04   
      312            313         4.295e-01      2.411e-03      1.275e-02      2.901e-03      5.451e-05      1.042e+01      4.485e-01      6.895e-04   
      313            314         4.272e-01      2.342e-03      1.261e-02      2.756e-03      4.754e-05      1.042e+01      4.485e-01      6.895e-04   
      314            315         4.255e-01      1.633e-03      8.883e-03      2.598e-03      4.904e-05      1.042e+01      4.485e-01      6.895e-04   
      315            316         4.233e-01      2.222e-03      1.233e-02      2.523e-03      5.799e-05      1.042e+01      4.485e-01      6.895e-04   
      316            317         4.211e-01      2.147e-03      1.193e-02      2.449e-03      4.315e-05      1.042e+01      4.485e-01      6.895e-04   
      317            318         4.191e-01      2.079e-03      1.161e-02      2.373e-03      2.834e-05      1.042e+01      4.485e-01      6.895e-04   
      318            319         4.171e-01      2.013e-03      1.127e-02      2.299e-03      1.791e-05      1.042e+01      4.485e-01      6.895e-04   
  [mem] RSS 7.38 GB  peak 7.38 GB
      319            320         4.151e-01      1.947e-03      1.086e-02      2.222e-03      9.156e-06      1.042e+01      4.485e-01      6.895e-04   
      320            321         4.132e-01      1.884e-03      1.048e-02      2.148e-03      3.447e-06      1.042e+01      4.485e-01      6.895e-04   
      321            322         4.114e-01      1.821e-03      1.002e-02      2.547e-01      4.657e-07      1.042e+01      2.068e-01      2.547e-02   
      322            323         4.114e-01      5.159e-05      8.089e-04      7.410e-02      5.168e-07      1.042e+01      2.068e-01      7.410e-03   
      323            324         4.112e-01      1.628e-04      8.552e-04      1.010e-02      1.024e-06      1.042e+01      2.068e-01      7.410e-03   
      324            325         4.102e-01      1.019e-03      4.562e-03      4.514e-03      5.160e-04      1.042e+01      2.043e-01      4.514e-04   
      325            326         4.085e-01      1.688e-03      9.085e-03      2.041e-03      3.273e-05      1.042e+01      2.043e-01      4.514e-04   
      326            327         4.068e-01      1.709e-03      8.694e-03      2.032e-03      2.680e-05      1.042e+01      2.043e-01      4.514e-04   
      327            328         4.051e-01      1.654e-03      8.432e-03      2.023e-03      2.533e-05      1.042e+01      2.043e-01      4.514e-04   
      328            329         4.035e-01      1.611e-03      8.016e-03      2.015e-03      2.352e-05      1.042e+01      2.043e-01      4.514e-04   
      329            330         4.019e-01      1.574e-03      8.607e-03      2.007e-03      2.907e-05      1.042e+01      2.043e-01      4.514e-04   
      330            331         4.004e-01      1.541e-03      7.653e-03      1.999e-03      4.629e-05      1.042e+01      2.043e-01      4.514e-04   
      331            332         3.989e-01      1.513e-03      8.801e-03      1.991e-03      5.767e-05      1.042e+01      2.043e-01      4.514e-04   
      332            333         3.974e-01      1.486e-03      8.633e-03      1.985e-03      6.610e-05      1.042e+01      2.043e-01      4.514e-04   
      333            334         3.959e-01      1.463e-03      9.763e-03      1.978e-03      7.195e-05      1.042e+01      2.043e-01      4.514e-04   
      334            335         3.945e-01      1.440e-03      7.510e-03      1.971e-03      7.744e-05      1.042e+01      2.043e-01      4.514e-04   
      335            336         3.931e-01      1.420e-03      8.837e-03      1.965e-03      8.157e-05      1.042e+01      2.043e-01      4.514e-04   
      336            337         3.917e-01      1.405e-03      7.490e-03      1.957e-03      8.872e-05      1.042e+01      2.043e-01      4.514e-04   
      337            338         3.903e-01      1.394e-03      9.173e-03      1.951e-03      9.603e-05      1.042e+01      2.043e-01      4.514e-04   
      338            339         3.889e-01      1.377e-03      7.980e-03      1.944e-03      1.002e-04      1.042e+01      2.043e-01      4.514e-04   
      339            340         3.875e-01      1.367e-03      9.659e-03      1.937e-03      1.074e-04      1.042e+01      2.043e-01      4.514e-04   
      340            341         3.862e-01      1.355e-03      9.596e-03      1.930e-03      1.158e-04      1.042e+01      2.043e-01      4.514e-04   
      341            342         3.848e-01      1.336e-03      9.644e-03      1.923e-03      1.126e-04      1.042e+01      2.043e-01      4.514e-04   
      342            343         3.835e-01      1.330e-03      1.050e-02      1.916e-03      1.259e-04      1.042e+01      2.043e-01      4.514e-04   
      343            344         3.822e-01      1.311e-03      9.972e-03      1.910e-03      1.207e-04      1.042e+01      2.043e-01      4.514e-04   
      344            345         3.809e-01      1.304e-03      1.079e-02      1.902e-03      1.315e-04      1.042e+01      2.043e-01      4.514e-04   
      345            346         3.796e-01      1.289e-03      1.056e-02      1.896e-03      1.272e-04      1.042e+01      2.043e-01      4.514e-04   
      346            347         3.783e-01      1.282e-03      1.167e-02      1.889e-03      1.402e-04      1.042e+01      2.043e-01      4.514e-04   
      347            348         3.771e-01      1.266e-03      9.496e-03      1.882e-03      1.307e-04      1.042e+01      2.043e-01      4.514e-04   
      348            349         3.758e-01      1.257e-03      9.996e-03      1.875e-03      1.328e-04      1.042e+01      2.043e-01      4.514e-04   
      349            350         3.746e-01      1.246e-03      8.874e-03      1.868e-03      1.323e-04      1.042e+01      2.043e-01      4.514e-04   
  [it  350] bn 6.7701e-03  L 1.000  kappa 0.960  kMS 0.984  d_cc 1.562  d_pc 1.400  -> FAILS L
      350            351         3.733e-01      1.241e-03      1.110e-02      1.861e-03      1.422e-04      1.042e+01      2.043e-01      4.514e-04   
      351            352         3.721e-01      1.229e-03      9.776e-03      1.853e-03      1.406e-04      1.042e+01      2.043e-01      4.514e-04   
      352            353         3.709e-01      1.220e-03      9.950e-03      1.846e-03      1.402e-04      1.042e+01      2.043e-01      4.514e-04   
      353            354         3.697e-01      1.211e-03      8.672e-03      1.839e-03      1.406e-04      1.042e+01      2.043e-01      4.514e-04   
      354            355         3.684e-01      1.204e-03      9.360e-03      1.831e-03      1.415e-04      1.042e+01      2.043e-01      4.514e-04   
      355            356         3.673e-01      1.197e-03      1.014e-02      1.823e-03      1.505e-04      1.042e+01      2.043e-01      4.514e-04   
      356            357         3.661e-01      1.189e-03      9.998e-03      1.816e-03      1.483e-04      1.042e+01      2.043e-01      4.514e-04   
      357            358         3.649e-01      1.181e-03      8.889e-03      1.808e-03      1.498e-04      1.042e+01      2.043e-01      4.514e-04   
      358            359         3.637e-01      1.174e-03      9.646e-03      1.800e-03      1.508e-04      1.042e+01      2.043e-01      4.514e-04   
      359            360         3.625e-01      1.166e-03      8.299e-03      1.792e-03      1.521e-04      1.042e+01      2.043e-01      4.514e-04   
      360            361         3.614e-01      1.160e-03      9.326e-03      1.784e-03      1.536e-04      1.042e+01      2.043e-01      4.514e-04   
      361            362         3.602e-01      1.153e-03      7.954e-03      1.776e-03      1.552e-04      1.042e+01      2.043e-01      4.514e-04   
      362            363         3.591e-01      1.147e-03      9.010e-03      1.768e-03      1.569e-04      1.042e+01      2.043e-01      4.514e-04   
      363            364         3.579e-01      1.140e-03      8.489e-03      1.759e-03      1.612e-04      1.042e+01      2.043e-01      4.514e-04   
      364            365         3.568e-01      1.134e-03      9.123e-03      1.751e-03      1.617e-04      1.042e+01      2.043e-01      4.514e-04   
      365            366         3.557e-01      1.127e-03      8.608e-03      1.742e-03      1.654e-04      1.042e+01      2.043e-01      4.514e-04   
      366            367         3.546e-01      1.122e-03      9.407e-03      1.734e-03      1.669e-04      1.042e+01      2.043e-01      4.514e-04   
      367            368         3.534e-01      1.114e-03      8.205e-03      1.726e-03      1.689e-04      1.042e+01      2.043e-01      4.514e-04   
  [mem] RSS 7.39 GB  peak 7.39 GB
      368            369         3.523e-01      1.109e-03      9.158e-03      1.717e-03      1.707e-04      1.042e+01      2.043e-01      4.514e-04   
      369            370         3.512e-01      1.102e-03      8.011e-03      1.709e-03      1.726e-04      1.042e+01      2.043e-01      4.514e-04   
      370            371         3.501e-01      1.097e-03      8.979e-03      1.700e-03      1.747e-04      1.042e+01      2.043e-01      4.514e-04   
      371            372         3.490e-01      1.090e-03      7.789e-03      1.691e-03      1.768e-04      1.042e+01      2.043e-01      4.514e-04   
      372            373         3.480e-01      1.085e-03      9.271e-03      1.683e-03      1.789e-04      1.042e+01      2.043e-01      4.514e-04   
      373            374         3.469e-01      1.078e-03      7.940e-03      1.674e-03      1.811e-04      1.042e+01      2.043e-01      4.514e-04   
      374            375         3.458e-01      1.073e-03      8.845e-03      1.666e-03      1.833e-04      1.042e+01      2.043e-01      4.514e-04   
      375            376         3.447e-01      1.066e-03      7.688e-03      1.657e-03      1.856e-04      1.042e+01      2.043e-01      4.514e-04   
      376            377         3.437e-01      1.061e-03      8.774e-03      1.648e-03      1.879e-04      1.042e+01      2.043e-01      4.514e-04   
      377            378         3.426e-01      1.054e-03      7.704e-03      1.639e-03      1.902e-04      1.042e+01      2.043e-01      4.514e-04   
      378            379         3.416e-01      1.049e-03      8.670e-03      1.631e-03      1.927e-04      1.042e+01      2.043e-01      4.514e-04   
      379            380         3.405e-01      1.043e-03      7.301e-03      1.623e-03      1.947e-04      1.042e+01      2.043e-01      4.514e-04   
      380            381         3.395e-01      1.037e-03      8.385e-03      1.614e-03      1.972e-04      1.042e+01      2.043e-01      4.514e-04   
      381            382         3.385e-01      1.031e-03      7.939e-03      1.605e-03      2.010e-04      1.042e+01      2.043e-01      4.514e-04   
      382            383         3.374e-01      1.025e-03      8.580e-03      1.596e-03      2.030e-04      1.042e+01      2.043e-01      4.514e-04   
      383            384         3.364e-01      1.019e-03      7.554e-03      1.587e-03      2.052e-04      1.042e+01      2.043e-01      4.514e-04   
      384            385         3.354e-01      1.014e-03      8.433e-03      1.578e-03      2.079e-04      1.042e+01      2.043e-01      4.514e-04   
      385            386         3.344e-01      1.007e-03      7.566e-03      1.569e-03      2.104e-04      1.042e+01      2.043e-01      4.514e-04   
      386            387         3.334e-01      1.002e-03      8.335e-03      1.560e-03      2.130e-04      1.042e+01      2.043e-01      4.514e-04   
      387            388         3.324e-01      9.951e-04      7.451e-03      1.551e-03      2.156e-04      1.042e+01      2.043e-01      4.514e-04   
      388            389         3.314e-01      9.902e-04      9.077e-03      1.542e-03      2.198e-04      1.042e+01      2.043e-01      4.514e-04   
      389            390         3.304e-01      9.833e-04      7.853e-03      1.533e-03      2.219e-04      1.042e+01      2.043e-01      4.514e-04   
      390            391         3.295e-01      9.780e-04      8.364e-03      1.524e-03      2.243e-04      1.042e+01      2.043e-01      4.514e-04   
      391            392         3.285e-01      9.716e-04      7.554e-03      1.514e-03      2.268e-04      1.042e+01      2.043e-01      4.514e-04   
      392            393         3.275e-01      9.661e-04      8.201e-03      1.505e-03      2.297e-04      1.042e+01      2.043e-01      4.514e-04   
      393            394         3.266e-01      9.595e-04      7.441e-03      1.496e-03      2.324e-04      1.042e+01      2.043e-01      4.514e-04   
      394            395         3.256e-01      9.542e-04      8.041e-03      1.487e-03      2.353e-04      1.042e+01      2.043e-01      4.514e-04   
      395            396         3.247e-01      9.476e-04      7.328e-03      1.478e-03      2.380e-04      1.042e+01      2.043e-01      4.514e-04   
      396            397         3.237e-01      9.425e-04      8.408e-03      1.469e-03      2.409e-04      1.042e+01      2.043e-01      4.514e-04   
      397            398         3.228e-01      9.358e-04      7.436e-03      1.460e-03      2.437e-04      1.042e+01      2.043e-01      4.514e-04   
      398            399         3.218e-01      9.304e-04      8.091e-03      1.451e-03      2.466e-04      1.042e+01      2.043e-01      4.514e-04   
      399            400         3.209e-01      9.239e-04      7.404e-03      1.442e-03      2.495e-04      1.042e+01      2.043e-01      4.514e-04   
  [it  400] bn 6.2413e-03  L 1.000  kappa 0.903  kMS 0.935  d_cc 1.362  d_pc 1.410  -> FAILS L
      400            401         3.200e-01      9.184e-04      7.910e-03      1.433e-03      2.525e-04      1.042e+01      2.043e-01      4.514e-04   
      401            402         3.191e-01      9.120e-04      7.311e-03      1.423e-03      2.554e-04      1.042e+01      2.043e-01      4.514e-04   
      402            403         3.182e-01      9.064e-04      7.759e-03      1.414e-03      2.584e-04      1.042e+01      2.043e-01      4.514e-04   
      403            404         3.173e-01      9.000e-04      7.184e-03      1.405e-03      2.614e-04      1.042e+01      2.043e-01      4.514e-04   
      404            405         3.164e-01      8.945e-04      7.630e-03      1.396e-03      2.644e-04      1.042e+01      2.043e-01      4.514e-04   
      405            406         3.155e-01      8.880e-04      7.075e-03      1.387e-03      2.674e-04      1.042e+01      2.043e-01      4.514e-04   
      406            407         3.146e-01      8.824e-04      7.491e-03      1.378e-03      2.704e-04      1.042e+01      2.043e-01      4.514e-04   
      407            408         3.137e-01      8.760e-04      6.993e-03      1.369e-03      2.734e-04      1.042e+01      2.043e-01      4.514e-04   
      408            409         3.129e-01      8.704e-04      7.351e-03      1.360e-03      2.765e-04      1.042e+01      2.043e-01      4.514e-04   
      409            410         3.120e-01      8.640e-04      6.882e-03      1.351e-03      2.795e-04      1.042e+01      2.043e-01      4.514e-04   
      410            411         3.112e-01      8.584e-04      7.196e-03      1.341e-03      2.826e-04      1.042e+01      2.043e-01      4.514e-04   
      411            412         3.103e-01      8.520e-04      6.765e-03      1.332e-03      2.856e-04      1.042e+01      2.043e-01      4.514e-04   
      412            413         3.095e-01      8.467e-04      8.022e-03      1.323e-03      2.883e-04      1.042e+01      2.043e-01      4.514e-04   
      413            414         3.086e-01      8.401e-04      7.110e-03      1.314e-03      2.912e-04      1.042e+01      2.043e-01      4.514e-04   
      414            415         3.078e-01      8.345e-04      7.274e-03      1.305e-03      2.942e-04      1.042e+01      2.043e-01      4.514e-04   
      415            416         3.070e-01      8.283e-04      6.909e-03      1.295e-03      2.971e-04      1.042e+01      2.043e-01      4.514e-04   
      416            417         3.061e-01      8.228e-04      7.363e-03      1.287e-03      3.002e-04      1.042e+01      2.043e-01      4.514e-04   
  [mem] RSS 7.39 GB  peak 7.39 GB
      417            418         3.053e-01      8.164e-04      6.566e-03      1.277e-03      3.032e-04      1.042e+01      2.043e-01      4.514e-04   
      418            419         3.045e-01      8.109e-04      7.226e-03      1.268e-03      3.062e-04      1.042e+01      2.043e-01      4.514e-04   
      419            420         3.037e-01      8.045e-04      6.375e-03      1.259e-03      3.093e-04      1.042e+01      2.043e-01      4.514e-04   
      420            421         3.029e-01      7.991e-04      6.997e-03      1.251e-03      3.123e-04      1.042e+01      2.043e-01      4.514e-04   
      421            422         3.021e-01      7.927e-04      6.205e-03      1.241e-03      3.154e-04      1.042e+01      2.043e-01      4.514e-04   
      422            423         3.013e-01      7.872e-04      6.845e-03      1.232e-03      3.184e-04      1.042e+01      2.043e-01      4.514e-04   
      423            424         3.005e-01      7.809e-04      6.063e-03      1.222e-03      3.215e-04      1.042e+01      2.043e-01      4.514e-04   
      424            425         2.998e-01      7.754e-04      6.674e-03      6.814e-03      3.245e-04      1.042e+01      1.486e-01      6.814e-04   
      425            426         2.994e-01      3.822e-04      3.263e-03      1.208e-03      3.087e-06      1.042e+01      1.486e-01      6.814e-04   
      426            427         2.986e-01      7.673e-04      6.028e-03      1.202e-03      4.668e-06      1.042e+01      1.486e-01      6.814e-04   
      427            428         2.979e-01      7.605e-04      5.536e-03      1.192e-03      7.648e-06      1.042e+01      1.486e-01      6.814e-04   
      428            429         2.971e-01      7.551e-04      6.338e-03      1.184e-03      1.057e-05      1.042e+01      1.486e-01      6.814e-04   
      429            430         2.963e-01      7.489e-04      5.552e-03      1.174e-03      1.356e-05      1.042e+01      1.486e-01      6.814e-04   
      430            431         2.956e-01      7.435e-04      6.320e-03      1.166e-03      1.650e-05      1.042e+01      1.486e-01      6.814e-04   
      431            432         2.949e-01      7.374e-04      5.480e-03      1.156e-03      1.948e-05      1.042e+01      1.486e-01      6.814e-04   
      432            433         2.941e-01      7.320e-04      6.208e-03      1.148e-03      2.251e-05      1.042e+01      1.486e-01      6.814e-04   
      433            434         2.934e-01      7.259e-04      5.387e-03      1.138e-03      2.542e-05      1.042e+01      1.486e-01      6.814e-04   
      434            435         2.927e-01      7.208e-04      6.610e-03      1.130e-03      2.826e-05      1.042e+01      1.486e-01      6.814e-04   
      435            436         2.920e-01      7.146e-04      5.556e-03      1.120e-03      3.124e-05      1.042e+01      1.486e-01      6.814e-04   
      436            437         2.913e-01      7.094e-04      6.485e-03      1.112e-03      3.429e-05      1.042e+01      1.486e-01      6.814e-04   
      437            438         2.906e-01      7.034e-04      5.643e-03      1.102e-03      3.712e-05      1.042e+01      1.486e-01      6.814e-04   
      438            439         2.899e-01      6.977e-04      7.524e-03      1.094e-03      3.921e-05      1.042e+01      1.486e-01      6.814e-04   
      439            440         2.892e-01      6.918e-04      6.291e-03      1.084e-03      4.194e-05      1.042e+01      1.486e-01      6.814e-04   
      440            441         2.885e-01      6.865e-04      6.550e-03      1.076e-03      4.458e-05      1.042e+01      1.486e-01      6.814e-04   
      441            442         2.878e-01      6.808e-04      5.793e-03      1.066e-03      4.732e-05      1.042e+01      1.486e-01      6.814e-04   
      442            443         2.871e-01      6.755e-04      6.318e-03      1.058e-03      4.998e-05      1.042e+01      1.486e-01      6.814e-04   
      443            444         2.865e-01      6.697e-04      5.469e-03      1.049e-03      5.094e-04      1.042e+01      1.486e-01      6.814e-04   
      444            445         2.858e-01      6.609e-04      6.570e-03      1.038e-03      7.121e-04      1.042e+01      1.486e-01      6.814e-04   
      445            446         2.851e-01      6.524e-04      5.440e-03      1.028e-03      8.620e-04      1.042e+01      1.486e-01      6.814e-04   
      446            447         2.845e-01      6.453e-04      5.759e-03      1.020e-03      9.715e-04      1.042e+01      1.486e-01      6.814e-04   
      447            448         2.839e-01      6.382e-04      4.896e-03      1.012e-03      1.062e-03      1.042e+01      1.486e-01      6.814e-04   
      448            449         2.832e-01      6.317e-04      5.387e-03      1.004e-03      1.126e-03      1.042e+01      1.486e-01      6.814e-04   
      449            450         2.826e-01      6.253e-04      4.555e-03      9.950e-04      1.190e-03      1.042e+01      1.486e-01      6.814e-04   
  [it  450] bn 5.8081e-03  L 1.000  kappa 0.832  kMS 0.873  d_cc 1.028  d_pc 1.407  -> FAILS L
      450            451         2.820e-01      6.194e-04      4.927e-03      9.873e-04      1.245e-03      1.042e+01      1.486e-01      6.814e-04   
      451            452         2.814e-01      6.133e-04      4.322e-03      9.785e-04      1.294e-03      1.042e+01      1.486e-01      6.814e-04   
      452            453         2.808e-01      6.074e-04      4.761e-03      9.707e-04      1.328e-03      1.042e+01      1.486e-01      6.814e-04   
      453            454         2.802e-01      6.016e-04      4.150e-03      9.617e-04      1.365e-03      1.042e+01      1.486e-01      6.814e-04   
      454            455         2.796e-01      5.960e-04      4.655e-03      9.538e-04      1.400e-03      1.042e+01      1.486e-01      6.814e-04   
      455            456         2.790e-01      5.903e-04      4.141e-03      9.449e-04      1.430e-03      1.042e+01      1.486e-01      6.814e-04   
      456            457         2.784e-01      5.851e-04      4.796e-03      9.372e-04      1.460e-03      1.042e+01      1.486e-01      6.814e-04   
      457            458         2.778e-01      5.790e-04      4.015e-03      9.286e-04      1.488e-03      1.042e+01      1.486e-01      6.814e-04   
      458            459         2.772e-01      5.738e-04      4.403e-03      9.207e-04      1.512e-03      1.042e+01      1.486e-01      6.814e-04   
      459            460         2.767e-01      5.684e-04      4.205e-03      9.119e-04      1.536e-03      1.042e+01      1.486e-01      6.814e-04   
      460            461         2.761e-01      5.631e-04      4.867e-03      9.037e-04      1.560e-03      1.042e+01      1.486e-01      6.814e-04   
      461            462         2.756e-01      5.577e-04      4.320e-03      8.947e-04      1.587e-03      1.042e+01      1.486e-01      6.814e-04   
      462            463         2.750e-01      5.524e-04      4.613e-03      8.865e-04      1.609e-03      1.042e+01      1.486e-01      6.814e-04   
      463            464         2.745e-01      5.471e-04      4.308e-03      8.774e-04      1.632e-03      1.042e+01      1.486e-01      6.814e-04   
      464            465         2.739e-01      5.417e-04      4.642e-03      8.692e-04      1.645e-03      1.042e+01      1.486e-01      6.814e-04   
      465            466         2.734e-01      5.364e-04      4.279e-03      8.601e-04      1.657e-03      1.042e+01      1.486e-01      6.814e-04   
  [mem] RSS 7.40 GB  peak 7.40 GB
      466            467         2.728e-01      5.310e-04      4.618e-03      8.519e-04      1.658e-03      1.042e+01      1.486e-01      6.814e-04   
      467            468         2.723e-01      5.258e-04      4.305e-03      8.428e-04      1.666e-03      1.042e+01      1.486e-01      6.814e-04   
      468            469         2.718e-01      5.207e-04      4.769e-03      8.346e-04      1.672e-03      1.042e+01      1.486e-01      6.814e-04   
      469            470         2.713e-01      5.155e-04      4.570e-03      8.259e-04      1.678e-03      1.042e+01      1.486e-01      6.814e-04   
      470            471         2.708e-01      5.103e-04      4.706e-03      8.176e-04      1.683e-03      1.042e+01      1.486e-01      6.814e-04   
      471            472         2.703e-01      5.052e-04      4.521e-03      8.087e-04      1.688e-03      1.042e+01      1.486e-01      6.814e-04   
      472            473         2.698e-01      5.001e-04      4.718e-03      8.005e-04      1.695e-03      1.042e+01      1.486e-01      6.814e-04   
      473            474         2.693e-01      4.949e-04      4.590e-03      7.917e-04      1.703e-03      1.042e+01      1.486e-01      6.814e-04   
      474            475         2.688e-01      4.899e-04      4.766e-03      7.835e-04      1.711e-03      1.042e+01      1.486e-01      6.814e-04   
      475            476         2.683e-01      4.847e-04      4.530e-03      7.745e-04      1.721e-03      1.042e+01      1.486e-01      6.814e-04   
      476            477         2.678e-01      4.797e-04      4.746e-03      7.663e-04      1.730e-03      1.042e+01      1.486e-01      6.814e-04   
      477            478         2.673e-01      4.746e-04      4.580e-03      7.574e-04      1.741e-03      1.042e+01      1.486e-01      6.814e-04   
      478            479         2.669e-01      4.697e-04      4.829e-03      7.494e-04      1.753e-03      1.042e+01      1.486e-01      6.814e-04   
      479            480         2.664e-01      4.645e-04      4.603e-03      7.405e-04      1.766e-03      1.042e+01      1.486e-01      6.814e-04   
      480            481         2.659e-01      4.595e-04      4.793e-03      7.323e-04      1.779e-03      1.042e+01      1.486e-01      6.814e-04   
      481            482         2.655e-01      4.545e-04      4.640e-03      7.235e-04      1.794e-03      1.042e+01      1.486e-01      6.814e-04   
      482            483         2.650e-01      4.492e-04      4.801e-03      7.153e-04      1.797e-03      1.042e+01      1.486e-01      6.814e-04   
      483            484         2.646e-01      4.443e-04      4.616e-03      7.065e-04      1.806e-03      1.042e+01      1.486e-01      6.814e-04   
      484            485         2.642e-01      4.393e-04      4.767e-03      6.982e-04      1.817e-03      1.042e+01      1.486e-01      6.814e-04   
      485            486         2.637e-01      4.342e-04      4.601e-03      6.895e-04      1.829e-03      1.042e+01      1.486e-01      6.814e-04   
      486            487         2.633e-01      4.294e-04      4.830e-03      6.815e-04      1.844e-03      1.042e+01      1.486e-01      6.814e-04   
      487            488         2.629e-01      4.243e-04      4.523e-03      1.200e-02      1.860e-03      1.120e+01      1.486e-01      1.200e-03   
      488            489         2.625e-01      3.946e-04      5.036e-03      3.351e-03      1.025e-03      1.120e+01      1.486e-01      1.200e-03   
      489            490         2.621e-01      4.010e-04      4.744e-03      3.041e-03      6.688e-04      1.120e+01      1.486e-01      3.041e-04   
      490            491         2.617e-01      3.658e-04      4.555e-03      1.056e-03      3.689e-04      1.120e+01      1.486e-01      3.041e-04   
      491            492         2.613e-01      3.972e-04      4.830e-03      6.397e-04      2.145e-04      1.120e+01      1.486e-01      3.041e-04   
      492            493         2.609e-01      3.967e-04      4.929e-03      6.319e-04      1.869e-04      1.120e+01      1.486e-01      3.041e-04   
      493            494         2.605e-01      3.936e-04      4.645e-03      6.234e-04      1.853e-04      1.120e+01      1.486e-01      3.041e-04   
      494            495         2.601e-01      3.890e-04      4.950e-03      6.155e-04      1.872e-04      1.120e+01      1.486e-01      3.041e-04   
      495            496         2.597e-01      3.839e-04      4.679e-03      6.069e-04      1.897e-04      1.120e+01      1.486e-01      3.041e-04   
      496            497         2.594e-01      3.791e-04      4.889e-03      5.988e-04      1.933e-04      1.120e+01      1.486e-01      3.041e-04   
      497            498         2.590e-01      3.742e-04      4.630e-03      5.902e-04      1.977e-04      1.120e+01      1.486e-01      3.041e-04   
      498            499         2.586e-01      3.694e-04      4.829e-03      5.820e-04      2.028e-04      1.120e+01      1.486e-01      3.041e-04   
      499            500         2.583e-01      3.645e-04      4.581e-03      5.734e-04      2.088e-04      1.120e+01      1.486e-01      3.041e-04   
  [it  500] bn 5.4563e-03  L 1.000  kappa 0.753  kMS 0.805  d_cc 1.037  d_pc 1.395  -> FAILS L
      500            501         2.579e-01      3.591e-04      4.763e-03      5.652e-04      2.100e-04      1.120e+01      1.486e-01      3.041e-04   
      501            502         2.575e-01      3.546e-04      4.614e-03      5.571e-04      2.153e-04      1.120e+01      1.486e-01      3.041e-04   
      502            503         2.572e-01      3.495e-04      4.920e-03      5.490e-04      2.187e-04      1.120e+01      1.486e-01      3.041e-04   
      503            504         2.569e-01      3.442e-04      4.537e-03      5.405e-04      2.201e-04      1.120e+01      1.486e-01      3.041e-04   
      504            505         2.565e-01      3.393e-04      4.798e-03      5.327e-04      2.216e-04      1.120e+01      1.486e-01      3.041e-04   
      505            506         2.562e-01      3.344e-04      4.451e-03      5.243e-04      2.248e-04      1.120e+01      1.486e-01      3.041e-04   
      506            507         2.559e-01      3.295e-04      4.581e-03      5.162e-04      2.293e-04      1.120e+01      1.486e-01      3.041e-04   
      507            508         2.555e-01      3.246e-04      4.450e-03      5.080e-04      2.329e-04      1.120e+01      1.486e-01      3.041e-04   
      508            509         2.552e-01      3.194e-04      4.615e-03      4.999e-04      2.342e-04      1.120e+01      1.486e-01      3.041e-04   
      509            510         2.549e-01      3.147e-04      4.440e-03      4.916e-04      2.385e-04      1.120e+01      1.486e-01      3.041e-04   
      510            511         2.546e-01      3.096e-04      4.597e-03      4.835e-04      2.404e-04      1.120e+01      1.486e-01      3.041e-04   
      511            512         2.543e-01      3.045e-04      4.440e-03      4.752e-04      2.399e-04      1.120e+01      1.486e-01      3.041e-04   
      512            513         2.540e-01      2.998e-04      4.608e-03      4.671e-04      2.395e-04      1.120e+01      1.486e-01      3.041e-04   
      513            514         2.537e-01      2.951e-04      4.507e-03      4.590e-04      2.401e-04      1.120e+01      1.486e-01      3.041e-04   
      514            515         2.534e-01      2.903e-04      4.540e-03      4.508e-04      2.411e-04      1.120e+01      1.486e-01      3.041e-04   
      515            516         2.532e-01      1.860e-04      2.948e-03      4.454e-04      2.422e-04      1.120e+01      1.486e-01      3.041e-04   
  [mem] RSS 7.40 GB  peak 7.40 GB
      516            517         2.529e-01      2.826e-04      4.643e-03      4.375e-04      2.440e-04      1.120e+01      1.486e-01      3.041e-04   
      517            518         2.528e-01      1.750e-04      2.806e-03      4.322e-04      2.457e-04      1.120e+01      1.486e-01      3.041e-04   
      518            519         2.525e-01      2.747e-04      4.475e-03      4.242e-04      2.469e-04      1.120e+01      1.486e-01      3.041e-04   
      519            520         2.522e-01      2.702e-04      4.820e-03      4.162e-04      2.498e-04      1.120e+01      1.486e-01      3.041e-04   
      520            521         2.519e-01      2.655e-04      4.726e-03      4.083e-04      2.530e-04      1.120e+01      1.486e-01      3.041e-04   
      521            522         2.517e-01      2.609e-04      4.678e-03      4.003e-04      2.572e-04      1.120e+01      1.486e-01      3.041e-04   
      522            523         2.514e-01      2.563e-04      4.633e-03      3.923e-04      2.623e-04      1.120e+01      1.486e-01      3.041e-04   
      523            524         2.512e-01      2.016e-04      3.676e-03      3.858e-04      2.673e-04      1.120e+01      1.486e-01      3.041e-04   
      524            525         2.510e-01      2.470e-04      4.565e-03      3.782e-04      2.639e-04      1.120e+01      1.486e-01      3.041e-04   
      525            526         2.507e-01      2.426e-04      4.493e-03      3.703e-04      2.658e-04      1.120e+01      1.486e-01      3.041e-04   
      526            527         2.505e-01      2.376e-04      4.434e-03      3.625e-04      2.655e-04      1.120e+01      1.486e-01      3.041e-04   
      527            528         2.503e-01      2.331e-04      4.380e-03      3.546e-04      2.683e-04      1.120e+01      1.486e-01      3.041e-04   
      528            529         2.500e-01      2.284e-04      4.349e-03      3.467e-04      2.728e-04      1.120e+01      1.486e-01      3.041e-04   
      529            530         2.498e-01      2.146e-04      4.229e-03      3.393e-04      2.738e-04      1.120e+01      1.486e-01      3.041e-04   
      530            531         2.496e-01      2.191e-04      4.378e-03      3.315e-04      2.784e-04      1.120e+01      1.486e-01      3.041e-04   
      531            532         2.494e-01      2.145e-04      4.328e-03      3.237e-04      2.842e-04      1.120e+01      1.486e-01      3.041e-04   
      532            533         2.492e-01      2.097e-04      4.283e-03      3.159e-04      2.901e-04      1.120e+01      1.486e-01      3.041e-04   
      533            534         2.490e-01      2.048e-04      4.371e-03      3.082e-04      2.941e-04      1.120e+01      1.486e-01      3.041e-04   
      534            535         2.488e-01      2.004e-04      4.341e-03      1.198e-03      3.008e-04      1.120e+01      1.486e-01      1.198e-04   
      535            536         2.486e-01      1.973e-04      4.336e-03      2.928e-04      2.325e-04      1.120e+01      1.486e-01      1.198e-04   
      536            537         2.484e-01      1.841e-04      4.410e-03      2.853e-04      2.191e-04      1.120e+01      1.486e-01      1.198e-04   
      537            538         2.482e-01      1.755e-04      4.228e-03      2.780e-04      2.184e-04      1.120e+01      1.486e-01      1.198e-04   
      538            539         2.480e-01      1.820e-04      4.572e-03      2.705e-04      2.191e-04      1.120e+01      1.486e-01      1.198e-04   
      539            540         2.479e-01      1.776e-04      4.554e-03      2.629e-04      2.208e-04      1.120e+01      1.486e-01      1.198e-04   
      540            541         2.477e-01      1.733e-04      4.543e-03      2.552e-04      2.235e-04      1.120e+01      1.486e-01      1.198e-04   
      541            542         2.475e-01      1.690e-04      4.530e-03      2.476e-04      2.275e-04      1.120e+01      1.486e-01      1.198e-04   
      542            543         2.473e-01      1.637e-04      4.484e-03      2.402e-04      2.246e-04      1.120e+01      1.486e-01      1.198e-04   
      543            544         2.472e-01      1.599e-04      4.448e-03      2.328e-04      2.272e-04      1.120e+01      1.486e-01      1.198e-04   
      544            545         2.470e-01      1.549e-04      4.610e-03      2.253e-04      2.271e-04      1.120e+01      1.486e-01      1.198e-04   
      545            546         2.469e-01      1.495e-04      4.356e-03      2.182e-04      2.193e-04      1.120e+01      1.486e-01      1.198e-04   
      546            547         2.467e-01      1.457e-04      4.370e-03      2.108e-04      2.193e-04      1.120e+01      1.486e-01      1.198e-04   
      547            548         2.466e-01      1.415e-04      4.295e-03      2.035e-04      2.221e-04      1.120e+01      1.486e-01      1.198e-04   
      548            549         2.465e-01      7.024e-05      2.129e-03      1.996e-04      2.248e-04      1.120e+01      1.486e-01      1.198e-04   
      549            550         2.464e-01      1.351e-04      4.226e-03      1.927e-04      2.315e-04      1.120e+01      1.486e-01      1.198e-04   
  [it  550] bn 5.2451e-03  L 1.000  kappa 0.684  kMS 0.746  d_cc 1.036  d_pc 1.382  -> FAILS L
      550            551         2.463e-01      1.307e-04      4.145e-03      1.855e-04      2.407e-04      1.120e+01      1.486e-01      1.198e-04   
      551            552         2.461e-01      1.260e-04      4.237e-03      1.782e-04      2.480e-04      1.120e+01      1.486e-01      1.198e-04   
      552            553         2.460e-01      1.212e-04      4.412e-03      1.710e-04      2.508e-04      1.120e+01      1.486e-01      1.198e-04   
      553            554         2.459e-01      1.173e-04      4.464e-03      1.638e-04      2.575e-04      1.120e+01      1.486e-01      1.198e-04   
      554            555         2.458e-01      1.127e-04      4.479e-03      1.566e-04      2.617e-04      1.120e+01      1.486e-01      1.198e-04   
      555            556         2.457e-01      1.073e-04      4.474e-03      1.496e-04      2.561e-04      1.120e+01      1.486e-01      1.198e-04   
      556            557         2.456e-01      1.029e-04      4.525e-03      1.427e-04      2.493e-04      1.120e+01      1.486e-01      1.198e-04   
      557            558         2.455e-01      9.916e-05      4.659e-03      1.358e-04      2.467e-04      1.120e+01      1.486e-01      1.198e-04   
      558            559         2.454e-01      9.524e-05      4.443e-03      1.289e-04      2.466e-04      1.120e+01      1.486e-01      1.198e-04   
      559            560         2.453e-01      6.469e-05      3.123e-03      1.240e-04      2.484e-04      1.120e+01      1.486e-01      1.198e-04   
      560            561         2.452e-01      8.872e-05      4.742e-03      5.883e-03      2.527e-04      1.191e+01      1.486e-01      5.883e-04   
      561            562         2.452e-01      7.057e-05      5.006e-03      1.202e-03      1.454e-04      1.191e+01      1.486e-01      5.883e-04   
      562            563         2.451e-01      7.432e-05      4.102e-03      1.955e-03      1.184e-04      1.191e+01      2.153e-01      1.955e-04   
      563            564         2.450e-01      6.523e-05      5.214e-03      1.030e-03      7.542e-05      1.191e+01      2.908e-01      1.030e-04   
      564            565         2.449e-01      6.531e-05      4.486e-03      1.542e-04      5.726e-05      1.191e+01      2.908e-01      1.030e-04   
      565            566         2.449e-01      6.435e-05      4.754e-03      4.211e-04      4.981e-05      1.191e+01      3.406e-01      4.211e-05   
  [mem] RSS 7.41 GB  peak 7.41 GB
      566            567         2.448e-01      5.943e-05      4.618e-03      7.788e-05      4.021e-05      1.191e+01      3.406e-01      4.211e-05   
      567            568         2.448e-01      5.867e-05      4.514e-03      7.183e-05      3.996e-05      1.191e+01      3.406e-01      4.211e-05   
      568            569         2.447e-01      5.516e-05      4.606e-03      6.566e-05      4.121e-05      1.191e+01      3.406e-01      4.211e-05   
      569            570         2.447e-01      5.171e-05      4.465e-03      1.322e-04      4.435e-05      1.191e+01      3.406e-01      4.211e-05   
      570            571         2.446e-01      4.574e-05      4.049e-03      5.525e-05      4.297e-05      1.191e+01      3.406e-01      4.211e-05   
      571            572         2.446e-01      4.233e-05      4.368e-03      6.127e-05      4.311e-05      1.191e+01      3.406e-01      4.211e-05   
      572            573         2.445e-01      3.736e-05      4.976e-03      6.932e-05      4.035e-05      1.191e+01      3.406e-01      4.211e-05   
      573            574         2.445e-01      3.523e-05      4.851e-03      6.480e-05      4.189e-05      1.191e+01      3.406e-01      4.211e-05   
      574            575         2.445e-01      3.226e-05      4.984e-03      6.961e-05      4.516e-05      1.191e+01      3.406e-01      4.211e-05   
      575            576         2.444e-01      2.929e-05      4.941e-03      7.683e-05      5.085e-05      1.191e+01      3.406e-01      4.211e-05   
      576            577         2.444e-01      2.478e-05      4.441e-03      1.522e-04      5.391e-05      1.191e+01      3.406e-01      4.211e-05   
      577            578         2.444e-01      1.743e-05      4.700e-03      6.303e-05      4.817e-05      1.191e+01      3.406e-01      4.211e-05   
      578            579         2.444e-01      1.617e-05      4.110e-03      6.561e-05      4.883e-05      1.191e+01      3.406e-01      4.211e-05   
      579            580         2.444e-01      1.104e-05      5.841e-03      9.314e-05      4.614e-05      1.191e+01      3.406e-01      4.211e-05   
      580            581         2.444e-01      6.555e-06      4.151e-03      8.457e-05      4.486e-05      1.191e+01      3.406e-01      4.211e-05   
      581            582         2.444e-01      7.012e-06      6.257e-03      1.538e-04      4.462e-05      1.191e+01      3.406e-01      4.211e-05   
      582            583         2.443e-01      5.166e-06      4.914e-03      1.360e-04      4.797e-05      1.191e+01      3.406e-01      4.211e-05   
      583            584         2.443e-01      5.367e-06      6.598e-03      5.899e-04      5.816e-05      1.191e+01      3.406e-01      4.211e-05   
      584            585         2.443e-01     -2.851e-06      4.401e-03      1.869e-04      4.778e-05      1.191e+01      3.406e-01      4.211e-05   
      585            586         2.443e-01      4.758e-07      3.540e-03      4.939e-04      4.868e-05      1.191e+01      3.893e-01      4.939e-05   
      586            587         2.443e-01     -7.660e-07      2.223e-03      3.735e-04      4.335e-05      1.191e+01      4.326e-01      3.735e-05   
      587            588         2.443e-01     -1.820e-06      1.473e-03      3.263e-04      3.914e-05      1.191e+01      4.717e-01      3.263e-05   
      588            589         2.443e-01     -1.487e-06      5.396e-04      2.725e-04      3.604e-05      1.191e+01      5.078e-01      2.725e-05   
      589            590         2.444e-01     -1.305e-06      8.643e-04      2.323e-04      3.341e-05      1.191e+01      5.412e-01      2.323e-05   
      590            591         2.444e-01     -1.124e-06      1.065e-03      2.170e-04      3.141e-05      1.191e+01      5.726e-01      2.170e-05   
      591            592         2.444e-01     -1.101e-06      2.753e-04      1.896e-04      2.952e-05      1.191e+01      6.021e-01      1.896e-05   
      592            593         2.444e-01     -1.552e-06      9.895e-04      1.591e-04      2.695e-05      1.191e+01      6.291e-01      1.591e-05   
      593            594         2.444e-01     -1.229e-06      5.427e-04      1.441e-04      2.503e-05      1.191e+01      6.541e-01      1.441e-05   
      594            595         2.444e-01     -1.125e-06      9.430e-04      1.278e-04      2.333e-05      1.191e+01      6.774e-01      1.278e-05   
      595            596         2.444e-01     -8.655e-07      2.794e-04      1.255e-04      2.208e-05      1.191e+01      6.995e-01      1.255e-05   
      596            597         2.444e-01     -9.156e-07      2.454e-04      1.070e-04      2.075e-05      1.191e+01      7.203e-01      1.070e-05   
      597            598         2.444e-01     -1.060e-06      1.256e-03      1.512e-05      1.925e-05      1.191e+01      7.203e-01      1.070e-05   
      598            599         2.444e-01      1.724e-07      7.384e-04      1.007e-04      1.949e-05      1.191e+01      7.398e-01      1.007e-05   
      599            600         2.444e-01     -3.691e-07      1.687e-04      4.519e-05      1.901e-05      1.191e+01      7.398e-01      1.007e-05   
  [it  600] bn 5.1524e-03  L 1.000  kappa 0.650  kMS 0.731  d_cc 1.041  d_pc 1.378  -> FAILS L
      600            601         2.444e-01     -3.639e-07      4.116e-04      9.037e-05      1.854e-05      1.191e+01      7.583e-01      9.037e-06   
      601            602         2.444e-01     -5.839e-07      1.440e-04      8.696e-05      1.777e-05      1.191e+01      7.761e-01      8.696e-06   
      602            603         2.444e-01     -5.872e-07      1.975e-04      7.956e-05      1.702e-05      1.191e+01      7.931e-01      7.956e-06   
      603            604         2.444e-01     -6.644e-07      5.383e-04      6.957e-05      1.617e-05      1.191e+01      8.093e-01      6.957e-06   
      604            606         2.444e-01     -3.936e-07      1.929e-04      7.311e-05      1.571e-05      1.191e+01      8.250e-01      7.311e-06   
      605            607         2.444e-01     -4.853e-07      2.206e-04      6.611e-05      1.512e-05      1.191e+01      8.401e-01      6.611e-06   
      606            608         2.444e-01     -4.186e-07      1.771e-04      6.425e-05      1.462e-05      1.191e+01      8.547e-01      6.425e-06   
      607            610         2.444e-01     -4.241e-07      1.728e-04      6.020e-05      1.413e-05      1.191e+01      8.689e-01      6.020e-06   
      608            611         2.444e-01     -3.555e-07      2.221e-04      6.131e-05      1.372e-05      1.191e+01      8.826e-01      6.131e-06   
      609            612         2.444e-01     -4.444e-07      2.943e-04      5.285e-05      1.322e-05      1.191e+01      8.958e-01      5.285e-06   
      610            613         2.444e-01     -2.767e-07      1.940e-04      5.448e-05      1.292e-05      1.191e+01      9.087e-01      5.448e-06   
      611            614         2.444e-01     -3.279e-07      2.492e-04      5.073e-05      1.257e-05      1.191e+01      9.213e-01      5.073e-06   
  [mem] RSS 7.41 GB  peak 7.41 GB
      612            615         2.444e-01     -2.647e-07      8.796e-05      4.949e-05      1.227e-05      1.191e+01      9.336e-01      4.949e-06   
      613            617         2.444e-01     -3.000e-07      1.824e-04      4.765e-05      1.196e-05      1.191e+01      9.455e-01      4.765e-06   
      614            618         2.444e-01     -2.866e-07      1.113e-04      4.510e-05      1.165e-05      1.191e+01      9.572e-01      4.510e-06   
      615            619         2.444e-01     -1.478e-07      7.736e-05      1.511e-05      1.150e-05      1.191e+01      9.572e-01      4.510e-06   
      616            621         2.444e-01     -8.916e-08      7.210e-05      4.417e-05      1.141e-05      1.191e+01      9.686e-01      4.417e-06   
      617            622         2.444e-01     -2.300e-07      3.977e-05      4.300e-05      1.117e-05      1.191e+01      9.798e-01      4.300e-06   
      618            624         2.444e-01     -2.483e-07      1.095e-04      4.106e-05      1.092e-05      1.191e+01      9.907e-01      4.106e-06   
      619            625         2.444e-01     -1.908e-07      1.247e-04      9.918e-06      1.073e-05      1.191e+01      9.907e-01      4.106e-06   
      620            627         2.444e-01     -3.338e-08      7.654e-05      4.075e-05      1.069e-05      1.191e+01      1.001e+00      4.075e-06   
      621            628         2.444e-01     -2.138e-07      4.553e-05      3.893e-05      1.049e-05      1.191e+01      1.012e+00      3.893e-06   
      622            629         2.444e-01     -2.646e-07      2.619e-04      3.615e-05      1.022e-05      1.191e+01      1.022e+00      3.615e-06   
      623            630         2.444e-01     -1.660e-07      1.098e-04      3.740e-05      1.006e-05      1.191e+01      1.032e+00      3.740e-06   
      624            631         2.444e-01     -2.046e-07      1.261e-04      3.505e-05      9.866e-06      1.191e+01      1.042e+00      3.505e-06   
      625            632         2.444e-01     -1.540e-07      1.352e-04      3.533e-05      9.719e-06      1.191e+01      1.052e+00      3.533e-06   
      626            633         2.444e-01     -1.712e-07      6.356e-05      3.373e-05      9.558e-06      1.191e+01      1.061e+00      3.373e-06   
      627            634         2.444e-01     -1.102e-07      1.320e-04      1.735e-05      9.451e-06      1.191e+01      1.061e+00      3.373e-06   
      628            635         2.444e-01     -3.484e-08      1.107e-04      5.620e-06      9.419e-06      1.191e+01      1.061e+00      3.373e-06   
      629            636         2.444e-01     -3.484e-08      5.805e-05      3.297e-05      9.386e-06      1.191e+01      1.071e+00      3.297e-06   
      630            637         2.444e-01     -1.654e-07      2.646e-05      3.219e-05      9.233e-06      1.191e+01      1.080e+00      3.219e-06   
      631            638         2.444e-01     -1.729e-07      1.243e-04      3.180e-05      9.073e-06      1.191e+01      1.089e+00      3.180e-06   
      632            639         2.444e-01     -9.649e-08      3.659e-05      1.229e-05      8.984e-06      1.191e+01      1.089e+00      3.180e-06   
      633            640         2.444e-01     -4.097e-08      4.398e-05      4.936e-06      8.947e-06      1.191e+01      1.089e+00      3.180e-06   
      634            641         2.444e-01     -3.088e-09      9.510e-06      3.473e-05      8.944e-06      1.191e+01      1.098e+00      3.473e-06   
      635            642         2.444e-01     -1.518e-07      5.775e-07      3.301e-05      8.835e-06      1.191e+01      1.107e+00      3.301e-06   
      636            643         2.444e-01     -1.668e-07      1.701e-04      3.011e-05      8.628e-06      1.191e+01      1.115e+00      3.011e-06   
      637            644         2.444e-01     -6.939e-08      1.877e-04      9.738e-06      8.589e-06      1.191e+01      1.115e+00      3.011e-06   
      638            645         2.444e-01     -6.557e-08      9.138e-05      2.812e-05      8.540e-06      1.191e+01      1.124e+00      2.812e-06   
      639            646         2.444e-01     -1.280e-07      3.536e-05      2.817e-05      8.423e-06      1.191e+01      1.132e+00      2.817e-06   
      640            647         2.444e-01     -3.209e-08      5.056e-05      2.342e-05      8.394e-06      1.191e+01      1.132e+00      2.817e-06   
      641            648         2.444e-01     -9.947e-08      3.850e-07      2.964e-05      8.324e-06      1.191e+01      1.141e+00      2.964e-06   
      642            649         2.444e-01     -8.706e-08      1.458e-06      2.682e-05      8.221e-06      1.191e+01      1.149e+00      2.682e-06   
      643            650         2.444e-01     -1.668e-07      1.642e-06      3.661e-05      8.128e-06      1.191e+01      1.157e+00      3.661e-06   
      644            651         2.444e-01      4.870e-08      4.071e-06      3.613e-05      8.074e-06      1.191e+01      1.165e+00      3.613e-06   
      645            652         2.444e-01     -2.407e-07      3.261e-06      3.204e-05      7.993e-06      1.191e+01      1.173e+00      3.204e-06   
      646            653         2.444e-01     -5.260e-08      1.287e-04      2.378e-05      7.910e-06      1.191e+01      1.173e+00      3.204e-06   
      647            654         2.444e-01     -1.458e-08      1.991e-05      4.371e-05      7.880e-06      1.191e+01      1.181e+00      4.371e-06   
      648            655         2.444e-01     -3.951e-09      3.386e-06      4.531e-05      7.779e-06      1.191e+01      1.189e+00      4.531e-06   
      649            656         2.444e-01     -2.507e-07      2.141e-06      4.484e-05      7.704e-06      1.191e+01      1.196e+00      4.484e-06   
  [it  650] bn 5.1531e-03  L 1.000  kappa 0.650  kMS 0.730  d_cc 1.042  d_pc 1.378  -> FAILS L
      650            657         2.444e-01      3.194e-08      1.059e-06      4.099e-05      7.620e-06      1.191e+01      1.204e+00      4.099e-06   
      651            658         2.444e-01     -4.079e-07      3.160e-04      2.847e-05      7.329e-06      1.191e+01      1.211e+00      2.847e-06   
      652            659         2.444e-01      3.075e-09      1.018e-04      5.170e-05      7.334e-06      1.191e+01      1.219e+00      5.170e-06   
      653            660         2.444e-01     -1.040e-07      3.457e-05      1.837e-05      7.254e-06      1.191e+01      1.219e+00      5.170e-06   
      654            661         2.444e-01     -5.371e-08      7.625e-07      2.317e-05      7.217e-06      1.191e+01      1.226e+00      2.317e-06   
      655            662         2.444e-01     -6.122e-08      7.103e-05      1.128e-05      7.159e-06      1.191e+01      1.226e+00      2.317e-06   
      656            663         2.444e-01     -3.313e-08      6.872e-07      2.422e-05      7.137e-06      1.191e+01      1.233e+00      2.422e-06   
  [mem] RSS 7.42 GB  peak 7.42 GB
      657            664         2.444e-01     -9.378e-08      1.850e-05      2.176e-05      7.043e-06      1.191e+01      1.240e+00      2.176e-06   
      658            665         2.444e-01     -6.085e-08      5.129e-05      1.117e-05      6.999e-06      1.191e+01      1.240e+00      2.176e-06   
      659            666         2.444e-01     -5.393e-08      2.196e-07      2.257e-05      6.971e-06      1.191e+01      1.247e+00      2.257e-06   
      660            667         2.444e-01     -3.242e-08      6.933e-06      3.429e-05      6.938e-06      1.191e+01      1.254e+00      3.429e-06   
      661            668         2.444e-01     -1.447e-07      6.011e-05      2.061e-05      6.810e-06      1.191e+01      1.261e+00      2.061e-06   
      662            669         2.444e-01     -8.796e-08      4.158e-05      2.034e-05      6.752e-06      1.191e+01      1.268e+00      2.034e-06   
      663            671         2.444e-01     -9.279e-08      5.496e-05      1.949e-05      6.678e-06      1.191e+01      1.274e+00      1.949e-06   
      664            672         2.444e-01     -8.598e-08      2.380e-05      1.937e-05      6.611e-06      1.191e+01      1.281e+00      1.937e-06   
      665            673         2.444e-01     -3.264e-08      2.947e-05      3.178e-05      6.585e-06      1.191e+01      1.287e+00      3.178e-06   
      666            674         2.444e-01     -6.967e-08      2.289e-05      3.500e-05      6.531e-06      1.191e+01      1.294e+00      3.500e-06   
      667            675         2.444e-01     -1.153e-07      2.666e-05      7.987e-06      6.442e-06      1.191e+01      1.294e+00      3.500e-06   
      668            676         2.444e-01     -3.041e-08      1.171e-07      1.928e-05      6.424e-06      1.191e+01      1.300e+00      1.928e-06   
      669            677         2.444e-01     -6.529e-08      4.462e-07      1.892e-05      6.375e-06      1.191e+01      1.307e+00      1.892e-06   
      670            678         2.444e-01     -6.394e-08      6.512e-07      1.476e-05      6.319e-06      1.191e+01      1.313e+00      1.476e-06   
      671            679         2.444e-01     -7.317e-08      1.778e-06      1.531e-05      6.270e-06      1.191e+01      1.319e+00      1.531e-06   
      672            680         2.444e-01     -3.862e-08      4.816e-05      9.144e-06      6.232e-06      1.191e+01      1.319e+00      1.531e-06   
      673            681         2.444e-01     -2.579e-08      1.458e-06      3.781e-05      6.204e-06      1.191e+01      1.326e+00      3.781e-06   
      674            682         2.444e-01     -6.015e-08      2.461e-05      1.754e-05      6.163e-06      1.191e+01      1.326e+00      3.781e-06   
      675            683         2.444e-01     -2.366e-08      5.000e-06      2.443e-05      6.147e-06      1.191e+01      1.332e+00      2.443e-06   
      676            684         2.444e-01     -1.042e-07      8.443e-07      2.375e-05      6.094e-06      1.191e+01      1.338e+00      2.375e-06   
      677            685         2.444e-01     -1.494e-08      1.116e-06      2.665e-05      6.039e-06      1.191e+01      1.344e+00      2.665e-06   
      678            686         2.444e-01     -5.134e-08      3.986e-05      1.722e-05      6.011e-06      1.191e+01      1.344e+00      2.665e-06   
      679            687         2.444e-01     -7.367e-08      1.821e-06      2.176e-05      5.991e-06      1.191e+01      1.350e+00      2.176e-06   
      680            688         2.444e-01     -6.002e-09      1.696e-06      2.202e-05      5.949e-06      1.191e+01      1.356e+00      2.202e-06   
      681            689         2.444e-01     -1.051e-07      2.302e-06      2.103e-05      5.915e-06      1.191e+01      1.362e+00      2.103e-06   
      682            690         2.444e-01      2.180e-08      1.671e-06      1.717e-05      5.876e-06      1.191e+01      1.368e+00      1.717e-06   
      683            691         2.444e-01     -9.250e-08      6.686e-05      8.672e-06      5.822e-06      1.191e+01      1.368e+00      1.717e-06   
      684            692         2.444e-01     -6.519e-08      8.589e-07      2.036e-05      5.805e-06      1.191e+01      1.373e+00      2.036e-06   
      685            693         2.444e-01     -6.190e-08      2.784e-05      1.974e-05      5.729e-06      1.191e+01      1.379e+00      1.974e-06   
      686            694         2.444e-01     -8.955e-08      5.399e-05      1.523e-05      5.678e-06      1.191e+01      1.385e+00      1.523e-06   
      687            695         2.444e-01     -5.648e-08      2.148e-07      1.637e-05      5.646e-06      1.191e+01      1.390e+00      1.637e-06   
      688            696         2.444e-01     -4.668e-08      3.232e-05      1.600e-05      5.597e-06      1.191e+01      1.396e+00      1.600e-06   
      689            697         2.444e-01     -6.915e-08      2.318e-07      1.692e-05      5.565e-06      1.191e+01      1.402e+00      1.692e-06   
      690            698         2.444e-01     -6.161e-08      1.213e-04      1.512e-05      5.501e-06      1.191e+01      1.407e+00      1.512e-06   
      691            699         2.444e-01     -6.283e-08      7.814e-05      1.482e-05      5.466e-06      1.191e+01      1.413e+00      1.482e-06   
      692            700         2.444e-01     -5.390e-08      2.512e-05      1.432e-05      5.429e-06      1.191e+01      1.418e+00      1.432e-06   
      693            701         2.444e-01     -3.334e-08      2.543e-05      2.087e-05      5.405e-06      1.191e+01      1.423e+00      2.087e-06   
      694            702         2.444e-01     -5.192e-08      8.516e-06      2.172e-05      5.368e-06      1.191e+01      1.429e+00      2.172e-06   
      695            703         2.444e-01     -7.796e-08      2.979e-07      1.561e-05      5.325e-06      1.191e+01      1.434e+00      1.561e-06   
      696            704         2.444e-01     -3.793e-08      3.942e-05      3.096e-06      5.281e-06      1.191e+01      1.434e+00      1.561e-06   
      697            706         2.444e-01     -4.284e-09      1.711e-05      1.501e-05      5.273e-06      1.191e+01      1.439e+00      1.501e-06   
      698            707         2.444e-01     -4.973e-08      2.817e-05      1.897e-05      5.246e-06      1.191e+01      1.445e+00      1.897e-06   
      699            708         2.444e-01     -7.851e-08      2.657e-07      1.509e-05      5.210e-06      1.191e+01      1.450e+00      1.509e-06   
  [it  700] bn 5.1533e-03  L 1.000  kappa 0.650  kMS 0.730  d_cc 1.042  d_pc 1.378  -> FAILS L
      700            709         2.444e-01     -3.187e-08      1.878e-05      1.383e-05      5.163e-06      1.191e+01      1.455e+00      1.383e-06   
      701            710         2.444e-01     -6.491e-08      1.999e-07      1.468e-05      5.138e-06      1.191e+01      1.460e+00      1.468e-06   
  [mem] RSS 7.43 GB  peak 7.43 GB
      702            711         2.444e-01     -1.400e-08      1.430e-05      2.263e-05      5.122e-06      1.191e+01      1.465e+00      2.263e-06   
      703            712         2.444e-01     -5.966e-08      4.265e-07      5.499e-06      5.077e-06      1.191e+01      1.465e+00      2.263e-06   
Augmented Lagrangian subproblems stalled at a feasible point: `ctol` is satisfied and no further progress is available at this precision, but `gtol` was not reached.
         Current function value: 2.444e-01
         Constraint violation: 5.077e-06
         Total delta_x: 2.102e+00
         Iterations: 703
         Function evaluations: 712
         Jacobian evaluations: 703
Timer: Solution time = 14.5 min
Timer: Avg time per step = 1.23 sec
==============================================================================================================
                                                                 Start  -->   End
Total (sum of squares):                                      1.122e+02  -->   2.444e-01, 
Maximum absolute Boundary normal field error:                1.378e-01  -->   1.344e-02 (T m^2)
Minimum absolute Boundary normal field error:                1.185e-04  -->   4.517e-06 (T m^2)
Average absolute Boundary normal field error:                5.542e-02  -->   2.328e-03 (T m^2)
Maximum absolute Boundary normal field error:                8.164e-01  -->   7.967e-02 (normalized)
Minimum absolute Boundary normal field error:                7.023e-04  -->   2.677e-05 (normalized)
Average absolute Boundary normal field error:                3.284e-01  -->   1.380e-02 (normalized)
Maximum Coil length:                                         3.885e+00  -->   4.123e+00 (m)
Minimum Coil length:                                         3.885e+00  -->   4.123e+00 (m)
Average Coil length:                                         3.885e+00  -->   4.123e+00 (m)
Maximum Coil length:                                         6.284e+00  -->   6.669e+00 (normalized)
Minimum Coil length:                                         6.284e+00  -->   6.669e+00 (normalized)
Average Coil length:                                         6.284e+00  -->   6.669e+00 (normalized)
Maximum Coil curvature:                                      4.579e+00  -->   7.557e+00 (m^-1)
Minimum Coil curvature:                                      0.000e+00  -->   0.000e+00 (m^-1)
Average Coil curvature:                                      1.412e+00  -->   1.513e+00 (m^-1)
Maximum Coil curvature:                                      2.831e+00  -->   4.672e+00 (normalized)
Minimum Coil curvature:                                      0.000e+00  -->   0.000e+00 (normalized)
Average Coil curvature:                                      8.727e-01  -->   9.353e-01 (normalized)
Maximum Coil mean squared curvature:                         2.863e+00  -->   4.130e+00 (m^-2)
Minimum Coil mean squared curvature:                         2.863e+00  -->   3.773e+00 (m^-2)
Average Coil mean squared curvature:                         2.863e+00  -->   3.973e+00 (m^-2)
Maximum Coil mean squared curvature:                         1.094e+00  -->   1.578e+00 (normalized)
Minimum Coil mean squared curvature:                         1.094e+00  -->   1.442e+00 (normalized)
Average Coil mean squared curvature:                         1.094e+00  -->   1.518e+00 (normalized)
Maximum Coil-coil distance penalty:                          0.000e+00  -->   5.077e-06 (dimensionless)
Minimum Coil-coil distance penalty:                          0.000e+00  -->   0.000e+00 (dimensionless)
Average Coil-coil distance penalty:                          0.000e+00  -->   9.401e-08 (dimensionless)
Maximum Plasma-coil distance penalty:                        0.000e+00  -->   0.000e+00 (dimensionless)
Minimum Plasma-coil distance penalty:                        0.000e+00  -->   0.000e+00 (dimensionless)
Average Plasma-coil distance penalty:                        0.000e+00  -->   0.000e+00 (dimensionless)
Summed coil current error:                                   0.000e+00  -->   0.000e+00 (A)
==============================================================================================================


SOLVER {'wall_s': 896.2126896381378, 'message': 'Augmented Lagrangian subproblems stalled at a feasible point: `ctol` is satisfied and no further progress is available at this precision, but `gtol` was not reached.', 'nit': 703, 'n_outer': 114, 'constr_violation': 5.076555686595672e-06, 'y_absmax_final': 1.4652707199318828}
START  bn 1.2234e-01  L 0.942  kappa 0.393  kMS 0.507  d_cc 1.380  d_pc 1.069  -> FEASIBLE
RESULT bn 5.1533e-03  L 1.000  kappa 0.650  kMS 0.730  d_cc 1.042  d_pc 1.378  linked 0  -> FAILS L  active ['L']
wrote work/ss_qa/stage2_L0p8/result.h5, result.json, result.png
