Running as unit: run-rf19bbff1c5f846edbff65bf6a941bcae.scope; invocation ID: ae06691f5e6b4000b9e1e60615e06821
/home/jay/Documents/desc_dev/DESC/desc/__init__.py:94: FutureWarning: The pynvml package is deprecated. Please install nvidia-ml-py instead. If you did not install pynvml directly, please report this to the maintainers of the package that installed pynvml for you.
  from pynvml import (
DESC /home/jay/Documents/desc_dev/DESC/desc
DEVICE requested=gpu obtained=gpu (1x NVIDIA GeForce RTX 5070 Ti)
PROX_REG=shift: proximal (dF/dx)^-1 patched
probe k=5: 120 boundary modes free; terms [('Vacuum B.n error', 1326), ('QS two-term (scale-invariant)', 5445), ('aspect ratio', 1), ('rotational transform', 20), ('volume', 1), ('coil length', 4), ('coil curvature', 1204), ('coil mean squared curvature', 4), ('coil-coil distance penalty', 72), ('plasma-coil minimum distance', 8)]
  it   0 cost 1.1536712698e-07 |g|inf 4.13e-09 step 1.13e-17 rho +16749.379 radius 2.3e-17 shift 1.2e+09 | B_min +7.06e-06 lam_min 8.90e-06 lam_k 9.90e-01 S_sub_min -3.23e-02
  it   1 cost 1.1536712698e-07 |g|inf 3.92e-09 step 2.27e-17 rho +84320.283 radius 4.5e-17 shift 4.8e+08 | B_min +7.06e-06 lam_min 8.90e-06 lam_k 9.90e-01 S_sub_min -3.23e-02
  it   2 cost 1.1536712698e-07 |g|inf 3.47e-09 step 1.11e-20 rho +1024314.651 radius 2.2e-20 shift 1.2e+12 | B_min +7.06e-06 lam_min 8.90e-06 lam_k 9.90e-01 S_sub_min -3.23e-02
    [subspace-newton] call 1: 3 its, 15.9 s (converged (precision floor)); totals 3 its, 16 s

PROBE  f eval 7.5 s, jac 24.0 s; x dim 187, rows 8085; cost 1.62048; |g|_inf 0.1503; |h_gn| 1136; tr_scipy |x/scale| 1253
singular values of scaled J: max 3.52 min 0.000261  cond 1.35e+04; count < 1e-8 max: 0
terms: Vacuum B.n error c 1.23 |g| 0.581 act 1326/1326; QS two-term (scale c 0.348 |g| 0.491 act 5445/5445; aspect ratio c 0 |g| 0 act 0/1; rotational transfo c 0.0257 |g| 0.0999 act 6/20; volume c 0.000127 |g| 0.0281 act 1/1; coil length c 0.00359 |g| 0.188 act 3/4; coil curvature c 0.000107 |g| 0.0377 act 5/1204; coil mean squared  c 0 |g| 0 act 0/4; coil-coil distance c 0.00779 |g| 0.1 act 7/72; plasma-coil minimu c 0 |g| 0 act 0/8
gn t=1e-30 |h| 1.136e-27  pred +0.0000e+00  actual +0.0000e+00  paired +0.0000e+00  ratio +nan  (0 s)
    dc_act/dc_pred per term: Vacuum B.n +0.00e+00/+0.00e+00 e1.0e+00  QS two-ter +0.00e+00/+0.00e+00 e1.0e+00  aspect rat +0.00e+00/+0.00e+00 e0.0e+00  rotational +0.00e+00/+0.00e+00 e1.0e+00  volume +0.00e+00/+0.00e+00 e1.0e+00  coil lengt +0.00e+00/+0.00e+00 e1.0e+00  coil curva +0.00e+00/+0.00e+00 e1.0e+00  coil mean  +0.00e+00/+0.00e+00 e0.0e+00  coil-coil  +0.00e+00/+0.00e+00 e1.0e+00  plasma-coi +0.00e+00/+0.00e+00 e0.0e+00
  it   0 cost 1.1564106290e-07 |g|inf 3.75e-01 step 1.00e-04 rho +0.973 radius 2.0e-04 shift 2.5e-02 | B_min -2.49e-02 lam_min 8.87e-06 lam_k 9.90e-01 S_sub_min -8.97e-02
  it   1 cost 1.1555997002e-07 |g|inf 4.46e-03 step 2.00e-04 rho +1.014 radius 4.0e-04 shift 2.4e-04 | B_min -6.81e-07 lam_min 8.96e-06 lam_k 9.89e-01 S_sub_min -3.22e-02
  it   2 cost 1.1554746250e-07 |g|inf 1.37e-03 step 4.00e-04 rho +0.804 radius 8.0e-04 shift 8.1e-05 | B_min +4.66e-06 lam_min 8.93e-06 lam_k 9.90e-01 S_sub_min -3.19e-02
  it   3 cost 1.1553505994e-07 |g|inf 2.41e-03 step 1.74e-04 rho +1.140 radius 3.5e-04 shift 1.5e-04 | B_min +2.03e-05 lam_min 8.98e-06 lam_k 9.91e-01 S_sub_min -3.10e-02
  it   4 cost 1.1551988670e-07 |g|inf 4.39e-04 step 3.48e-04 rho +0.908 radius 7.0e-04 shift 1.4e-04 | B_min -7.75e-06 lam_min 9.01e-06 lam_k 9.92e-01 S_sub_min -3.22e-02
  it   5 cost 1.1551399797e-07 |g|inf 1.96e-03 step 6.95e-04 rho +0.185 radius 1.7e-04 shift 3.9e-05 | B_min +1.99e-05 lam_min 9.07e-06 lam_k 9.92e-01 S_sub_min -3.14e-02
  it   6 cost 1.1545382033e-07 |g|inf 6.45e-03 step 1.74e-04 rho +1.064 radius 3.5e-04 shift 2.8e-04 | B_min +3.43e-05 lam_min 9.20e-06 lam_k 9.94e-01 S_sub_min -2.96e-02
  it   7 cost 1.1542157477e-07 |g|inf 8.31e-04 step 3.48e-04 rho +0.897 radius 7.0e-04 shift 3.0e-04 | B_min -2.55e-05 lam_min 9.22e-06 lam_k 9.95e-01 S_sub_min -3.25e-02
  it   8 cost 1.1540383002e-07 |g|inf 2.35e-03 step 6.95e-04 rho +0.321 radius 7.0e-04 shift 4.4e-05 | B_min +2.42e-05 lam_min 9.29e-06 lam_k 9.95e-01 S_sub_min -3.19e-02
  it   9 cost 1.1531630849e-07 |g|inf 7.17e-03 step 2.77e-04 rho +1.094 radius 7.0e-04 shift 0.0e+00 | B_min +3.47e-05 lam_min 9.43e-06 lam_k 9.97e-01 S_sub_min -3.05e-02
  it  10 cost 1.1529007776e-07 |g|inf 2.97e-03 step 1.74e-04 rho +1.063 radius 3.5e-04 shift 4.8e-04 | B_min +9.55e-06 lam_min 9.44e-06 lam_k 9.97e-01 S_sub_min -3.23e-02
  it  11 cost 1.1526788217e-07 |g|inf 7.56e-04 step 3.48e-04 rho +0.688 radius 3.5e-04 shift 2.0e-04 | B_min +1.16e-05 lam_min 9.46e-06 lam_k 9.97e-01 S_sub_min -3.36e-02
  it  12 cost 1.1523447303e-07 |g|inf 4.38e-03 step 3.48e-04 rho +1.111 radius 7.0e-04 shift 6.0e-05 | B_min +1.15e-05 lam_min 9.50e-06 lam_k 9.97e-01 S_sub_min -3.25e-02
  it  13 cost 1.1521750373e-07 |g|inf 2.75e-03 step 1.74e-04 rho +0.994 radius 3.5e-04 shift 3.8e-04 | B_min +2.56e-05 lam_min 9.48e-06 lam_k 9.97e-01 S_sub_min -3.34e-02
  it  14 cost 1.1519748713e-07 |g|inf 1.49e-03 step 3.48e-04 rho +0.953 radius 7.0e-04 shift 1.1e-04 | B_min +8.14e-06 lam_min 9.50e-06 lam_k 9.97e-01 S_sub_min -3.36e-02
  it  15 cost 1.1517846491e-07 |g|inf 2.65e-03 step 5.01e-04 rho +1.021 radius 7.0e-04 shift 0.0e+00 | B_min +2.81e-05 lam_min 9.49e-06 lam_k 9.96e-01 S_sub_min -3.34e-02
  it  16 cost 1.1515520881e-07 |g|inf 4.19e-03 step 3.57e-04 rho +1.060 radius 7.0e-04 shift 0.0e+00 | B_min +2.71e-05 lam_min 9.46e-06 lam_k 9.97e-01 S_sub_min -3.26e-02
  it  17 cost 1.1513692097e-07 |g|inf 3.19e-03 step 1.74e-04 rho +1.109 radius 3.5e-04 shift 1.7e-04 | B_min +1.11e-05 lam_min 9.45e-06 lam_k 9.97e-01 S_sub_min -3.40e-02
  it  18 cost 1.1512329369e-07 |g|inf 1.13e-03 step 3.48e-04 rho +0.807 radius 7.0e-04 shift 9.2e-05 | B_min +1.80e-05 lam_min 9.45e-06 lam_k 9.97e-01 S_sub_min -3.38e-02
  it  19 cost 1.1510969729e-07 |g|inf 2.97e-03 step 4.82e-04 rho +0.834 radius 7.0e-04 shift 0.0e+00 | B_min +2.58e-05 lam_min 9.44e-06 lam_k 9.97e-01 S_sub_min -3.34e-02
  it  20 cost 1.1508981921e-07 |g|inf 5.02e-03 step 1.74e-04 rho +1.050 radius 3.5e-04 shift 1.9e-04 | B_min +1.67e-05 lam_min 9.40e-06 lam_k 9.97e-01 S_sub_min -3.28e-02
  it  21 cost 1.1507706418e-07 |g|inf 1.28e-03 step 3.48e-04 rho +0.918 radius 7.0e-04 shift 6.8e-05 | B_min +8.26e-06 lam_min 9.39e-06 lam_k 9.97e-01 S_sub_min -3.41e-02
  it  22 cost 1.1506102568e-07 |g|inf 2.66e-03 step 3.07e-04 rho +1.336 radius 7.0e-04 shift 0.0e+00 | B_min +2.46e-05 lam_min 9.39e-06 lam_k 9.97e-01 S_sub_min -3.32e-02
  it  23 cost 1.1505823042e-07 |g|inf 1.69e-03 step 5.01e-04 rho +0.220 radius 1.3e-04 shift 0.0e+00 | B_min +2.76e-05 lam_min 9.37e-06 lam_k 9.98e-01 S_sub_min -3.40e-02
  it  24 cost 1.1503355004e-07 |g|inf 5.28e-03 step 1.25e-04 rho +1.055 radius 2.5e-04 shift 1.3e-04 | B_min +8.08e-06 lam_min 9.33e-06 lam_k 9.98e-01 S_sub_min -3.15e-02
  it  25 cost 1.1502510357e-07 |g|inf 5.16e-04 step 2.51e-04 rho +0.753 radius 5.0e-04 shift 1.5e-04 | B_min +9.31e-06 lam_min 9.33e-06 lam_k 9.98e-01 S_sub_min -3.47e-02
  it  26 cost 1.1501909864e-07 |g|inf 2.08e-03 step 5.01e-04 rho +0.492 radius 5.0e-04 shift 4.3e-06 | B_min +1.64e-05 lam_min 9.33e-06 lam_k 9.97e-01 S_sub_min -3.34e-02
  it  27 cost 1.1500155770e-07 |g|inf 4.89e-03 step 1.25e-04 rho +1.033 radius 2.5e-04 shift 2.3e-04 | B_min +1.77e-05 lam_min 9.29e-06 lam_k 9.98e-01 S_sub_min -3.35e-02
  it  28 cost 1.1499273459e-07 |g|inf 8.24e-04 step 2.51e-04 rho +0.976 radius 5.0e-04 shift 1.0e-04 | B_min +7.84e-06 lam_min 9.29e-06 lam_k 9.98e-01 S_sub_min -3.43e-02
  it  29 cost 1.1498591197e-07 |g|inf 1.42e-03 step 4.57e-04 rho +0.743 radius 5.0e-04 shift 0.0e+00 | B_min +1.68e-05 lam_min 9.28e-06 lam_k 9.98e-01 S_sub_min -3.39e-02
  it  30 cost 1.1497867510e-07 |g|inf 4.31e-03 step 3.63e-04 rho +0.520 radius 5.0e-04 shift 0.0e+00 | B_min +1.31e-05 lam_min 9.24e-06 lam_k 9.98e-01 S_sub_min -3.26e-02
  it  31 cost 1.1497176849e-07 |g|inf 5.10e-03 step 5.01e-04 rho +0.303 radius 5.0e-04 shift 3.4e-05 | B_min +4.57e-06 lam_min 9.24e-06 lam_k 9.98e-01 S_sub_min -3.29e-02
  it  32 cost 1.1494795146e-07 |g|inf 5.71e-03 step 1.25e-04 rho +1.055 radius 2.5e-04 shift 9.3e-05 | B_min +1.05e-06 lam_min 9.21e-06 lam_k 9.98e-01 S_sub_min -3.12e-02
  it  33 cost 1.1494052401e-07 |g|inf 5.09e-04 step 2.51e-04 rho +0.799 radius 5.0e-04 shift 1.2e-04 | B_min +5.46e-06 lam_min 9.21e-06 lam_k 9.97e-01 S_sub_min -3.47e-02
  it  34 cost 1.1493092072e-07 |g|inf 1.55e-03 step 4.90e-04 rho +0.952 radius 5.0e-04 shift 0.0e+00 | B_min +1.30e-05 lam_min 9.21e-06 lam_k 9.97e-01 S_sub_min -3.32e-02
  it  35 cost 1.1491851335e-07 |g|inf 3.76e-03 step 1.04e-04 rho +1.088 radius 2.1e-04 shift 2.5e-04 | B_min +1.02e-05 lam_min 9.17e-06 lam_k 9.97e-01 S_sub_min -3.27e-02
  it  36 cost 1.1491009066e-07 |g|inf 5.19e-04 step 2.08e-04 rho +0.991 radius 4.2e-04 shift 1.7e-04 | B_min +4.25e-06 lam_min 9.17e-06 lam_k 9.96e-01 S_sub_min -3.43e-02
  it  37 cost 1.1489880719e-07 |g|inf 7.63e-04 step 4.15e-04 rho +0.901 radius 8.3e-04 shift 3.5e-05 | B_min +1.07e-05 lam_min 9.17e-06 lam_k 9.96e-01 S_sub_min -3.36e-02
  it  38 cost 1.1488045002e-07 |g|inf 2.55e-03 step 3.78e-04 rho +1.349 radius 8.3e-04 shift 0.0e+00 | B_min +1.39e-05 lam_min 9.16e-06 lam_k 9.96e-01 S_sub_min -3.21e-02
  it  39 cost 1.1486763484e-07 |g|inf 1.25e-03 step 2.08e-04 rho +1.107 radius 4.2e-04 shift 1.7e-04 | B_min +7.00e-06 lam_min 9.14e-06 lam_k 9.95e-01 S_sub_min -3.33e-02
  it  40 cost 1.1485170562e-07 |g|inf 9.48e-04 step 4.15e-04 rho +0.919 radius 8.3e-04 shift 5.7e-05 | B_min +9.70e-06 lam_min 9.15e-06 lam_k 9.95e-01 S_sub_min -3.32e-02
  it  41 cost 1.1482595133e-07 |g|inf 2.80e-03 step 5.00e-04 rho +1.343 radius 8.3e-04 shift 0.0e+00 | B_min +9.67e-06 lam_min 9.14e-06 lam_k 9.94e-01 S_sub_min -3.18e-02
  it  42 cost 1.1480630075e-07 |g|inf 1.98e-03 step 2.08e-04 rho +1.138 radius 4.2e-04 shift 2.3e-04 | B_min +7.78e-07 lam_min 9.12e-06 lam_k 9.94e-01 S_sub_min -3.24e-02
  it  43 cost 1.1478218943e-07 |g|inf 1.06e-03 step 4.15e-04 rho +0.934 radius 8.3e-04 shift 1.0e-04 | B_min +8.85e-06 lam_min 9.13e-06 lam_k 9.93e-01 S_sub_min -3.32e-02
  it  44 cost 1.1475296768e-07 |g|inf 2.92e-03 step 7.97e-04 rho +0.974 radius 8.3e-04 shift 0.0e+00 | B_min +7.80e-06 lam_min 9.14e-06 lam_k 9.93e-01 S_sub_min -3.15e-02
  it  45 cost 1.1470757263e-07 |g|inf 6.33e-03 step 2.08e-04 rho +1.114 radius 4.2e-04 shift 3.0e-04 | B_min -1.92e-06 lam_min 9.14e-06 lam_k 9.94e-01 S_sub_min -3.07e-02
  it  46 cost 1.1466916735e-07 |g|inf 1.15e-03 step 4.15e-04 rho +0.930 radius 8.3e-04 shift 1.9e-04 | B_min +7.10e-06 lam_min 9.16e-06 lam_k 9.93e-01 S_sub_min -3.31e-02
  it  47 cost 1.1461560954e-07 |g|inf 3.21e-03 step 8.30e-04 rho +1.010 radius 1.7e-03 shift 1.3e-05 | B_min +8.19e-06 lam_min 9.19e-06 lam_k 9.93e-01 S_sub_min -3.14e-02
  it  48 cost 1.1453254664e-07 |g|inf 6.35e-03 step 4.15e-04 rho +1.170 radius 8.3e-04 shift 6.4e-05 | B_min +9.23e-07 lam_min 9.21e-06 lam_k 9.94e-01 S_sub_min -2.99e-02
  it  49 cost 1.1448689128e-07 |g|inf 3.66e-03 step 8.30e-04 rho +0.502 radius 8.3e-04 shift 6.8e-05 | B_min +4.56e-06 lam_min 9.23e-06 lam_k 9.94e-01 S_sub_min -3.18e-02
  it  50 cost 1.1436952124e-07 |g|inf 9.20e-03 step 8.30e-04 rho +0.864 radius 1.7e-03 shift 3.2e-05 | B_min -9.86e-06 lam_min 9.32e-06 lam_k 9.97e-01 S_sub_min -2.92e-02
  it  51 cost 1.1425914796e-07 |g|inf 9.63e-03 step 4.15e-04 rho +0.979 radius 8.3e-04 shift 3.0e-04 | B_min -1.91e-05 lam_min 9.28e-06 lam_k 9.98e-01 S_sub_min -3.24e-02
  it  52 cost 1.1419219322e-07 |g|inf 3.51e-03 step 8.30e-04 rho +0.660 radius 8.3e-04 shift 6.0e-05 | B_min +1.37e-05 lam_min 9.35e-06 lam_k 1.00e+00 S_sub_min -3.03e-02
  it  53 cost 1.1407196763e-07 |g|inf 1.05e-02 step 8.30e-04 rho +0.870 radius 1.7e-03 shift 4.3e-05 | B_min -1.28e-05 lam_min 9.38e-06 lam_k 1.00e+00 S_sub_min -2.94e-02
  it  54 cost 1.1396852206e-07 |g|inf 6.18e-03 step 4.15e-04 rho +0.954 radius 8.3e-04 shift 2.8e-04 | B_min -1.92e-05 lam_min 9.45e-06 lam_k 1.01e+00 S_sub_min -2.93e-02
  it  55 cost 1.1390471358e-07 |g|inf 4.81e-03 step 8.30e-04 rho +0.666 radius 8.3e-04 shift 7.4e-05 | B_min +8.98e-06 lam_min 9.47e-06 lam_k 1.01e+00 S_sub_min -3.10e-02
  it  56 cost 1.1381801563e-07 |g|inf 8.05e-03 step 8.30e-04 rho +0.707 radius 8.3e-04 shift 5.7e-05 | B_min -9.34e-06 lam_min 9.51e-06 lam_k 1.01e+00 S_sub_min -2.86e-02
  it  57 cost 1.1372886713e-07 |g|inf 1.11e-02 step 2.08e-04 rho +1.021 radius 4.2e-04 shift 5.4e-04 | B_min -3.38e-05 lam_min 9.51e-06 lam_k 1.02e+00 S_sub_min -2.96e-02
  it  58 cost 1.1367738108e-07 |g|inf 1.30e-03 step 4.15e-04 rho +0.962 radius 8.3e-04 shift 2.6e-04 | B_min +8.61e-06 lam_min 9.52e-06 lam_k 1.02e+00 S_sub_min -3.10e-02
  it  59 cost 1.1360653038e-07 |g|inf 3.54e-03 step 8.30e-04 rho +0.950 radius 1.7e-03 shift 6.1e-05 | B_min +8.83e-06 lam_min 9.54e-06 lam_k 1.02e+00 S_sub_min -3.07e-02
  it  60 cost 1.1353913660e-07 |g|inf 6.68e-03 step 4.15e-04 rho +1.183 radius 8.3e-04 shift 1.0e-04 | B_min +3.46e-07 lam_min 9.56e-06 lam_k 1.02e+00 S_sub_min -2.83e-02
  it  61 cost 1.1349827174e-07 |g|inf 2.91e-03 step 8.30e-04 rho +0.596 radius 8.3e-04 shift 6.0e-05 | B_min +8.08e-06 lam_min 9.57e-06 lam_k 1.02e+00 S_sub_min -3.13e-02
  it  62 cost 1.1342334825e-07 |g|inf 9.28e-03 step 8.30e-04 rho +0.913 radius 1.7e-03 shift 1.9e-05 | B_min -8.35e-06 lam_min 9.60e-06 lam_k 1.03e+00 S_sub_min -2.73e-02
  it  63 cost 1.1337683050e-07 |g|inf 5.52e-03 step 4.15e-04 rho +0.685 radius 4.2e-04 shift 2.2e-04 | B_min -3.35e-05 lam_min 9.60e-06 lam_k 1.03e+00 S_sub_min -3.36e-02
  it  64 cost 1.1332455368e-07 |g|inf 5.75e-03 step 4.15e-04 rho +1.016 radius 8.3e-04 shift 1.3e-04 | B_min +5.42e-06 lam_min 9.63e-06 lam_k 1.03e+00 S_sub_min -2.79e-02
  it  65 cost 1.1330443328e-07 |g|inf 3.17e-03 step 8.30e-04 rho +0.378 radius 8.3e-04 shift 3.9e-05 | B_min +1.56e-05 lam_min 9.65e-06 lam_k 1.03e+00 S_sub_min -3.15e-02
  it  66 cost 1.1330177092e-07 |g|inf 1.06e-02 step 8.30e-04 rho +0.036 radius 2.1e-04 shift 4.0e-06 | B_min +7.54e-06 lam_min 9.69e-06 lam_k 1.03e+00 S_sub_min -2.74e-02
  it  67 cost 1.1320819455e-07 |g|inf 1.08e-02 step 2.08e-04 rho +0.863 radius 4.2e-04 shift 5.1e-04 | B_min -5.19e-05 lam_min 9.69e-06 lam_k 1.03e+00 S_sub_min -3.04e-02
  it  68 cost 1.1317302978e-07 |g|inf 3.94e-03 step 4.15e-04 rho +0.837 radius 8.3e-04 shift 1.6e-04 | B_min +5.46e-06 lam_min 9.71e-06 lam_k 1.03e+00 S_sub_min -2.99e-02
  it  69 cost 1.1316970443e-07 |g|inf 3.32e-03 step 8.30e-04 rho +0.080 radius 2.1e-04 shift 1.7e-05 | B_min +1.80e-05 lam_min 9.74e-06 lam_k 1.03e+00 S_sub_min -3.20e-02
  it  70 cost 1.1310493872e-07 |g|inf 1.04e-02 step 2.08e-04 rho +0.996 radius 4.2e-04 shift 2.4e-04 | B_min +8.44e-06 lam_min 9.80e-06 lam_k 1.03e+00 S_sub_min -2.83e-02
  it  71 cost 1.1309170644e-07 |g|inf 6.66e-04 step 4.15e-04 rho +0.453 radius 4.2e-04 shift 1.3e-04 | B_min +9.87e-06 lam_min 9.81e-06 lam_k 1.03e+00 S_sub_min -3.30e-02
  it  72 cost 1.1305433731e-07 |g|inf 8.51e-03 step 4.15e-04 rho +1.048 radius 8.3e-04 shift 4.3e-05 | B_min +1.59e-05 lam_min 9.85e-06 lam_k 1.03e+00 S_sub_min -2.92e-02
  it  73 cost 1.1303763759e-07 |g|inf 1.72e-03 step 2.08e-04 rho +0.870 radius 4.2e-04 shift 2.8e-04 | B_min +1.67e-05 lam_min 9.87e-06 lam_k 1.03e+00 S_sub_min -3.32e-02
  it  74 cost 1.1301597888e-07 |g|inf 3.13e-03 step 4.15e-04 rho +0.886 radius 8.3e-04 shift 8.7e-05 | B_min +8.63e-06 lam_min 9.89e-06 lam_k 1.03e+00 S_sub_min -3.09e-02
  it  75 cost 1.1299728204e-07 |g|inf 3.34e-03 step 1.92e-04 rho +1.064 radius 3.8e-04 shift 1.8e-04 | B_min +2.03e-05 lam_min 9.92e-06 lam_k 1.03e+00 S_sub_min -3.23e-02
  it  76 cost 1.1297942937e-07 |g|inf 2.11e-03 step 3.85e-04 rho +0.834 radius 7.7e-04 shift 1.0e-04 | B_min +1.17e-05 lam_min 9.94e-06 lam_k 1.03e+00 S_sub_min -3.16e-02
  it  77 cost 1.1296845328e-07 |g|inf 3.59e-03 step 6.76e-04 rho +0.518 radius 7.7e-04 shift 0.0e+00 | B_min +2.08e-05 lam_min 9.97e-06 lam_k 1.03e+00 S_sub_min -3.17e-02
  it  78 cost 1.1293728424e-07 |g|inf 7.03e-03 step 1.92e-04 rho +1.030 radius 3.8e-04 shift 1.9e-04 | B_min +4.42e-06 lam_min 1.00e-05 lam_k 1.03e+00 S_sub_min -3.05e-02
  it  79 cost 1.1292806692e-07 |g|inf 8.23e-04 step 3.85e-04 rho +0.473 radius 3.8e-04 shift 8.8e-05 | B_min +8.54e-06 lam_min 1.00e-05 lam_k 1.03e+00 S_sub_min -3.29e-02
  it  80 cost 1.1290232242e-07 |g|inf 6.84e-03 step 3.85e-04 rho +1.067 radius 7.7e-04 shift 1.7e-05 | B_min +1.32e-05 lam_min 1.01e-05 lam_k 1.03e+00 S_sub_min -2.99e-02
  it  81 cost 1.1288950043e-07 |g|inf 1.49e-03 step 1.92e-04 rho +0.875 radius 3.8e-04 shift 2.5e-04 | B_min +2.02e-05 lam_min 1.01e-05 lam_k 1.03e+00 S_sub_min -3.32e-02
  it  82 cost 1.1287567434e-07 |g|inf 2.50e-03 step 3.85e-04 rho +0.784 radius 7.7e-04 shift 6.3e-05 | B_min +7.96e-06 lam_min 1.01e-05 lam_k 1.03e+00 S_sub_min -3.13e-02
  it  83 cost 1.1287250418e-07 |g|inf 3.06e-03 step 5.27e-04 rho +0.169 radius 1.3e-04 shift 0.0e+00 | B_min +1.63e-05 lam_min 1.02e-05 lam_k 1.03e+00 S_sub_min -3.22e-02
  it  84 cost 1.1284401346e-07 |g|inf 7.16e-03 step 1.32e-04 rho +0.987 radius 2.6e-04 shift 3.7e-04 | B_min +2.84e-06 lam_min 1.02e-05 lam_k 1.03e+00 S_sub_min -3.00e-02
  it  85 cost 1.1283338660e-07 |g|inf 1.98e-04 step 2.63e-04 rho +0.766 radius 5.3e-04 shift 1.7e-04 | B_min +8.31e-06 lam_min 1.02e-05 lam_k 1.03e+00 S_sub_min -3.34e-02
  it  86 cost 1.1282218171e-07 |g|inf 3.27e-03 step 5.27e-04 rho +0.749 radius 5.3e-04 shift 1.0e-06 | B_min +7.89e-06 lam_min 1.03e-05 lam_k 1.03e+00 S_sub_min -3.11e-02
  it  87 cost 1.1280437848e-07 |g|inf 2.19e-03 step 1.32e-04 rho +0.984 radius 2.6e-04 shift 2.9e-04 | B_min +2.13e-05 lam_min 1.03e-05 lam_k 1.03e+00 S_sub_min -3.34e-02
  it  88 cost 1.1279278836e-07 |g|inf 1.40e-03 step 2.63e-04 rho +0.895 radius 5.3e-04 shift 1.4e-04 | B_min +8.38e-06 lam_min 1.03e-05 lam_k 1.03e+00 S_sub_min -3.21e-02
  it  89 cost 1.1279170319e-07 |g|inf 1.63e-03 step 4.63e-04 rho +0.088 radius 1.2e-04 shift 0.0e+00 | B_min +8.06e-06 lam_min 1.04e-05 lam_k 1.02e+00 S_sub_min -3.22e-02
  it  90 cost 1.1276618892e-07 |g|inf 8.39e-03 step 1.16e-04 rho +1.042 radius 2.3e-04 shift 2.2e-04 | B_min +1.44e-05 lam_min 1.04e-05 lam_k 1.02e+00 S_sub_min -2.99e-02
  it  91 cost 1.1275676849e-07 |g|inf 2.79e-04 step 2.31e-04 rho +0.831 radius 4.6e-04 shift 1.8e-04 | B_min +8.05e-06 lam_min 1.04e-05 lam_k 1.02e+00 S_sub_min -3.32e-02
  it  92 cost 1.1274878549e-07 |g|inf 2.55e-03 step 4.63e-04 rho +0.638 radius 4.6e-04 shift 1.1e-06 | B_min +7.92e-06 lam_min 1.04e-05 lam_k 1.02e+00 S_sub_min -3.14e-02
  it  93 cost 1.1273103165e-07 |g|inf 3.12e-03 step 1.16e-04 rho +1.007 radius 2.3e-04 shift 2.6e-04 | B_min +1.81e-05 lam_min 1.05e-05 lam_k 1.02e+00 S_sub_min -3.27e-02
  it  94 cost 1.1272101934e-07 |g|inf 1.16e-03 step 2.31e-04 rho +0.923 radius 4.6e-04 shift 1.7e-04 | B_min +8.32e-06 lam_min 1.05e-05 lam_k 1.02e+00 S_sub_min -3.23e-02
  it  95 cost 1.1272092887e-07 |g|inf 1.30e-03 step 4.63e-04 rho +0.008 radius 1.2e-04 shift 3.2e-06 | B_min +8.18e-06 lam_min 1.05e-05 lam_k 1.02e+00 S_sub_min -3.22e-02
  it  96 cost 1.1269587625e-07 |g|inf 7.53e-03 step 1.16e-04 rho +1.057 radius 2.3e-04 shift 1.4e-04 | B_min +1.71e-05 lam_min 1.06e-05 lam_k 1.02e+00 S_sub_min -3.00e-02
  it  97 cost 1.1268737393e-07 |g|inf 3.01e-04 step 2.31e-04 rho +0.808 radius 4.6e-04 shift 1.7e-04 | B_min +7.93e-06 lam_min 1.06e-05 lam_k 1.02e+00 S_sub_min -3.31e-02
  it  98 cost 1.1267967575e-07 |g|inf 2.64e-03 step 4.42e-04 rho +0.681 radius 4.6e-04 shift 0.0e+00 | B_min +7.94e-06 lam_min 1.06e-05 lam_k 1.02e+00 S_sub_min -3.13e-02
  it  99 cost 1.1266422042e-07 |g|inf 2.79e-03 step 1.16e-04 rho +0.986 radius 2.3e-04 shift 2.7e-04 | B_min +1.73e-05 lam_min 1.06e-05 lam_k 1.02e+00 S_sub_min -3.27e-02
  it 100 cost 1.1265495792e-07 |g|inf 1.20e-03 step 2.31e-04 rho +0.913 radius 4.6e-04 shift 1.5e-04 | B_min +8.22e-06 lam_min 1.07e-05 lam_k 1.02e+00 S_sub_min -3.22e-02
  it 101 cost 1.1264802000e-07 |g|inf 1.25e-03 step 1.16e-04 rho +1.118 radius 2.3e-04 shift 2.5e-04 | B_min +8.26e-06 lam_min 1.07e-05 lam_k 1.02e+00 S_sub_min -3.21e-02
  it 102 cost 1.1263956981e-07 |g|inf 6.92e-04 step 2.31e-04 rho +0.920 radius 4.6e-04 shift 1.4e-04 | B_min +8.86e-06 lam_min 1.07e-05 lam_k 1.02e+00 S_sub_min -3.27e-02
  it 103 cost 1.1263218674e-07 |g|inf 1.71e-03 step 4.12e-04 rho +0.773 radius 4.6e-04 shift 0.0e+00 | B_min +8.80e-06 lam_min 1.07e-05 lam_k 1.02e+00 S_sub_min -3.18e-02
  it 104 cost 1.1261647650e-07 |g|inf 4.59e-03 step 2.08e-04 rho +1.195 radius 4.6e-04 shift 0.0e+00 | B_min +2.01e-05 lam_min 1.08e-05 lam_k 1.02e+00 S_sub_min -3.13e-02
  it 105 cost 1.1261030531e-07 |g|inf 1.26e-03 step 1.16e-04 rho +1.099 radius 2.3e-04 shift 2.6e-04 | B_min +1.54e-05 lam_min 1.08e-05 lam_k 1.02e+00 S_sub_min -3.18e-02
  it 106 cost 1.1260248329e-07 |g|inf 7.01e-04 step 2.31e-04 rho +0.903 radius 4.6e-04 shift 1.3e-04 | B_min +8.69e-06 lam_min 1.09e-05 lam_k 1.02e+00 S_sub_min -3.28e-02
  it 107 cost 1.1259566281e-07 |g|inf 1.88e-03 step 4.08e-04 rho +0.771 radius 4.6e-04 shift 0.0e+00 | B_min +8.59e-06 lam_min 1.09e-05 lam_k 1.02e+00 S_sub_min -3.16e-02
  it 108 cost 1.1258124130e-07 |g|inf 3.73e-03 step 2.33e-04 rho +1.150 radius 4.6e-04 shift 0.0e+00 | B_min +2.18e-05 lam_min 1.09e-05 lam_k 1.02e+00 S_sub_min -3.17e-02
  it 109 cost 1.1258066669e-07 |g|inf 1.77e-03 step 4.63e-04 rho +0.052 radius 1.2e-04 shift 1.3e-05 | B_min +1.55e-05 lam_min 1.10e-05 lam_k 1.02e+00 S_sub_min -3.12e-02
  it 110 cost 1.1256091381e-07 |g|inf 5.30e-03 step 1.16e-04 rho +1.039 radius 2.3e-04 shift 1.4e-04 | B_min +1.91e-05 lam_min 1.10e-05 lam_k 1.02e+00 S_sub_min -3.20e-02
  it 111 cost 1.1255342215e-07 |g|inf 8.52e-04 step 2.31e-04 rho +0.932 radius 4.6e-04 shift 1.2e-04 | B_min +7.13e-06 lam_min 1.11e-05 lam_k 1.02e+00 S_sub_min -3.22e-02
  it 112 cost 1.1254494700e-07 |g|inf 1.83e-03 step 3.19e-04 rho +1.186 radius 4.6e-04 shift 0.0e+00 | B_min +9.45e-06 lam_min 1.11e-05 lam_k 1.02e+00 S_sub_min -3.20e-02
  it 113 cost 1.1253506559e-07 |g|inf 3.05e-03 step 1.90e-04 rho +1.360 radius 4.6e-04 shift 0.0e+00 | B_min +1.72e-05 lam_min 1.12e-05 lam_k 1.02e+00 S_sub_min -3.12e-02
  it 114 cost 1.1253005041e-07 |g|inf 1.13e-03 step 1.14e-04 rho +1.122 radius 2.3e-04 shift 2.1e-04 | B_min +9.90e-06 lam_min 1.12e-05 lam_k 1.02e+00 S_sub_min -3.23e-02
  it 115 cost 1.1252362519e-07 |g|inf 7.16e-04 step 2.28e-04 rho +0.921 radius 4.6e-04 shift 1.0e-04 | B_min +8.52e-06 lam_min 1.12e-05 lam_k 1.02e+00 S_sub_min -3.26e-02
  it 116 cost 1.1251637646e-07 |g|inf 1.78e-03 step 3.31e-04 rho +1.102 radius 4.6e-04 shift 0.0e+00 | B_min +9.54e-06 lam_min 1.12e-05 lam_k 1.02e+00 S_sub_min -3.17e-02
  it 117 cost 1.1250745693e-07 |g|inf 2.95e-03 step 2.30e-04 rho +1.220 radius 4.6e-04 shift 0.0e+00 | B_min +1.87e-05 lam_min 1.13e-05 lam_k 1.02e+00 S_sub_min -3.18e-02
  it 118 cost 1.1250210924e-07 |g|inf 1.50e-03 step 1.14e-04 rho +1.136 radius 2.3e-04 shift 1.6e-04 | B_min +1.49e-05 lam_min 1.13e-05 lam_k 1.02e+00 S_sub_min -3.13e-02
  it 119 cost 1.1249671647e-07 |g|inf 6.29e-04 step 2.28e-04 rho +0.860 radius 4.6e-04 shift 9.5e-05 | B_min +9.17e-06 lam_min 1.14e-05 lam_k 1.02e+00 S_sub_min -3.28e-02
  it 120 cost 1.1249055034e-07 |g|inf 1.93e-03 step 3.27e-04 rho +1.048 radius 4.6e-04 shift 0.0e+00 | B_min +9.58e-06 lam_min 1.14e-05 lam_k 1.02e+00 S_sub_min -3.14e-02
  it 121 cost 1.1248422092e-07 |g|inf 2.30e-03 step 2.81e-04 rho +0.894 radius 4.6e-04 shift 0.0e+00 | B_min +2.06e-05 lam_min 1.15e-05 lam_k 1.02e+00 S_sub_min -3.24e-02
  it 122 cost 1.1247735193e-07 |g|inf 2.47e-03 step 1.14e-04 rho +1.079 radius 2.3e-04 shift 1.2e-04 | B_min +1.63e-05 lam_min 1.15e-05 lam_k 1.02e+00 S_sub_min -3.03e-02
  it 123 cost 1.1247334215e-07 |g|inf 3.98e-04 step 2.28e-04 rho +0.714 radius 2.3e-04 shift 8.7e-05 | B_min +9.61e-06 lam_min 1.15e-05 lam_k 1.02e+00 S_sub_min -3.32e-02
  it 124 cost 1.1246716702e-07 |g|inf 2.37e-03 step 2.28e-04 rho +1.164 radius 4.6e-04 shift 1.9e-05 | B_min +9.96e-06 lam_min 1.16e-05 lam_k 1.02e+00 S_sub_min -3.10e-02
  it 125 cost 1.1246370148e-07 |g|inf 9.87e-04 step 1.12e-04 rho +1.010 radius 2.2e-04 shift 1.6e-04 | B_min +1.49e-05 lam_min 1.16e-05 lam_k 1.02e+00 S_sub_min -3.32e-02
  it 126 cost 1.1245947014e-07 |g|inf 8.38e-04 step 2.24e-04 rho +0.946 radius 4.5e-04 shift 6.2e-05 | B_min +9.14e-06 lam_min 1.17e-05 lam_k 1.02e+00 S_sub_min -3.23e-02
  it 127 cost 1.1245510292e-07 |g|inf 1.46e-03 step 2.57e-04 rho +1.163 radius 4.5e-04 shift 0.0e+00 | B_min +1.23e-05 lam_min 1.17e-05 lam_k 1.02e+00 S_sub_min -3.25e-02
  it 128 cost 1.1245162016e-07 |g|inf 2.38e-03 step 2.88e-04 rho +0.847 radius 4.5e-04 shift 0.0e+00 | B_min +1.45e-05 lam_min 1.18e-05 lam_k 1.02e+00 S_sub_min -3.16e-02
  it 129 cost 1.1244728501e-07 |g|inf 1.09e-03 step 1.12e-04 rho +0.947 radius 2.2e-04 shift 1.3e-04 | B_min +1.21e-05 lam_min 1.18e-05 lam_k 1.02e+00 S_sub_min -3.20e-02
  it 130 cost 1.1244402651e-07 |g|inf 1.01e-03 step 2.24e-04 rho +0.890 radius 4.5e-04 shift 4.6e-05 | B_min +9.96e-06 lam_min 1.18e-05 lam_k 1.02e+00 S_sub_min -3.22e-02
  it 131 cost 1.1244198501e-07 |g|inf 1.35e-03 step 2.90e-04 rho +0.634 radius 4.5e-04 shift 0.0e+00 | B_min +1.20e-05 lam_min 1.19e-05 lam_k 1.02e+00 S_sub_min -3.27e-02
  it 132 cost 1.1243742621e-07 |g|inf 3.43e-03 step 1.12e-04 rho +1.041 radius 2.2e-04 shift 7.2e-05 | B_min +1.23e-05 lam_min 1.19e-05 lam_k 1.02e+00 S_sub_min -3.10e-02
  it 133 cost 1.1243623930e-07 |g|inf 2.95e-04 step 2.24e-04 rho +0.363 radius 2.2e-04 shift 4.7e-05 | B_min +9.15e-06 lam_min 1.20e-05 lam_k 1.02e+00 S_sub_min -3.33e-02
  it 134 cost 1.1243231958e-07 |g|inf 2.78e-03 step 2.22e-04 rho +1.011 radius 4.5e-04 shift 0.0e+00 | B_min +1.30e-05 lam_min 1.20e-05 lam_k 1.02e+00 S_sub_min -3.13e-02
  it 135 cost 1.1243037233e-07 |g|inf 7.23e-04 step 1.12e-04 rho +0.772 radius 2.2e-04 shift 1.1e-04 | B_min +1.27e-05 lam_min 1.21e-05 lam_k 1.02e+00 S_sub_min -3.35e-02
  it 136 cost 1.1242825099e-07 |g|inf 1.13e-03 step 2.24e-04 rho +0.860 radius 4.5e-04 shift 2.1e-05 | B_min +1.06e-05 lam_min 1.21e-05 lam_k 1.02e+00 S_sub_min -3.21e-02
  it 137 cost 1.1242767249e-07 |g|inf 1.14e-03 step 2.76e-04 rho +0.250 radius 6.9e-05 shift 0.0e+00 | B_min +1.34e-05 lam_min 1.21e-05 lam_k 1.02e+00 S_sub_min -3.33e-02
  it 138 cost 1.1242424570e-07 |g|inf 2.74e-03 step 6.90e-05 rho +1.007 radius 1.4e-04 shift 1.1e-04 | B_min +1.16e-05 lam_min 1.22e-05 lam_k 1.02e+00 S_sub_min -3.10e-02
  it 139 cost 1.1242310828e-07 |g|inf 9.88e-05 step 1.38e-04 rho +0.776 radius 2.8e-04 shift 6.3e-05 | B_min +9.21e-06 lam_min 1.22e-05 lam_k 1.02e+00 S_sub_min -3.35e-02
  it 140 cost 1.1242171756e-07 |g|inf 1.09e-03 step 2.31e-04 rho +0.982 radius 2.8e-04 shift 0.0e+00 | B_min +1.17e-05 lam_min 1.23e-05 lam_k 1.02e+00 S_sub_min -3.26e-02
  it 141 cost 1.1242080803e-07 |g|inf 9.61e-04 step 2.12e-04 rho +0.568 radius 2.8e-04 shift 0.0e+00 | B_min +1.71e-05 lam_min 1.23e-05 lam_k 1.02e+00 S_sub_min -3.34e-02
  it 142 cost 1.1241991204e-07 |g|inf 1.63e-03 step 2.76e-04 rho +0.376 radius 2.8e-04 shift 5.7e-06 | B_min +9.58e-06 lam_min 1.24e-05 lam_k 1.02e+00 S_sub_min -3.17e-02
  it 143 cost 1.1241795377e-07 |g|inf 8.03e-04 step 6.90e-05 rho +0.877 radius 1.4e-04 shift 1.2e-04 | B_min +1.30e-05 lam_min 1.24e-05 lam_k 1.02e+00 S_sub_min -3.33e-02
  it 144 cost 1.1241712613e-07 |g|inf 4.76e-04 step 1.38e-04 rho +1.052 radius 2.8e-04 shift 1.9e-05 | B_min +1.03e-05 lam_min 1.24e-05 lam_k 1.02e+00 S_sub_min -3.28e-02
  it 145 cost 1.1241649865e-07 |g|inf 5.36e-04 step 1.65e-04 rho +1.096 radius 2.8e-04 shift 0.0e+00 | B_min +1.18e-05 lam_min 1.25e-05 lam_k 1.02e+00 S_sub_min -3.33e-02
  it 146 cost 1.1241584717e-07 |g|inf 9.62e-04 step 1.10e-04 rho +1.208 radius 2.8e-04 shift 0.0e+00 | B_min +1.19e-05 lam_min 1.25e-05 lam_k 1.02e+00 S_sub_min -3.26e-02
  it 147 cost 1.1241564061e-07 |g|inf 3.02e-04 step 1.68e-04 rho +0.467 radius 2.8e-04 shift 0.0e+00 | B_min +1.17e-05 lam_min 1.25e-05 lam_k 1.02e+00 S_sub_min -3.34e-02
  it 148 cost 1.1241501323e-07 |g|inf 1.17e-03 step 7.66e-05 rho +1.049 radius 2.8e-04 shift 0.0e+00 | B_min +1.19e-05 lam_min 1.26e-05 lam_k 1.02e+00 S_sub_min -3.25e-02
  it 149 cost 1.1241484710e-07 |g|inf 9.71e-05 step 4.73e-05 rho +0.975 radius 9.5e-05 shift 4.7e-05 | B_min +1.05e-05 lam_min 1.26e-05 lam_k 1.02e+00 S_sub_min -3.35e-02
  it 150 cost 1.1241466519e-07 |g|inf 1.49e-04 step 9.46e-05 rho +1.130 radius 1.9e-04 shift 7.3e-06 | B_min +1.00e-05 lam_min 1.26e-05 lam_k 1.02e+00 S_sub_min -3.33e-02
  it 151 cost 1.1241452695e-07 |g|inf 3.18e-04 step 6.41e-05 rho +1.447 radius 1.9e-04 shift 0.0e+00 | B_min +1.11e-05 lam_min 1.26e-05 lam_k 1.02e+00 S_sub_min -3.33e-02
  it 152 cost 1.1241444601e-07 |g|inf 1.56e-04 step 6.83e-05 rho +1.388 radius 1.9e-04 shift 0.0e+00 | B_min +1.05e-05 lam_min 1.27e-05 lam_k 1.02e+00 S_sub_min -3.34e-02
  it 153 cost 1.1241439668e-07 |g|inf 1.95e-04 step 3.51e-05 rho +1.445 radius 1.9e-04 shift 0.0e+00 | B_min +1.06e-05 lam_min 1.27e-05 lam_k 1.02e+00 S_sub_min -3.34e-02
  it 154 cost 1.1241437285e-07 |g|inf 5.18e-05 step 4.22e-05 rho +1.427 radius 1.9e-04 shift 0.0e+00 | B_min +9.69e-06 lam_min 1.27e-05 lam_k 1.02e+00 S_sub_min -3.34e-02
  it 155 cost 1.1241436154e-07 |g|inf 7.56e-05 step 1.62e-05 rho +1.463 radius 1.9e-04 shift 0.0e+00 | B_min +9.96e-06 lam_min 1.27e-05 lam_k 1.02e+00 S_sub_min -3.34e-02
  it 156 cost 1.1241435706e-07 |g|inf 1.09e-05 step 1.82e-05 rho +1.501 radius 1.9e-04 shift 0.0e+00 | B_min +9.13e-06 lam_min 1.27e-05 lam_k 1.02e+00 S_sub_min -3.35e-02
  it 157 cost 1.1241435530e-07 |g|inf 1.38e-05 step 6.24e-06 rho +1.516 radius 1.9e-04 shift 0.0e+00 | B_min +9.21e-06 lam_min 1.27e-05 lam_k 1.02e+00 S_sub_min -3.35e-02
  it 158 cost 1.1241435463e-07 |g|inf 1.59e-06 step 6.65e-06 rho +1.531 radius 1.9e-04 shift 0.0e+00 | B_min +8.99e-06 lam_min 1.27e-05 lam_k 1.02e+00 S_sub_min -3.35e-02
  it 159 cost 1.1241435438e-07 |g|inf 1.80e-06 step 2.34e-06 rho +1.534 radius 1.9e-04 shift 0.0e+00 | B_min +9.00e-06 lam_min 1.27e-05 lam_k 1.02e+00 S_sub_min -3.35e-02
  it 160 cost 1.1241435429e-07 |g|inf 2.29e-07 step 2.46e-06 rho +1.540 radius 1.9e-04 shift 0.0e+00 | B_min +8.97e-06 lam_min 1.27e-05 lam_k 1.02e+00 S_sub_min -3.35e-02
  it 161 cost 1.1241435425e-07 |g|inf 2.50e-07 step 8.83e-07 rho +1.527 radius 1.9e-04 shift 0.0e+00 | B_min +8.97e-06 lam_min 1.27e-05 lam_k 1.02e+00 S_sub_min -3.35e-02
  it 162 cost 1.1241435424e-07 |g|inf 3.56e-08 step 9.17e-07 rho +1.553 radius 1.9e-04 shift 0.0e+00 | B_min +8.97e-06 lam_min 1.27e-05 lam_k 1.02e+00 S_sub_min -3.35e-02
  it 163 cost 1.1241435423e-07 |g|inf 3.89e-08 step 3.35e-07 rho +1.564 radius 1.9e-04 shift 0.0e+00 | B_min +8.97e-06 lam_min 1.27e-05 lam_k 1.02e+00 S_sub_min -3.35e-02
  it 164 cost 1.1241435423e-07 |g|inf 1.05e-08 step 3.44e-07 rho +1.546 radius 1.9e-04 shift 0.0e+00 | B_min +8.97e-06 lam_min 1.27e-05 lam_k 1.02e+00 S_sub_min -3.35e-02
  it 165 cost 1.1241435423e-07 |g|inf 1.08e-08 step 1.27e-07 rho +1.151 radius 1.9e-04 shift 0.0e+00 | B_min +8.97e-06 lam_min 1.27e-05 lam_k 1.02e+00 S_sub_min -3.35e-02
  it 166 cost 1.1241435423e-07 |g|inf 3.92e-09 step 1.29e-07 rho +2.148 radius 1.9e-04 shift 0.0e+00 | B_min +8.97e-06 lam_min 1.27e-05 lam_k 1.02e+00 S_sub_min -3.35e-02
  it 167 cost 1.1241435423e-07 |g|inf 3.93e-09 step 4.82e-08 rho +2.203 radius 1.9e-04 shift 0.0e+00 | B_min +8.97e-06 lam_min 1.27e-05 lam_k 1.02e+00 S_sub_min -3.35e-02
  it 168 cost 1.1241435423e-07 |g|inf 1.56e-09 step 4.84e-08 rho +1.595 radius 1.9e-04 shift 0.0e+00 | B_min +8.97e-06 lam_min 1.27e-05 lam_k 1.02e+00 S_sub_min -3.35e-02
  it 169 cost 1.1241435423e-07 |g|inf 2.26e-09 step 1.83e-08 rho +10.122 radius 1.9e-04 shift 0.0e+00 | B_min +8.97e-06 lam_min 1.27e-05 lam_k 1.02e+00 S_sub_min -3.35e-02
  it 170 cost 1.1241435423e-07 |g|inf 5.56e-10 step 4.54e-09 rho +2.967 radius 9.1e-09 shift 4.1e-05 | B_min +8.97e-06 lam_min 1.27e-05 lam_k 1.02e+00 S_sub_min -3.35e-02
  it 171 cost 1.1241435423e-07 |g|inf 5.26e-10 step 2.22e-12 rho +496.358 radius 4.4e-12 shift 8.7e+00 | B_min +8.97e-06 lam_min 1.27e-05 lam_k 1.02e+00 S_sub_min -3.35e-02
  it 172 cost 1.1241435423e-07 |g|inf 1.79e-09 step 1.65e-20 rho +650554.338 radius 3.3e-20 shift 4.4e+11 | B_min +8.97e-06 lam_min 1.27e-05 lam_k 1.02e+00 S_sub_min -3.35e-02
  it 173 cost 1.1241435423e-07 |g|inf 1.79e-09 step 3.30e-20 rho +262447.585 radius 6.6e-20 shift 2.2e+11 | B_min +8.97e-06 lam_min 1.27e-05 lam_k 1.02e+00 S_sub_min -3.35e-02
    [subspace-newton] call 2: 174 its, 47.9 s (converged (precision floor)); totals 177 its, 64 s
sd |h| 1.000e-02  pred +2.0893e-03  actual -2.3304e-01  paired -2.3304e-01  ratio -111.5417  (62 s)
    dc_act/dc_pred per term: Vacuum B.n +1.99e-03/+1.99e-03 e2.1e-03  QS two-ter -1.74e-02/+2.52e-05 e1.7e+01  aspect rat +0.00e+00/+0.00e+00 e0.0e+00  rotational +1.67e-03/-1.72e-06 e2.6e+02  volume +2.14e-08/+2.21e-08 e3.0e-02  coil lengt +3.79e-05/+3.86e-05 e1.6e-02  coil curva -2.19e-01/+4.67e-05 e1.6e+02 act5->7  coil mean  +0.00e+00/+0.00e+00 e0.0e+00  coil-coil  -1.09e-05/-1.09e-05 e3.0e-03  plasma-coi +0.00e+00/+0.00e+00 e0.0e+00
  it   0 cost 1.1542898871e-07 |g|inf 1.13e-01 step 1.00e-04 rho +0.954 radius 2.0e-04 shift 3.5e-03 | B_min -3.43e-03 lam_min 8.89e-06 lam_k 9.90e-01 S_sub_min -3.80e-02
  it   1 cost 1.1541372156e-07 |g|inf 2.45e-03 step 2.00e-04 rho +0.999 radius 4.0e-04 shift 5.2e-05 | B_min +5.11e-06 lam_min 8.96e-06 lam_k 9.89e-01 S_sub_min -3.23e-02
  it   2 cost 1.1541212203e-07 |g|inf 8.20e-04 step 1.00e-04 rho +1.105 radius 2.0e-04 shift 7.4e-05 | B_min +1.60e-05 lam_min 8.93e-06 lam_k 9.90e-01 S_sub_min -3.20e-02
  it   3 cost 1.1541025375e-07 |g|inf 1.39e-04 step 2.00e-04 rho +0.980 radius 4.0e-04 shift 4.4e-05 | B_min +3.76e-06 lam_min 8.94e-06 lam_k 9.91e-01 S_sub_min -3.22e-02
  it   4 cost 1.1540773174e-07 |g|inf 6.04e-04 step 4.00e-04 rho +0.698 radius 4.0e-04 shift 1.3e-05 | B_min +1.09e-05 lam_min 8.97e-06 lam_k 9.91e-01 S_sub_min -3.20e-02
  it   5 cost 1.1539846899e-07 |g|inf 2.26e-03 step 2.71e-04 rho +1.421 radius 4.0e-04 shift 0.0e+00 | B_min +2.68e-05 lam_min 9.02e-06 lam_k 9.92e-01 S_sub_min -3.13e-02
  it   6 cost 1.1538794267e-07 |g|inf 1.12e-03 step 4.00e-04 rho +0.939 radius 8.0e-04 shift 5.3e-05 | B_min +7.50e-06 lam_min 9.07e-06 lam_k 9.93e-01 S_sub_min -3.19e-02
  it   7 cost 1.1537431338e-07 |g|inf 2.39e-03 step 1.69e-04 rho +1.141 radius 3.4e-04 shift 1.9e-04 | B_min +2.81e-05 lam_min 9.14e-06 lam_k 9.94e-01 S_sub_min -3.13e-02
  it   8 cost 1.1535650291e-07 |g|inf 5.62e-04 step 3.38e-04 rho +0.908 radius 6.8e-04 shift 1.8e-04 | B_min -1.95e-05 lam_min 9.17e-06 lam_k 9.94e-01 S_sub_min -3.24e-02
  it   9 cost 1.1534780836e-07 |g|inf 1.76e-03 step 6.76e-04 rho +0.266 radius 6.8e-04 shift 2.3e-05 | B_min +2.39e-05 lam_min 9.24e-06 lam_k 9.95e-01 S_sub_min -3.18e-02
  it  10 cost 1.1528265609e-07 |g|inf 6.10e-03 step 2.12e-04 rho +1.146 radius 6.8e-04 shift 0.0e+00 | B_min +3.40e-05 lam_min 9.37e-06 lam_k 9.97e-01 S_sub_min -3.05e-02
  it  11 cost 1.1526453488e-07 |g|inf 1.11e-03 step 1.69e-04 rho +1.055 radius 3.4e-04 shift 4.9e-04 | B_min +1.04e-05 lam_min 9.39e-06 lam_k 9.97e-01 S_sub_min -3.29e-02
  it  12 cost 1.1524153862e-07 |g|inf 8.17e-04 step 3.38e-04 rho +0.809 radius 6.8e-04 shift 1.9e-04 | B_min +1.09e-05 lam_min 9.42e-06 lam_k 9.97e-01 S_sub_min -3.32e-02
  it  13 cost 1.1521757351e-07 |g|inf 3.40e-03 step 1.69e-04 rho +1.178 radius 3.4e-04 shift 2.0e-04 | B_min +1.11e-05 lam_min 9.46e-06 lam_k 9.97e-01 S_sub_min -3.26e-02
  it  14 cost 1.1520192706e-07 |g|inf 6.56e-04 step 3.38e-04 rho +0.667 radius 3.4e-04 shift 1.5e-04 | B_min +1.41e-05 lam_min 9.47e-06 lam_k 9.97e-01 S_sub_min -3.37e-02
  it  15 cost 1.1517648574e-07 |g|inf 3.85e-03 step 3.38e-04 rho +1.101 radius 6.8e-04 shift 4.8e-05 | B_min +1.67e-05 lam_min 9.49e-06 lam_k 9.97e-01 S_sub_min -3.27e-02
  it  16 cost 1.1516310397e-07 |g|inf 2.60e-03 step 1.69e-04 rho +0.995 radius 3.4e-04 shift 3.2e-04 | B_min +2.50e-05 lam_min 9.47e-06 lam_k 9.97e-01 S_sub_min -3.34e-02
  it  17 cost 1.1514723600e-07 |g|inf 1.33e-03 step 3.38e-04 rho +0.964 radius 6.8e-04 shift 9.0e-05 | B_min +8.47e-06 lam_min 9.48e-06 lam_k 9.97e-01 S_sub_min -3.37e-02
  it  18 cost 1.1512990622e-07 |g|inf 2.33e-03 step 4.24e-04 rho +1.211 radius 6.8e-04 shift 0.0e+00 | B_min +2.83e-05 lam_min 9.47e-06 lam_k 9.97e-01 S_sub_min -3.34e-02
  it  19 cost 1.1511284100e-07 |g|inf 2.62e-03 step 3.32e-04 rho +1.183 radius 6.8e-04 shift 0.0e+00 | B_min +3.12e-05 lam_min 9.45e-06 lam_k 9.97e-01 S_sub_min -3.31e-02
  it  20 cost 1.1509970992e-07 |g|inf 2.37e-03 step 1.57e-04 rho +1.157 radius 3.1e-04 shift 1.5e-04 | B_min +1.93e-05 lam_min 9.44e-06 lam_k 9.97e-01 S_sub_min -3.38e-02
  it  21 cost 1.1508877197e-07 |g|inf 8.82e-04 step 3.13e-04 rho +0.835 radius 6.3e-04 shift 9.3e-05 | B_min +1.59e-05 lam_min 9.43e-06 lam_k 9.97e-01 S_sub_min -3.40e-02
  it  22 cost 1.1507828381e-07 |g|inf 2.50e-03 step 4.67e-04 rho +0.832 radius 6.3e-04 shift 0.0e+00 | B_min +2.42e-05 lam_min 9.42e-06 lam_k 9.97e-01 S_sub_min -3.34e-02
  it  23 cost 1.1506331193e-07 |g|inf 4.13e-03 step 1.29e-04 rho +1.052 radius 2.6e-04 shift 2.4e-04 | B_min +2.16e-05 lam_min 9.39e-06 lam_k 9.97e-01 S_sub_min -3.33e-02
  it  24 cost 1.1505376339e-07 |g|inf 7.67e-04 step 2.58e-04 rho +0.959 radius 5.2e-04 shift 1.1e-04 | B_min +8.57e-06 lam_min 9.39e-06 lam_k 9.97e-01 S_sub_min -3.43e-02
  it  25 cost 1.1504736535e-07 |g|inf 1.70e-03 step 4.91e-04 rho +0.623 radius 5.2e-04 shift 0.0e+00 | B_min +2.07e-05 lam_min 9.38e-06 lam_k 9.97e-01 S_sub_min -3.37e-02
  it  26 cost 1.1502990842e-07 |g|inf 4.68e-03 step 2.49e-04 rho +1.099 radius 5.2e-04 shift 0.0e+00 | B_min +2.12e-05 lam_min 9.34e-06 lam_k 9.98e-01 S_sub_min -3.31e-02
  it  27 cost 1.1502163808e-07 |g|inf 2.05e-03 step 1.29e-04 rho +1.133 radius 2.6e-04 shift 1.7e-04 | B_min +9.41e-06 lam_min 9.34e-06 lam_k 9.98e-01 S_sub_min -3.36e-02
  it  28 cost 1.1501452858e-07 |g|inf 3.68e-04 step 2.58e-04 rho +0.799 radius 5.2e-04 shift 1.1e-04 | B_min +1.30e-05 lam_min 9.33e-06 lam_k 9.98e-01 S_sub_min -3.46e-02
  it  29 cost 1.1500684153e-07 |g|inf 2.12e-03 step 1.29e-04 rho +1.142 radius 2.6e-04 shift 1.5e-04 | B_min +1.63e-05 lam_min 9.33e-06 lam_k 9.98e-01 S_sub_min -3.36e-02
  it  30 cost 1.1500033345e-07 |g|inf 2.86e-04 step 2.58e-04 rho +0.769 radius 5.2e-04 shift 1.1e-04 | B_min +1.24e-05 lam_min 9.32e-06 lam_k 9.98e-01 S_sub_min -3.48e-02
  it  31 cost 1.1499315144e-07 |g|inf 1.96e-03 step 1.28e-04 rho +1.134 radius 2.6e-04 shift 1.4e-04 | B_min +1.64e-05 lam_min 9.31e-06 lam_k 9.98e-01 S_sub_min -3.36e-02
  it  32 cost 1.1498701415e-07 |g|inf 2.74e-04 step 2.56e-04 rho +0.773 radius 5.1e-04 shift 1.0e-04 | B_min +1.22e-05 lam_min 9.31e-06 lam_k 9.98e-01 S_sub_min -3.48e-02
  it  33 cost 1.1498463380e-07 |g|inf 1.79e-03 step 4.79e-04 rho +0.281 radius 5.1e-04 shift 0.0e+00 | B_min +1.63e-05 lam_min 9.30e-06 lam_k 9.98e-01 S_sub_min -3.37e-02
  it  34 cost 1.1496991201e-07 |g|inf 5.22e-03 step 1.20e-04 rho +1.030 radius 2.4e-04 shift 1.8e-04 | B_min +1.07e-05 lam_min 9.25e-06 lam_k 9.98e-01 S_sub_min -3.32e-02
  it  35 cost 1.1496353828e-07 |g|inf 6.79e-04 step 2.39e-04 rho +0.973 radius 4.8e-04 shift 8.3e-05 | B_min +7.63e-06 lam_min 9.25e-06 lam_k 9.98e-01 S_sub_min -3.45e-02
  it  36 cost 1.1495619077e-07 |g|inf 1.08e-03 step 3.68e-04 rho +1.149 radius 4.8e-04 shift 0.0e+00 | B_min +1.59e-05 lam_min 9.24e-06 lam_k 9.97e-01 S_sub_min -3.39e-02
  it  37 cost 1.1494689604e-07 |g|inf 2.37e-03 step 2.06e-04 rho +1.335 radius 4.8e-04 shift 0.0e+00 | B_min +1.85e-05 lam_min 9.21e-06 lam_k 9.97e-01 S_sub_min -3.33e-02
  it  38 cost 1.1494197857e-07 |g|inf 9.32e-04 step 1.20e-04 rho +1.158 radius 2.4e-04 shift 1.7e-04 | B_min +1.06e-05 lam_min 9.21e-06 lam_k 9.97e-01 S_sub_min -3.40e-02
  it  39 cost 1.1493584782e-07 |g|inf 3.48e-04 step 2.39e-04 rho +0.940 radius 4.8e-04 shift 9.0e-05 | B_min +1.05e-05 lam_min 9.21e-06 lam_k 9.97e-01 S_sub_min -3.45e-02
  it  40 cost 1.1493094074e-07 |g|inf 1.11e-03 step 4.78e-04 rho +0.636 radius 4.8e-04 shift 1.5e-06 | B_min +1.32e-05 lam_min 9.20e-06 lam_k 9.97e-01 S_sub_min -3.36e-02
  it  41 cost 1.1492450895e-07 |g|inf 4.16e-03 step 3.56e-04 rho +0.492 radius 4.8e-04 shift 0.0e+00 | B_min +1.13e-05 lam_min 9.17e-06 lam_k 9.96e-01 S_sub_min -3.22e-02
  it  42 cost 1.1492010971e-07 |g|inf 4.28e-03 step 4.78e-04 rho +0.202 radius 1.2e-04 shift 4.0e-05 | B_min +7.08e-06 lam_min 9.17e-06 lam_k 9.96e-01 S_sub_min -3.27e-02
  it  43 cost 1.1489414558e-07 |g|inf 5.94e-03 step 1.20e-04 rho +1.050 radius 2.4e-04 shift 1.5e-04 | B_min +8.19e-06 lam_min 9.15e-06 lam_k 9.96e-01 S_sub_min -3.13e-02
  it  44 cost 1.1488526991e-07 |g|inf 3.76e-04 step 2.39e-04 rho +0.911 radius 4.8e-04 shift 1.5e-04 | B_min -1.05e-06 lam_min 9.15e-06 lam_k 9.95e-01 S_sub_min -3.43e-02
  it  45 cost 1.1487101295e-07 |g|inf 1.22e-03 step 4.78e-04 rho +1.025 radius 9.6e-04 shift 2.4e-05 | B_min +1.06e-05 lam_min 9.15e-06 lam_k 9.95e-01 S_sub_min -3.31e-02
  it  46 cost 1.1485055406e-07 |g|inf 2.52e-03 step 3.80e-04 rho +1.389 radius 9.6e-04 shift 0.0e+00 | B_min +1.21e-05 lam_min 9.13e-06 lam_k 9.94e-01 S_sub_min -3.19e-02
  it  47 cost 1.1483461055e-07 |g|inf 2.17e-03 step 2.32e-04 rho +1.162 radius 4.6e-04 shift 1.4e-04 | B_min +1.45e-05 lam_min 9.11e-06 lam_k 9.94e-01 S_sub_min -3.27e-02
  it  48 cost 1.1481660372e-07 |g|inf 1.11e-03 step 4.65e-04 rho +0.848 radius 9.3e-04 shift 5.4e-05 | B_min +8.81e-06 lam_min 9.12e-06 lam_k 9.93e-01 S_sub_min -3.30e-02
  it  49 cost 1.1478494638e-07 |g|inf 3.65e-03 step 6.45e-04 rho +1.207 radius 9.3e-04 shift 0.0e+00 | B_min +7.51e-06 lam_min 9.12e-06 lam_k 9.92e-01 S_sub_min -3.13e-02
  it  50 cost 1.1475737118e-07 |g|inf 2.82e-03 step 2.32e-04 rho +1.052 radius 4.6e-04 shift 2.8e-04 | B_min +9.27e-06 lam_min 9.12e-06 lam_k 9.93e-01 S_sub_min -3.22e-02
  it  51 cost 1.1472391653e-07 |g|inf 1.53e-03 step 4.65e-04 rho +0.962 radius 9.3e-04 shift 1.1e-04 | B_min +8.82e-06 lam_min 9.14e-06 lam_k 9.92e-01 S_sub_min -3.29e-02
  it  52 cost 1.1472049629e-07 |g|inf 3.28e-03 step 9.29e-04 rho +0.083 radius 2.3e-04 shift 6.2e-07 | B_min +8.28e-06 lam_min 9.16e-06 lam_k 9.92e-01 S_sub_min -3.12e-02
  it  53 cost 1.1462003719e-07 |g|inf 1.41e-02 step 2.32e-04 rho +1.082 radius 4.6e-04 shift 3.1e-04 | B_min -5.65e-05 lam_min 9.16e-06 lam_k 9.93e-01 S_sub_min -3.01e-02
  it  54 cost 1.1456893649e-07 |g|inf 1.22e-03 step 4.65e-04 rho +0.886 radius 9.3e-04 shift 2.1e-04 | B_min +8.35e-06 lam_min 9.19e-06 lam_k 9.93e-01 S_sub_min -3.28e-02
  it  55 cost 1.1450203950e-07 |g|inf 4.21e-03 step 9.29e-04 rho +0.900 radius 1.9e-03 shift 1.9e-05 | B_min +8.46e-06 lam_min 9.24e-06 lam_k 9.94e-01 S_sub_min -3.12e-02
  it  56 cost 1.1439982817e-07 |g|inf 7.98e-03 step 4.65e-04 rho +0.997 radius 9.3e-04 shift 1.3e-04 | B_min -3.77e-06 lam_min 9.29e-06 lam_k 9.97e-01 S_sub_min -2.97e-02
  it  57 cost 1.1434543740e-07 |g|inf 5.00e-03 step 9.29e-04 rho +0.468 radius 9.3e-04 shift 6.7e-05 | B_min -4.97e-07 lam_min 9.32e-06 lam_k 9.97e-01 S_sub_min -3.18e-02
  it  58 cost 1.1426478662e-07 |g|inf 1.29e-02 step 9.29e-04 rho +0.472 radius 9.3e-04 shift 4.0e-05 | B_min -1.91e-05 lam_min 9.41e-06 lam_k 1.00e+00 S_sub_min -2.92e-02
  it  59 cost 1.1421469633e-07 |g|inf 1.40e-02 step 9.29e-04 rho +0.210 radius 2.3e-04 shift 1.2e-04 | B_min -4.47e-05 lam_min 9.38e-06 lam_k 1.00e+00 S_sub_min -3.34e-02
  it  60 cost 1.1398438506e-07 |g|inf 2.45e-02 step 2.32e-04 rho +1.013 radius 4.6e-04 shift 5.2e-04 | B_min -9.48e-05 lam_min 9.47e-06 lam_k 1.01e+00 S_sub_min -3.01e-02
  it  61 cost 1.1391990808e-07 |g|inf 1.02e-03 step 4.65e-04 rho +0.905 radius 9.3e-04 shift 2.8e-04 | B_min +3.26e-06 lam_min 9.49e-06 lam_k 1.01e+00 S_sub_min -3.38e-02
  it  62 cost 1.1382673814e-07 |g|inf 4.54e-03 step 9.29e-04 rho +1.039 radius 1.9e-03 shift 4.5e-05 | B_min +9.83e-06 lam_min 9.52e-06 lam_k 1.01e+00 S_sub_min -3.00e-02
  it  63 cost 1.1381529308e-07 |g|inf 7.78e-03 step 1.27e-03 rho +0.146 radius 3.2e-04 shift 0.0e+00 | B_min +1.18e-05 lam_min 9.54e-06 lam_k 1.02e+00 S_sub_min -2.95e-02
  it  64 cost 1.1366909058e-07 |g|inf 1.65e-02 step 3.18e-04 rho +0.994 radius 6.4e-04 shift 3.4e-04 | B_min -1.20e-04 lam_min 9.52e-06 lam_k 1.02e+00 S_sub_min -2.78e-02
  it  65 cost 1.1360973929e-07 |g|inf 2.65e-03 step 6.35e-04 rho +0.849 radius 1.3e-03 shift 1.1e-04 | B_min +1.16e-05 lam_min 9.54e-06 lam_k 1.02e+00 S_sub_min -3.10e-02
  it  66 cost 1.1355240495e-07 |g|inf 6.70e-03 step 3.18e-04 rho +1.117 radius 6.4e-04 shift 1.9e-04 | B_min +2.09e-05 lam_min 9.58e-06 lam_k 1.03e+00 S_sub_min -2.81e-02
  it  67 cost 1.1350857844e-07 |g|inf 1.94e-03 step 6.35e-04 rho +0.739 radius 6.4e-04 shift 1.1e-04 | B_min +1.45e-05 lam_min 9.58e-06 lam_k 1.03e+00 S_sub_min -3.20e-02
  it  68 cost 1.1344196861e-07 |g|inf 7.36e-03 step 6.35e-04 rho +1.131 radius 1.3e-03 shift 3.6e-05 | B_min +1.05e-05 lam_min 9.61e-06 lam_k 1.03e+00 S_sub_min -2.80e-02
  it  69 cost 1.1340720595e-07 |g|inf 3.07e-03 step 3.18e-04 rho +0.931 radius 6.4e-04 shift 2.3e-04 | B_min +1.78e-05 lam_min 9.62e-06 lam_k 1.03e+00 S_sub_min -3.23e-02
  it  70 cost 1.1336143313e-07 |g|inf 4.66e-03 step 6.35e-04 rho +0.981 radius 1.3e-03 shift 5.7e-05 | B_min +8.01e-06 lam_min 9.64e-06 lam_k 1.03e+00 S_sub_min -2.94e-02
  it  71 cost 1.1332246924e-07 |g|inf 5.46e-03 step 3.18e-04 rho +1.091 radius 6.4e-04 shift 1.2e-04 | B_min +1.69e-06 lam_min 9.66e-06 lam_k 1.03e+00 S_sub_min -3.15e-02
  it  72 cost 1.1329226377e-07 |g|inf 3.49e-03 step 6.35e-04 rho +0.696 radius 6.4e-04 shift 6.3e-05 | B_min +7.44e-06 lam_min 9.68e-06 lam_k 1.03e+00 S_sub_min -3.03e-02
  it  73 cost 1.1325062223e-07 |g|inf 8.46e-03 step 6.35e-04 rho +0.820 radius 1.3e-03 shift 4.1e-05 | B_min -4.12e-06 lam_min 9.71e-06 lam_k 1.03e+00 S_sub_min -3.10e-02
  it  74 cost 1.1321559816e-07 |g|inf 4.44e-03 step 3.18e-04 rho +0.932 radius 6.4e-04 shift 2.1e-04 | B_min -1.62e-05 lam_min 9.74e-06 lam_k 1.03e+00 S_sub_min -2.99e-02
  it  75 cost 1.1319781003e-07 |g|inf 3.13e-03 step 6.35e-04 rho +0.500 radius 6.4e-04 shift 3.9e-05 | B_min +1.29e-05 lam_min 9.76e-06 lam_k 1.03e+00 S_sub_min -3.24e-02
  it  76 cost 1.1318078494e-07 |g|inf 1.02e-02 step 6.35e-04 rho +0.366 radius 6.4e-04 shift 2.4e-06 | B_min +1.13e-05 lam_min 9.81e-06 lam_k 1.03e+00 S_sub_min -2.88e-02
  it  77 cost 1.1313215784e-07 |g|inf 3.73e-03 step 1.59e-04 rho +0.880 radius 3.2e-04 shift 6.1e-04 | B_min -1.99e-05 lam_min 9.82e-06 lam_k 1.03e+00 S_sub_min -3.30e-02
  it  78 cost 1.1310878568e-07 |g|inf 2.72e-03 step 3.18e-04 rho +0.923 radius 6.4e-04 shift 1.8e-04 | B_min +8.08e-06 lam_min 9.83e-06 lam_k 1.03e+00 S_sub_min -3.12e-02
  it  79 cost 1.1309404515e-07 |g|inf 2.12e-03 step 6.35e-04 rho +0.470 radius 6.4e-04 shift 3.5e-05 | B_min +1.46e-05 lam_min 9.86e-06 lam_k 1.03e+00 S_sub_min -3.22e-02
  it  80 cost 1.1305728626e-07 |g|inf 9.72e-03 step 1.59e-04 rho +1.035 radius 3.2e-04 shift 2.4e-04 | B_min +4.58e-06 lam_min 9.91e-06 lam_k 1.03e+00 S_sub_min -2.93e-02
  it  81 cost 1.1304278329e-07 |g|inf 3.91e-04 step 3.18e-04 rho +0.663 radius 3.2e-04 shift 1.8e-04 | B_min +9.45e-06 lam_min 9.92e-06 lam_k 1.03e+00 S_sub_min -3.31e-02
  it  82 cost 1.1301773357e-07 |g|inf 5.44e-03 step 3.18e-04 rho +1.111 radius 6.4e-04 shift 7.6e-05 | B_min +8.92e-06 lam_min 9.95e-06 lam_k 1.03e+00 S_sub_min -3.03e-02
  it  83 cost 1.1300527053e-07 |g|inf 1.46e-03 step 1.59e-04 rho +0.994 radius 3.2e-04 shift 3.5e-04 | B_min +2.15e-05 lam_min 9.98e-06 lam_k 1.03e+00 S_sub_min -3.31e-02
  it  84 cost 1.1298793822e-07 |g|inf 1.77e-03 step 3.18e-04 rho +0.941 radius 6.4e-04 shift 1.4e-04 | B_min +8.64e-06 lam_min 9.99e-06 lam_k 1.03e+00 S_sub_min -3.20e-02
  it  85 cost 1.1297604300e-07 |g|inf 2.86e-03 step 6.35e-04 rho +0.586 radius 6.4e-04 shift 8.2e-06 | B_min +1.41e-05 lam_min 1.00e-05 lam_k 1.03e+00 S_sub_min -3.18e-02
  it  86 cost 1.1294752899e-07 |g|inf 6.33e-03 step 1.59e-04 rho +1.084 radius 3.2e-04 shift 1.7e-04 | B_min +4.50e-06 lam_min 1.01e-05 lam_k 1.03e+00 S_sub_min -3.06e-02
  it  87 cost 1.1293480102e-07 |g|inf 7.10e-04 step 3.18e-04 rho +0.721 radius 3.2e-04 shift 1.3e-04 | B_min +8.50e-06 lam_min 1.01e-05 lam_k 1.03e+00 S_sub_min -3.29e-02
  it  88 cost 1.1291392859e-07 |g|inf 4.85e-03 step 3.18e-04 rho +1.179 radius 6.4e-04 shift 3.4e-05 | B_min +8.46e-06 lam_min 1.01e-05 lam_k 1.03e+00 S_sub_min -3.06e-02
  it  89 cost 1.1290250121e-07 |g|inf 1.34e-03 step 1.59e-04 rho +1.001 radius 3.2e-04 shift 2.9e-04 | B_min +2.38e-05 lam_min 1.02e-05 lam_k 1.03e+00 S_sub_min -3.31e-02
  it  90 cost 1.1288808005e-07 |g|inf 1.71e-03 step 3.18e-04 rho +0.897 radius 6.4e-04 shift 1.1e-04 | B_min +8.18e-06 lam_min 1.02e-05 lam_k 1.03e+00 S_sub_min -3.20e-02
  it  91 cost 1.1287653192e-07 |g|inf 2.72e-03 step 5.35e-04 rho +0.765 radius 6.4e-04 shift 0.0e+00 | B_min +1.06e-05 lam_min 1.02e-05 lam_k 1.03e+00 S_sub_min -3.18e-02
  it  92 cost 1.1285590248e-07 |g|inf 4.83e-03 step 1.59e-04 rho +1.082 radius 3.2e-04 shift 1.9e-04 | B_min +1.16e-05 lam_min 1.03e-05 lam_k 1.03e+00 S_sub_min -3.09e-02
  it  93 cost 1.1284541300e-07 |g|inf 5.81e-04 step 3.18e-04 rho +0.658 radius 3.2e-04 shift 1.2e-04 | B_min +8.17e-06 lam_min 1.03e-05 lam_k 1.03e+00 S_sub_min -3.30e-02
  it  94 cost 1.1282620819e-07 |g|inf 4.74e-03 step 3.18e-04 rho +1.178 radius 6.4e-04 shift 1.1e-05 | B_min +6.80e-06 lam_min 1.03e-05 lam_k 1.03e+00 S_sub_min -3.05e-02
  it  95 cost 1.1281532769e-07 |g|inf 1.21e-03 step 1.59e-04 rho +0.951 radius 3.2e-04 shift 2.8e-04 | B_min +1.68e-05 lam_min 1.03e-05 lam_k 1.02e+00 S_sub_min -3.34e-02
  it  96 cost 1.1280242494e-07 |g|inf 1.77e-03 step 3.18e-04 rho +0.852 radius 6.4e-04 shift 1.0e-04 | B_min +7.99e-06 lam_min 1.04e-05 lam_k 1.02e+00 S_sub_min -3.19e-02
  it  97 cost 1.1279111366e-07 |g|inf 2.35e-03 step 3.71e-04 rho +0.822 radius 6.4e-04 shift 0.0e+00 | B_min +8.55e-06 lam_min 1.04e-05 lam_k 1.02e+00 S_sub_min -3.20e-02
  it  98 cost 1.1277365914e-07 |g|inf 5.66e-03 step 1.59e-04 rho +1.042 radius 3.2e-04 shift 2.1e-04 | B_min +1.31e-05 lam_min 1.04e-05 lam_k 1.02e+00 S_sub_min -3.04e-02
  it  99 cost 1.1276514432e-07 |g|inf 4.54e-04 step 3.18e-04 rho +0.554 radius 3.2e-04 shift 1.2e-04 | B_min +7.87e-06 lam_min 1.05e-05 lam_k 1.02e+00 S_sub_min -3.31e-02
  it 100 cost 1.1274631449e-07 |g|inf 4.90e-03 step 3.18e-04 rho +1.111 radius 6.4e-04 shift 1.5e-05 | B_min +7.11e-06 lam_min 1.05e-05 lam_k 1.02e+00 S_sub_min -3.04e-02
  it 101 cost 1.1273607374e-07 |g|inf 9.88e-04 step 1.59e-04 rho +0.901 radius 3.2e-04 shift 2.8e-04 | B_min +1.23e-05 lam_min 1.05e-05 lam_k 1.02e+00 S_sub_min -3.36e-02
  it 102 cost 1.1272410694e-07 |g|inf 1.88e-03 step 3.18e-04 rho +0.822 radius 6.4e-04 shift 9.6e-05 | B_min +8.13e-06 lam_min 1.05e-05 lam_k 1.02e+00 S_sub_min -3.17e-02
  it 103 cost 1.1272159411e-07 |g|inf 2.08e-03 step 4.16e-04 rho +0.183 radius 1.0e-04 shift 0.0e+00 | B_min +8.71e-06 lam_min 1.06e-05 lam_k 1.02e+00 S_sub_min -3.21e-02
  it 104 cost 1.1269843453e-07 |g|inf 8.40e-03 step 1.04e-04 rho +1.008 radius 2.1e-04 shift 3.9e-04 | B_min +8.20e-06 lam_min 1.06e-05 lam_k 1.02e+00 S_sub_min -3.00e-02
  it 105 cost 1.1268925814e-07 |g|inf 1.53e-04 step 2.08e-04 rho +0.880 radius 4.2e-04 shift 2.2e-04 | B_min +7.78e-06 lam_min 1.06e-05 lam_k 1.02e+00 S_sub_min -3.34e-02
  it 106 cost 1.1267936301e-07 |g|inf 2.01e-03 step 4.16e-04 rho +0.739 radius 4.2e-04 shift 2.4e-05 | B_min +8.04e-06 lam_min 1.07e-05 lam_k 1.02e+00 S_sub_min -3.18e-02
  it 107 cost 1.1266611990e-07 |g|inf 3.39e-03 step 3.24e-04 rho +0.830 radius 4.2e-04 shift 0.0e+00 | B_min +1.35e-05 lam_min 1.07e-05 lam_k 1.02e+00 S_sub_min -3.22e-02
  it 108 cost 1.1265502363e-07 |g|inf 3.94e-03 step 4.16e-04 rho +0.476 radius 4.2e-04 shift 7.7e-05 | B_min +1.02e-05 lam_min 1.08e-05 lam_k 1.02e+00 S_sub_min -3.07e-02
  it 109 cost 1.1263785159e-07 |g|inf 1.93e-03 step 1.04e-04 rho +0.926 radius 2.1e-04 shift 4.5e-04 | B_min +2.07e-06 lam_min 1.08e-05 lam_k 1.02e+00 S_sub_min -3.27e-02
  it 110 cost 1.1262842316e-07 |g|inf 1.22e-03 step 2.08e-04 rho +0.931 radius 4.2e-04 shift 2.0e-04 | B_min +8.19e-06 lam_min 1.08e-05 lam_k 1.02e+00 S_sub_min -3.21e-02
  it 111 cost 1.1262429072e-07 |g|inf 9.17e-04 step 4.16e-04 rho +0.321 radius 4.2e-04 shift 3.0e-05 | B_min +8.44e-06 lam_min 1.08e-05 lam_k 1.02e+00 S_sub_min -3.25e-02
  it 112 cost 1.1260325342e-07 |g|inf 6.28e-03 step 3.12e-04 rho +1.080 radius 4.2e-04 shift 0.0e+00 | B_min +1.55e-05 lam_min 1.09e-05 lam_k 1.02e+00 S_sub_min -3.01e-02
  it 113 cost 1.1259605934e-07 |g|inf 7.85e-04 step 1.04e-04 rho +0.984 radius 2.1e-04 shift 4.0e-04 | B_min +9.80e-06 lam_min 1.09e-05 lam_k 1.02e+00 S_sub_min -3.25e-02
  it 114 cost 1.1258755712e-07 |g|inf 8.23e-04 step 2.08e-04 rho +0.953 radius 4.2e-04 shift 1.8e-04 | B_min +8.08e-06 lam_min 1.09e-05 lam_k 1.02e+00 S_sub_min -3.25e-02
  it 115 cost 1.1258214863e-07 |g|inf 1.24e-03 step 4.16e-04 rho +0.488 radius 4.2e-04 shift 1.7e-05 | B_min +8.36e-06 lam_min 1.10e-05 lam_k 1.02e+00 S_sub_min -3.21e-02
  it 116 cost 1.1256421262e-07 |g|inf 5.59e-03 step 2.40e-04 rho +1.135 radius 4.2e-04 shift 0.0e+00 | B_min +1.67e-05 lam_min 1.10e-05 lam_k 1.02e+00 S_sub_min -3.03e-02
  it 117 cost 1.1255818934e-07 |g|inf 8.06e-04 step 1.04e-04 rho +1.022 radius 2.1e-04 shift 3.6e-04 | B_min +1.19e-05 lam_min 1.11e-05 lam_k 1.02e+00 S_sub_min -3.21e-02
  it 118 cost 1.1255036495e-07 |g|inf 7.58e-04 step 2.08e-04 rho +0.949 radius 4.2e-04 shift 1.6e-04 | B_min +8.04e-06 lam_min 1.11e-05 lam_k 1.02e+00 S_sub_min -3.26e-02
  it 119 cost 1.1254529817e-07 |g|inf 1.36e-03 step 4.16e-04 rho +0.512 radius 4.2e-04 shift 1.2e-05 | B_min +8.49e-06 lam_min 1.11e-05 lam_k 1.02e+00 S_sub_min -3.20e-02
  it 120 cost 1.1252904794e-07 |g|inf 5.27e-03 step 2.25e-04 rho +1.137 radius 4.2e-04 shift 0.0e+00 | B_min +1.85e-05 lam_min 1.12e-05 lam_k 1.02e+00 S_sub_min -3.04e-02
  it 121 cost 1.1252351861e-07 |g|inf 9.08e-04 step 1.04e-04 rho +1.039 radius 2.1e-04 shift 3.1e-04 | B_min +1.21e-05 lam_min 1.12e-05 lam_k 1.02e+00 S_sub_min -3.19e-02
  it 122 cost 1.1251649190e-07 |g|inf 7.32e-04 step 2.08e-04 rho +0.944 radius 4.2e-04 shift 1.4e-04 | B_min +8.15e-06 lam_min 1.12e-05 lam_k 1.02e+00 S_sub_min -3.26e-02
  it 123 cost 1.1251246463e-07 |g|inf 1.41e-03 step 4.16e-04 rho +0.469 radius 4.2e-04 shift 6.5e-06 | B_min +8.87e-06 lam_min 1.13e-05 lam_k 1.02e+00 S_sub_min -3.19e-02
  it 124 cost 1.1249785354e-07 |g|inf 4.99e-03 step 2.26e-04 rho +1.107 radius 4.2e-04 shift 0.0e+00 | B_min +1.91e-05 lam_min 1.13e-05 lam_k 1.02e+00 S_sub_min -3.07e-02
  it 125 cost 1.1249270789e-07 |g|inf 9.91e-04 step 1.04e-04 rho +1.038 radius 2.1e-04 shift 2.7e-04 | B_min +1.16e-05 lam_min 1.14e-05 lam_k 1.02e+00 S_sub_min -3.17e-02
  it 126 cost 1.1248663299e-07 |g|inf 7.26e-04 step 2.08e-04 rho +0.941 radius 4.2e-04 shift 1.2e-04 | B_min +8.44e-06 lam_min 1.14e-05 lam_k 1.02e+00 S_sub_min -3.25e-02
  it 127 cost 1.1248424156e-07 |g|inf 1.45e-03 step 4.16e-04 rho +0.341 radius 4.2e-04 shift 7.1e-07 | B_min +9.50e-06 lam_min 1.14e-05 lam_k 1.02e+00 S_sub_min -3.19e-02
  it 128 cost 1.1247191026e-07 |g|inf 5.03e-03 step 2.60e-04 rho +1.000 radius 4.2e-04 shift 0.0e+00 | B_min +1.60e-05 lam_min 1.15e-05 lam_k 1.02e+00 S_sub_min -3.10e-02
  it 129 cost 1.1246657853e-07 |g|inf 1.14e-03 step 1.04e-04 rho +1.012 radius 2.1e-04 shift 2.3e-04 | B_min +1.11e-05 lam_min 1.15e-05 lam_k 1.02e+00 S_sub_min -3.12e-02
  it 130 cost 1.1246156760e-07 |g|inf 7.40e-04 step 2.08e-04 rho +0.944 radius 4.2e-04 shift 9.6e-05 | B_min +8.89e-06 lam_min 1.15e-05 lam_k 1.02e+00 S_sub_min -3.25e-02
  it 131 cost 1.1245831768e-07 |g|inf 1.45e-03 step 3.69e-04 rho +0.611 radius 4.2e-04 shift 0.0e+00 | B_min +1.03e-05 lam_min 1.16e-05 lam_k 1.02e+00 S_sub_min -3.21e-02
  it 132 cost 1.1245221223e-07 |g|inf 4.28e-03 step 3.11e-04 rho +0.745 radius 4.2e-04 shift 0.0e+00 | B_min +1.41e-05 lam_min 1.17e-05 lam_k 1.02e+00 S_sub_min -3.12e-02
  it 133 cost 1.1244608860e-07 |g|inf 1.40e-03 step 1.04e-04 rho +0.976 radius 2.1e-04 shift 1.9e-04 | B_min +1.22e-05 lam_min 1.17e-05 lam_k 1.02e+00 S_sub_min -3.08e-02
  it 134 cost 1.1244211109e-07 |g|inf 7.73e-04 step 2.08e-04 rho +0.963 radius 4.2e-04 shift 6.9e-05 | B_min +9.73e-06 lam_min 1.17e-05 lam_k 1.02e+00 S_sub_min -3.23e-02
  it 135 cost 1.1243927624e-07 |g|inf 1.36e-03 step 3.38e-04 rho +0.730 radius 4.2e-04 shift 0.0e+00 | B_min +1.13e-05 lam_min 1.17e-05 lam_k 1.02e+00 S_sub_min -3.24e-02
  it 136 cost 1.1243593389e-07 |g|inf 3.86e-03 step 3.19e-04 rho +0.590 radius 4.2e-04 shift 0.0e+00 | B_min +1.41e-05 lam_min 1.18e-05 lam_k 1.02e+00 S_sub_min -3.11e-02
  it 137 cost 1.1243071149e-07 |g|inf 1.37e-03 step 1.04e-04 rho +0.918 radius 2.1e-04 shift 1.7e-04 | B_min +1.38e-05 lam_min 1.18e-05 lam_k 1.02e+00 S_sub_min -3.16e-02
  it 138 cost 1.1242755264e-07 |g|inf 9.89e-04 step 2.08e-04 rho +0.981 radius 4.2e-04 shift 4.5e-05 | B_min +1.06e-05 lam_min 1.19e-05 lam_k 1.02e+00 S_sub_min -3.21e-02
  it 139 cost 1.1242597148e-07 |g|inf 1.11e-03 step 3.33e-04 rho +0.533 radius 4.2e-04 shift 0.0e+00 | B_min +1.23e-05 lam_min 1.19e-05 lam_k 1.02e+00 S_sub_min -3.29e-02
  it 140 cost 1.1242408053e-07 |g|inf 3.62e-03 step 3.40e-04 rho +0.374 radius 4.2e-04 shift 0.0e+00 | B_min +1.65e-05 lam_min 1.20e-05 lam_k 1.02e+00 S_sub_min -3.08e-02
  it 141 cost 1.1241906308e-07 |g|inf 1.55e-03 step 1.04e-04 rho +0.807 radius 2.1e-04 shift 1.8e-04 | B_min +9.61e-06 lam_min 1.20e-05 lam_k 1.02e+00 S_sub_min -3.29e-02
  it 142 cost 1.1241643487e-07 |g|inf 1.21e-03 step 2.08e-04 rho +0.934 radius 4.2e-04 shift 2.9e-05 | B_min +1.11e-05 lam_min 1.21e-05 lam_k 1.02e+00 S_sub_min -3.18e-02
  it 143 cost 1.1241470279e-07 |g|inf 9.14e-04 step 8.29e-05 rho +1.050 radius 1.7e-04 shift 1.0e-04 | B_min +1.34e-05 lam_min 1.21e-05 lam_k 1.02e+00 S_sub_min -3.33e-02
  it 144 cost 1.1241294324e-07 |g|inf 5.50e-04 step 1.66e-04 rho +1.026 radius 3.3e-04 shift 4.1e-05 | B_min +1.08e-05 lam_min 1.22e-05 lam_k 1.02e+00 S_sub_min -3.27e-02
  it 145 cost 1.1241113876e-07 |g|inf 9.90e-04 step 2.54e-04 rho +1.161 radius 3.3e-04 shift 0.0e+00 | B_min +1.26e-05 lam_min 1.22e-05 lam_k 1.02e+00 S_sub_min -3.29e-02
  it 146 cost 1.1240923950e-07 |g|inf 1.88e-03 step 1.39e-04 rho +1.295 radius 3.3e-04 shift 0.0e+00 | B_min +1.83e-05 lam_min 1.23e-05 lam_k 1.02e+00 S_sub_min -3.22e-02
  it 147 cost 1.1240892738e-07 |g|inf 6.13e-04 step 2.64e-04 rho +0.221 radius 6.6e-05 shift 0.0e+00 | B_min +1.20e-05 lam_min 1.23e-05 lam_k 1.02e+00 S_sub_min -3.32e-02
  it 148 cost 1.1240634190e-07 |g|inf 2.87e-03 step 6.60e-05 rho +1.055 radius 1.3e-04 shift 3.2e-05 | B_min +1.68e-05 lam_min 1.24e-05 lam_k 1.02e+00 S_sub_min -3.16e-02
  it 149 cost 1.1240557655e-07 |g|inf 1.22e-04 step 1.32e-04 rho +0.719 radius 1.3e-04 shift 4.5e-05 | B_min +9.79e-06 lam_min 1.24e-05 lam_k 1.02e+00 S_sub_min -3.35e-02
  it 150 cost 1.1240448058e-07 |g|inf 1.09e-03 step 1.32e-04 rho +1.200 radius 2.6e-04 shift 8.0e-06 | B_min +1.20e-05 lam_min 1.24e-05 lam_k 1.02e+00 S_sub_min -3.26e-02
  it 151 cost 1.1240397208e-07 |g|inf 4.03e-04 step 5.60e-05 rho +1.080 radius 1.1e-04 shift 8.4e-05 | B_min +1.25e-05 lam_min 1.25e-05 lam_k 1.02e+00 S_sub_min -3.34e-02
  it 152 cost 1.1240336964e-07 |g|inf 2.45e-04 step 1.12e-04 rho +1.050 radius 2.2e-04 shift 3.2e-05 | B_min +1.04e-05 lam_min 1.25e-05 lam_k 1.02e+00 S_sub_min -3.32e-02
  it 153 cost 1.1240278204e-07 |g|inf 4.98e-04 step 1.73e-04 rho +1.150 radius 2.2e-04 shift 0.0e+00 | B_min +1.16e-05 lam_min 1.25e-05 lam_k 1.02e+00 S_sub_min -3.32e-02
  it 154 cost 1.1240219202e-07 |g|inf 1.02e-03 step 7.16e-05 rho +1.327 radius 2.2e-04 shift 0.0e+00 | B_min +1.48e-05 lam_min 1.25e-05 lam_k 1.02e+00 S_sub_min -3.30e-02
  it 155 cost 1.1240211497e-07 |g|inf 2.20e-04 step 1.81e-04 rho +0.211 radius 4.5e-05 shift 0.0e+00 | B_min +1.06e-05 lam_min 1.26e-05 lam_k 1.02e+00 S_sub_min -3.33e-02
  it 156 cost 1.1240146926e-07 |g|inf 1.37e-03 step 2.93e-05 rho +1.083 radius 4.5e-05 shift 0.0e+00 | B_min +1.47e-05 lam_min 1.26e-05 lam_k 1.02e+00 S_sub_min -3.27e-02
  it 157 cost 1.1240134721e-07 |g|inf 3.51e-05 step 4.53e-05 rho +1.052 radius 9.1e-05 shift 4.1e-05 | B_min +9.31e-06 lam_min 1.26e-05 lam_k 1.02e+00 S_sub_min -3.35e-02
  it 158 cost 1.1240120573e-07 |g|inf 1.23e-04 step 9.06e-05 rho +1.100 radius 1.8e-04 shift 6.2e-06 | B_min +1.02e-05 lam_min 1.26e-05 lam_k 1.02e+00 S_sub_min -3.33e-02
  it 159 cost 1.1240110111e-07 |g|inf 3.05e-04 step 5.25e-05 rho +1.422 radius 1.8e-04 shift 0.0e+00 | B_min +1.13e-05 lam_min 1.27e-05 lam_k 1.02e+00 S_sub_min -3.33e-02
  it 160 cost 1.1240104619e-07 |g|inf 1.06e-04 step 6.29e-05 rho +1.338 radius 1.8e-04 shift 0.0e+00 | B_min +1.04e-05 lam_min 1.27e-05 lam_k 1.02e+00 S_sub_min -3.34e-02
  it 161 cost 1.1240101508e-07 |g|inf 1.67e-04 step 2.49e-05 rho +1.396 radius 1.8e-04 shift 0.0e+00 | B_min +1.07e-05 lam_min 1.27e-05 lam_k 1.02e+00 S_sub_min -3.33e-02
  it 162 cost 1.1240100216e-07 |g|inf 2.62e-05 step 3.27e-05 rho +1.405 radius 1.8e-04 shift 0.0e+00 | B_min +9.47e-06 lam_min 1.27e-05 lam_k 1.02e+00 S_sub_min -3.34e-02
  it 163 cost 1.1240099674e-07 |g|inf 4.56e-05 step 9.80e-06 rho +1.434 radius 1.8e-04 shift 0.0e+00 | B_min +9.75e-06 lam_min 1.27e-05 lam_k 1.02e+00 S_sub_min -3.34e-02
  it 164 cost 1.1240099478e-07 |g|inf 3.98e-06 step 1.21e-05 rho +1.471 radius 1.8e-04 shift 0.0e+00 | B_min +9.13e-06 lam_min 1.27e-05 lam_k 1.02e+00 S_sub_min -3.34e-02
  it 165 cost 1.1240099404e-07 |g|inf 6.06e-06 step 3.54e-06 rho +1.479 radius 1.8e-04 shift 0.0e+00 | B_min +9.18e-06 lam_min 1.27e-05 lam_k 1.02e+00 S_sub_min -3.34e-02
  it 166 cost 1.1240099378e-07 |g|inf 5.14e-07 step 4.28e-06 rho +1.487 radius 1.8e-04 shift 0.0e+00 | B_min +9.08e-06 lam_min 1.27e-05 lam_k 1.02e+00 S_sub_min -3.34e-02
  it 167 cost 1.1240099368e-07 |g|inf 7.43e-07 step 1.29e-06 rho +1.488 radius 1.8e-04 shift 0.0e+00 | B_min +9.09e-06 lam_min 1.27e-05 lam_k 1.02e+00 S_sub_min -3.34e-02
  it 168 cost 1.1240099364e-07 |g|inf 7.24e-08 step 1.54e-06 rho +1.490 radius 1.8e-04 shift 0.0e+00 | B_min +9.08e-06 lam_min 1.27e-05 lam_k 1.02e+00 S_sub_min -3.34e-02
  it 169 cost 1.1240099363e-07 |g|inf 1.02e-07 step 4.76e-07 rho +1.494 radius 1.8e-04 shift 0.0e+00 | B_min +9.08e-06 lam_min 1.27e-05 lam_k 1.02e+00 S_sub_min -3.34e-02
  it 170 cost 1.1240099362e-07 |g|inf 1.53e-08 step 5.60e-07 rho +1.484 radius 1.8e-04 shift 0.0e+00 | B_min +9.08e-06 lam_min 1.27e-05 lam_k 1.02e+00 S_sub_min -3.34e-02
  it 171 cost 1.1240099362e-07 |g|inf 1.80e-08 step 1.76e-07 rho +1.704 radius 1.8e-04 shift 0.0e+00 | B_min +9.08e-06 lam_min 1.27e-05 lam_k 1.02e+00 S_sub_min -3.34e-02
  it 172 cost 1.1240099362e-07 |g|inf 5.48e-09 step 2.04e-07 rho +0.856 radius 1.8e-04 shift 0.0e+00 | B_min +9.08e-06 lam_min 1.27e-05 lam_k 1.02e+00 S_sub_min -3.34e-02
  it 173 cost 1.1240099362e-07 |g|inf 6.47e-09 step 6.51e-08 rho +2.971 radius 1.8e-04 shift 0.0e+00 | B_min +9.08e-06 lam_min 1.27e-05 lam_k 1.02e+00 S_sub_min -3.34e-02
  it 174 cost 1.1240099362e-07 |g|inf 2.10e-09 step 7.42e-08 rho +1.866 radius 1.8e-04 shift 0.0e+00 | B_min +9.08e-06 lam_min 1.27e-05 lam_k 1.02e+00 S_sub_min -3.34e-02
  it 175 cost 1.1240099362e-07 |g|inf 2.31e-09 step 1.40e-18 rho +685854.069 radius 2.8e-18 shift 7.9e+09 | B_min +9.08e-06 lam_min 1.27e-05 lam_k 1.02e+00 S_sub_min -3.34e-02
  it 176 cost 1.1240099362e-07 |g|inf 2.31e-09 step 7.00e-19 rho +1681126.599 radius 1.4e-18 shift 1.6e+10 | B_min +9.08e-06 lam_min 1.27e-05 lam_k 1.02e+00 S_sub_min -3.34e-02
  it 177 cost 1.1240099362e-07 |g|inf 2.31e-09 step 2.19e-20 rho +104879.866 radius 4.4e-20 shift 5.0e+11 | B_min +9.08e-06 lam_min 1.27e-05 lam_k 1.02e+00 S_sub_min -3.34e-02
  it 178 cost 1.1240099362e-07 |g|inf 2.31e-09 step 1.09e-20 rho +12985628.244 radius 2.2e-20 shift 1.0e+12 | B_min +9.08e-06 lam_min 1.27e-05 lam_k 1.02e+00 S_sub_min -3.34e-02
    [subspace-newton] call 3: 179 its, 47.2 s (converged (precision floor)); totals 356 its, 111 s
sd |h| 3.000e-03  pred +6.5983e-04  actual -3.1660e-02  paired -3.1660e-02  ratio -47.9811  (48 s)
    dc_act/dc_pred per term: Vacuum B.n +6.25e-04/+6.24e-04 e6.4e-04  QS two-ter -1.75e-02/+1.17e-05 e5.6e+01  aspect rat +0.00e+00/+0.00e+00 e0.0e+00  rotational +1.67e-03/-5.15e-07 e8.7e+02  volume +6.57e-09/+6.63e-09 e9.1e-03  coil lengt +1.15e-05/+1.16e-05 e4.7e-03  coil curva -1.65e-02/+1.58e-05 e1.5e+02 act5->7  coil mean  +0.00e+00/+0.00e+00 e0.0e+00  coil-coil  -3.26e-06/-3.25e-06 e9.0e-04  plasma-coi +0.00e+00/+0.00e+00 e0.0e+00
  it   0 cost 1.1538415557e-07 |g|inf 3.75e-02 step 1.00e-04 rho +0.941 radius 2.0e-04 shift 4.4e-04 | B_min -4.35e-04 lam_min 8.90e-06 lam_k 9.90e-01 S_sub_min -3.35e-02
  it   1 cost 1.1538180520e-07 |g|inf 1.08e-03 step 2.00e-04 rho +0.936 radius 4.0e-04 shift 7.7e-06 | B_min +6.67e-06 lam_min 8.93e-06 lam_k 9.90e-01 S_sub_min -3.23e-02
  it   2 cost 1.1538126920e-07 |g|inf 5.90e-04 step 7.28e-05 rho +1.250 radius 4.0e-04 shift 0.0e+00 | B_min +1.59e-05 lam_min 8.93e-06 lam_k 9.91e-01 S_sub_min -3.20e-02
  it   3 cost 1.1538099899e-07 |g|inf 7.17e-05 step 1.00e-04 rho +1.122 radius 2.0e-04 shift 2.0e-05 | B_min +3.80e-06 lam_min 8.93e-06 lam_k 9.91e-01 S_sub_min -3.23e-02
  it   4 cost 1.1538046584e-07 |g|inf 1.67e-04 step 2.00e-04 rho +1.023 radius 4.0e-04 shift 9.8e-06 | B_min +3.13e-06 lam_min 8.95e-06 lam_k 9.91e-01 S_sub_min -3.22e-02
  it   5 cost 1.1537955225e-07 |g|inf 6.13e-04 step 3.51e-04 rho +0.804 radius 4.0e-04 shift 0.0e+00 | B_min +1.05e-05 lam_min 8.97e-06 lam_k 9.91e-01 S_sub_min -3.20e-02
  it   6 cost 1.1537411067e-07 |g|inf 1.72e-03 step 2.43e-04 rho +1.416 radius 4.0e-04 shift 0.0e+00 | B_min +2.55e-05 lam_min 9.02e-06 lam_k 9.92e-01 S_sub_min -3.16e-02
  it   7 cost 1.1536758829e-07 |g|inf 9.85e-04 step 4.00e-04 rho +0.801 radius 8.0e-04 shift 4.1e-05 | B_min -1.12e-06 lam_min 9.05e-06 lam_k 9.93e-01 S_sub_min -3.19e-02
  it   8 cost 1.1535584749e-07 |g|inf 2.29e-03 step 1.69e-04 rho +1.137 radius 3.4e-04 shift 1.5e-04 | B_min +2.83e-05 lam_min 9.13e-06 lam_k 9.94e-01 S_sub_min -3.14e-02
  it   9 cost 1.1534145674e-07 |g|inf 6.08e-04 step 3.39e-04 rho +0.887 radius 6.8e-04 shift 1.4e-04 | B_min -1.96e-05 lam_min 9.16e-06 lam_k 9.94e-01 S_sub_min -3.24e-02
  it  10 cost 1.1534067814e-07 |g|inf 1.76e-03 step 6.78e-04 rho +0.029 radius 1.7e-04 shift 1.2e-05 | B_min +2.42e-05 lam_min 9.23e-06 lam_k 9.95e-01 S_sub_min -3.18e-02
  it  11 cost 1.1527806362e-07 |g|inf 6.38e-03 step 1.69e-04 rho +1.097 radius 3.4e-04 shift 8.3e-05 | B_min +3.28e-05 lam_min 9.36e-06 lam_k 9.97e-01 S_sub_min -3.03e-02
  it  12 cost 1.1525498733e-07 |g|inf 1.01e-03 step 3.39e-04 rho +0.827 radius 6.8e-04 shift 2.0e-04 | B_min +8.35e-06 lam_min 9.37e-06 lam_k 9.97e-01 S_sub_min -3.29e-02
  it  13 cost 1.1523161159e-07 |g|inf 2.98e-03 step 1.69e-04 rho +1.196 radius 3.4e-04 shift 2.1e-04 | B_min +1.28e-05 lam_min 9.43e-06 lam_k 9.97e-01 S_sub_min -3.25e-02
  it  14 cost 1.1521355910e-07 |g|inf 8.76e-04 step 3.39e-04 rho +0.768 radius 6.8e-04 shift 1.5e-04 | B_min +1.08e-05 lam_min 9.44e-06 lam_k 9.97e-01 S_sub_min -3.34e-02
  it  15 cost 1.1519222647e-07 |g|inf 3.55e-03 step 1.69e-04 rho +1.171 radius 3.4e-04 shift 1.5e-04 | B_min +1.66e-05 lam_min 9.47e-06 lam_k 9.97e-01 S_sub_min -3.27e-02
  it  16 cost 1.1518028470e-07 |g|inf 5.80e-04 step 3.39e-04 rho +0.594 radius 3.4e-04 shift 1.3e-04 | B_min +1.74e-05 lam_min 9.47e-06 lam_k 9.97e-01 S_sub_min -3.39e-02
  it  17 cost 1.1515743562e-07 |g|inf 3.99e-03 step 3.39e-04 rho +1.078 radius 6.8e-04 shift 4.1e-05 | B_min +2.01e-05 lam_min 9.48e-06 lam_k 9.96e-01 S_sub_min -3.27e-02
  it  18 cost 1.1514550476e-07 |g|inf 2.44e-03 step 1.69e-04 rho +0.977 radius 3.4e-04 shift 2.8e-04 | B_min +2.46e-05 lam_min 9.46e-06 lam_k 9.97e-01 S_sub_min -3.36e-02
  it  19 cost 1.1513135043e-07 |g|inf 1.30e-03 step 3.39e-04 rho +0.969 radius 6.8e-04 shift 7.9e-05 | B_min +8.58e-06 lam_min 9.47e-06 lam_k 9.96e-01 S_sub_min -3.37e-02
  it  20 cost 1.1511544186e-07 |g|inf 2.12e-03 step 3.80e-04 rho +1.272 radius 6.8e-04 shift 0.0e+00 | B_min +2.80e-05 lam_min 9.45e-06 lam_k 9.97e-01 S_sub_min -3.35e-02
  it  21 cost 1.1510063235e-07 |g|inf 2.24e-03 step 3.39e-04 rho +1.228 radius 6.8e-04 shift 0.0e+00 | B_min +3.30e-05 lam_min 9.44e-06 lam_k 9.97e-01 S_sub_min -3.33e-02
  it  22 cost 1.1508909392e-07 |g|inf 2.07e-03 step 4.24e-04 rho +0.922 radius 6.8e-04 shift 0.0e+00 | B_min +2.25e-05 lam_min 9.42e-06 lam_k 9.97e-01 S_sub_min -3.37e-02
  it  23 cost 1.1507981158e-07 |g|inf 3.32e-03 step 4.99e-04 rho +0.565 radius 6.8e-04 shift 0.0e+00 | B_min +3.33e-05 lam_min 9.41e-06 lam_k 9.97e-01 S_sub_min -3.27e-02
  it  24 cost 1.1506134876e-07 |g|inf 3.42e-03 step 1.69e-04 rho +0.943 radius 3.4e-04 shift 2.1e-04 | B_min +1.15e-05 lam_min 9.37e-06 lam_k 9.98e-01 S_sub_min -3.46e-02
  it  25 cost 1.1505130524e-07 |g|inf 1.58e-03 step 3.39e-04 rho +0.841 radius 6.8e-04 shift 6.1e-05 | B_min +1.02e-05 lam_min 9.38e-06 lam_k 9.97e-01 S_sub_min -3.38e-02
  it  26 cost 1.1503943805e-07 |g|inf 1.88e-03 step 2.94e-04 rho +1.199 radius 6.8e-04 shift 0.0e+00 | B_min +2.52e-05 lam_min 9.36e-06 lam_k 9.98e-01 S_sub_min -3.36e-02
  it  27 cost 1.1503937529e-07 |g|inf 1.98e-03 step 5.19e-04 rho +0.006 radius 1.3e-04 shift 0.0e+00 | B_min +2.77e-05 lam_min 9.35e-06 lam_k 9.98e-01 S_sub_min -3.36e-02
  it  28 cost 1.1501762570e-07 |g|inf 4.35e-03 step 1.30e-04 rho +1.019 radius 2.6e-04 shift 1.4e-04 | B_min +1.34e-05 lam_min 9.31e-06 lam_k 9.98e-01 S_sub_min -3.28e-02
  it  29 cost 1.1501055307e-07 |g|inf 8.88e-04 step 2.60e-04 rho +0.825 radius 5.2e-04 shift 9.4e-05 | B_min +8.96e-06 lam_min 9.31e-06 lam_k 9.98e-01 S_sub_min -3.44e-02
  it  30 cost 1.1500249807e-07 |g|inf 1.52e-03 step 3.73e-04 rho +1.061 radius 5.2e-04 shift 0.0e+00 | B_min +1.86e-05 lam_min 9.31e-06 lam_k 9.98e-01 S_sub_min -3.37e-02
  it  31 cost 1.1499687830e-07 |g|inf 2.79e-03 step 3.75e-04 rho +0.611 radius 5.2e-04 shift 0.0e+00 | B_min +2.48e-05 lam_min 9.28e-06 lam_k 9.98e-01 S_sub_min -3.38e-02
  it  32 cost 1.1498460826e-07 |g|inf 2.37e-03 step 1.30e-04 rho +1.083 radius 2.6e-04 shift 8.2e-05 | B_min +7.03e-06 lam_min 9.27e-06 lam_k 9.98e-01 S_sub_min -3.30e-02
  it  33 cost 1.1497996713e-07 |g|inf 5.22e-04 step 2.60e-04 rho +0.607 radius 2.6e-04 shift 9.2e-05 | B_min +1.41e-05 lam_min 9.26e-06 lam_k 9.98e-01 S_sub_min -3.48e-02
  it  34 cost 1.1497114857e-07 |g|inf 2.05e-03 step 2.60e-04 rho +1.134 radius 5.2e-04 shift 2.3e-05 | B_min +1.41e-05 lam_min 9.26e-06 lam_k 9.97e-01 S_sub_min -3.34e-02
  it  35 cost 1.1496624299e-07 |g|inf 1.39e-03 step 1.30e-04 rho +1.034 radius 2.6e-04 shift 1.8e-04 | B_min +1.77e-05 lam_min 9.23e-06 lam_k 9.98e-01 S_sub_min -3.44e-02
  it  36 cost 1.1496014413e-07 |g|inf 6.72e-04 step 2.60e-04 rho +0.979 radius 5.2e-04 shift 6.4e-05 | B_min +8.70e-06 lam_min 9.23e-06 lam_k 9.97e-01 S_sub_min -3.44e-02
  it  37 cost 1.1495260485e-07 |g|inf 1.21e-03 step 3.35e-04 rho +1.294 radius 5.2e-04 shift 0.0e+00 | B_min +1.66e-05 lam_min 9.22e-06 lam_k 9.97e-01 S_sub_min -3.38e-02
  it  38 cost 1.1494451836e-07 |g|inf 1.63e-03 step 2.46e-04 rho +1.339 radius 5.2e-04 shift 0.0e+00 | B_min +1.76e-05 lam_min 9.20e-06 lam_k 9.97e-01 S_sub_min -3.34e-02
  it  39 cost 1.1493887818e-07 |g|inf 1.30e-03 step 1.27e-04 rho +1.178 radius 2.5e-04 shift 1.3e-04 | B_min +1.32e-05 lam_min 9.19e-06 lam_k 9.97e-01 S_sub_min -3.37e-02
  it  40 cost 1.1493256604e-07 |g|inf 3.30e-04 step 2.53e-04 rho +0.929 radius 5.1e-04 shift 8.3e-05 | B_min +1.05e-05 lam_min 9.19e-06 lam_k 9.97e-01 S_sub_min -3.44e-02
  it  41 cost 1.1492621455e-07 |g|inf 1.09e-03 step 4.98e-04 rho +0.791 radius 5.1e-04 shift 0.0e+00 | B_min +1.30e-05 lam_min 9.18e-06 lam_k 9.96e-01 S_sub_min -3.34e-02
  it  42 cost 1.1491318453e-07 |g|inf 3.97e-03 step 2.84e-04 rho +1.011 radius 5.1e-04 shift 0.0e+00 | B_min +1.70e-05 lam_min 9.15e-06 lam_k 9.96e-01 S_sub_min -3.20e-02
  it  43 cost 1.1490394834e-07 |g|inf 2.26e-03 step 1.27e-04 rho +1.070 radius 2.5e-04 shift 2.3e-04 | B_min +9.63e-06 lam_min 9.16e-06 lam_k 9.95e-01 S_sub_min -3.31e-02
  it  44 cost 1.1489496535e-07 |g|inf 5.21e-04 step 2.53e-04 rho +0.963 radius 5.1e-04 shift 1.2e-04 | B_min +8.82e-06 lam_min 9.16e-06 lam_k 9.95e-01 S_sub_min -3.42e-02
  it  45 cost 1.1488381629e-07 |g|inf 1.08e-03 step 5.06e-04 rho +0.808 radius 1.0e-03 shift 2.0e-05 | B_min +1.03e-05 lam_min 9.15e-06 lam_k 9.94e-01 S_sub_min -3.31e-02
  it  46 cost 1.1486189028e-07 |g|inf 3.86e-03 step 3.41e-04 rho +1.246 radius 1.0e-03 shift 0.0e+00 | B_min +1.35e-05 lam_min 9.14e-06 lam_k 9.94e-01 S_sub_min -3.17e-02
  it  47 cost 1.1484640877e-07 |g|inf 1.48e-03 step 2.53e-04 rho +1.009 radius 5.1e-04 shift 1.5e-04 | B_min +6.37e-06 lam_min 9.12e-06 lam_k 9.94e-01 S_sub_min -3.31e-02
  it  48 cost 1.1483042459e-07 |g|inf 1.78e-03 step 5.06e-04 rho +0.747 radius 5.1e-04 shift 3.5e-05 | B_min +9.47e-06 lam_min 9.13e-06 lam_k 9.93e-01 S_sub_min -3.30e-02
  it  49 cost 1.1479903982e-07 |g|inf 3.36e-03 step 5.06e-04 rho +1.025 radius 1.0e-03 shift 1.3e-05 | B_min +1.60e-06 lam_min 9.13e-06 lam_k 9.92e-01 S_sub_min -3.09e-02
  it  50 cost 1.1476774689e-07 |g|inf 5.11e-03 step 2.53e-04 rho +1.108 radius 5.1e-04 shift 1.9e-04 | B_min +9.15e-06 lam_min 9.11e-06 lam_k 9.92e-01 S_sub_min -3.14e-02
  it  51 cost 1.1474264544e-07 |g|inf 1.19e-03 step 5.06e-04 rho +0.676 radius 5.1e-04 shift 1.0e-04 | B_min +8.58e-06 lam_min 9.13e-06 lam_k 9.91e-01 S_sub_min -3.26e-02
  it  52 cost 1.1468500751e-07 |g|inf 5.00e-03 step 5.06e-04 rho +1.187 radius 1.0e-03 shift 3.5e-05 | B_min +7.06e-06 lam_min 9.15e-06 lam_k 9.91e-01 S_sub_min -3.13e-02
  it  53 cost 1.1464845105e-07 |g|inf 1.93e-03 step 2.53e-04 rho +1.036 radius 5.1e-04 shift 3.7e-04 | B_min +1.09e-05 lam_min 9.17e-06 lam_k 9.92e-01 S_sub_min -3.18e-02
  it  54 cost 1.1459641533e-07 |g|inf 1.95e-03 step 5.06e-04 rho +0.975 radius 1.0e-03 shift 1.5e-04 | B_min +8.02e-06 lam_min 9.19e-06 lam_k 9.92e-01 S_sub_min -3.30e-02
  it  55 cost 1.1455456599e-07 |g|inf 3.85e-03 step 1.01e-03 rho +0.597 radius 1.0e-03 shift 1.5e-05 | B_min +9.18e-06 lam_min 9.22e-06 lam_k 9.92e-01 S_sub_min -3.08e-02
  it  56 cost 1.1444080111e-07 |g|inf 1.29e-02 step 2.53e-04 rho +1.105 radius 5.1e-04 shift 3.2e-04 | B_min -4.34e-05 lam_min 9.24e-06 lam_k 9.95e-01 S_sub_min -2.98e-02
  it  57 cost 1.1437396286e-07 |g|inf 1.50e-03 step 5.06e-04 rho +0.889 radius 1.0e-03 shift 2.3e-04 | B_min +8.40e-06 lam_min 9.29e-06 lam_k 9.96e-01 S_sub_min -3.24e-02
  it  58 cost 1.1428218589e-07 |g|inf 5.11e-03 step 1.01e-03 rho +0.979 radius 2.0e-03 shift 2.5e-05 | B_min +8.85e-06 lam_min 9.34e-06 lam_k 9.98e-01 S_sub_min -3.08e-02
  it  59 cost 1.1418157991e-07 |g|inf 7.60e-03 step 5.06e-04 rho +0.968 radius 1.0e-03 shift 1.1e-04 | B_min +8.46e-07 lam_min 9.37e-06 lam_k 1.00e+00 S_sub_min -2.95e-02
  it  60 cost 1.1416114183e-07 |g|inf 5.89e-03 step 1.01e-03 rho +0.167 radius 2.5e-04 shift 6.1e-05 | B_min +3.14e-06 lam_min 9.41e-06 lam_k 1.00e+00 S_sub_min -3.17e-02
  it  61 cost 1.1399081555e-07 |g|inf 2.03e-02 step 2.53e-04 rho +1.029 radius 5.1e-04 shift 4.0e-04 | B_min -2.91e-05 lam_min 9.48e-06 lam_k 1.01e+00 S_sub_min -2.96e-02
  it  62 cost 1.1392717237e-07 |g|inf 1.56e-03 step 5.06e-04 rho +0.883 radius 1.0e-03 shift 2.3e-04 | B_min +3.17e-06 lam_min 9.49e-06 lam_k 1.01e+00 S_sub_min -3.34e-02
  it  63 cost 1.1383291096e-07 |g|inf 5.39e-03 step 1.01e-03 rho +1.064 radius 2.0e-03 shift 3.0e-05 | B_min +5.22e-06 lam_min 9.53e-06 lam_k 1.01e+00 S_sub_min -2.95e-02
  it  64 cost 1.1375312675e-07 |g|inf 7.54e-03 step 5.06e-04 rho +1.112 radius 1.0e-03 shift 7.7e-05 | B_min -1.38e-05 lam_min 9.53e-06 lam_k 1.02e+00 S_sub_min -3.07e-02
  it  65 cost 1.1368561442e-07 |g|inf 5.77e-03 step 1.01e-03 rho +0.864 radius 2.0e-03 shift 2.5e-05 | B_min +4.23e-06 lam_min 9.56e-06 lam_k 1.02e+00 S_sub_min -2.90e-02
  it  66 cost 1.1361392411e-07 |g|inf 9.75e-03 step 5.06e-04 rho +0.859 radius 1.0e-03 shift 1.0e-04 | B_min -2.92e-06 lam_min 9.56e-06 lam_k 1.02e+00 S_sub_min -3.09e-02
  it  67 cost 1.1357202651e-07 |g|inf 1.04e-02 step 1.01e-03 rho +0.467 radius 1.0e-03 shift 3.5e-05 | B_min -3.11e-06 lam_min 9.58e-06 lam_k 1.02e+00 S_sub_min -2.85e-02
  it  68 cost 1.1347983596e-07 |g|inf 1.20e-02 step 2.53e-04 rho +1.016 radius 5.1e-04 shift 2.9e-04 | B_min -1.94e-05 lam_min 9.60e-06 lam_k 1.03e+00 S_sub_min -3.06e-02
  it  69 cost 1.1343681791e-07 |g|inf 3.05e-03 step 5.06e-04 rho +0.952 radius 1.0e-03 shift 1.2e-04 | B_min +5.34e-06 lam_min 9.61e-06 lam_k 1.03e+00 S_sub_min -3.02e-02
  it  70 cost 1.1340332739e-07 |g|inf 5.98e-03 step 1.01e-03 rho +0.670 radius 1.0e-03 shift 1.1e-05 | B_min +1.21e-05 lam_min 9.64e-06 lam_k 1.03e+00 S_sub_min -2.99e-02
  it  71 cost 1.1334439936e-07 |g|inf 9.08e-03 step 2.53e-04 rho +1.054 radius 5.1e-04 shift 2.2e-04 | B_min -1.76e-05 lam_min 9.67e-06 lam_k 1.03e+00 S_sub_min -2.83e-02
  it  72 cost 1.1331629579e-07 |g|inf 2.37e-03 step 5.06e-04 rho +0.750 radius 5.1e-04 shift 8.9e-05 | B_min +1.42e-05 lam_min 9.69e-06 lam_k 1.03e+00 S_sub_min -3.17e-02
  it  73 cost 1.1327064500e-07 |g|inf 8.69e-03 step 5.06e-04 rho +1.199 radius 1.0e-03 shift 1.6e-05 | B_min +8.96e-06 lam_min 9.72e-06 lam_k 1.03e+00 S_sub_min -2.90e-02
  it  74 cost 1.1324792336e-07 |g|inf 3.15e-03 step 2.13e-04 rho +1.009 radius 4.3e-04 shift 2.9e-04 | B_min +1.38e-05 lam_min 9.74e-06 lam_k 1.03e+00 S_sub_min -3.24e-02
  it  75 cost 1.1322011631e-07 |g|inf 3.06e-03 step 4.26e-04 rho +0.979 radius 8.5e-04 shift 9.9e-05 | B_min +7.28e-06 lam_min 9.76e-06 lam_k 1.03e+00 S_sub_min -3.10e-02
  it  76 cost 1.1320369511e-07 |g|inf 4.89e-03 step 8.52e-04 rho +0.557 radius 8.5e-04 shift 2.7e-06 | B_min +1.71e-05 lam_min 9.79e-06 lam_k 1.03e+00 S_sub_min -3.15e-02
  it  77 cost 1.1316190128e-07 |g|inf 7.78e-03 step 2.13e-04 rho +1.030 radius 4.3e-04 shift 2.2e-04 | B_min +1.86e-05 lam_min 9.84e-06 lam_k 1.03e+00 S_sub_min -2.94e-02
  it  78 cost 1.1314926561e-07 |g|inf 1.26e-03 step 4.26e-04 rho +0.454 radius 4.3e-04 shift 1.0e-04 | B_min +1.00e-05 lam_min 9.85e-06 lam_k 1.03e+00 S_sub_min -3.29e-02
  it  79 cost 1.1311215611e-07 |g|inf 8.68e-03 step 4.26e-04 rho +1.068 radius 8.5e-04 shift 2.2e-05 | B_min +8.69e-06 lam_min 9.89e-06 lam_k 1.03e+00 S_sub_min -2.93e-02
  it  80 cost 1.1309497286e-07 |g|inf 1.77e-03 step 2.13e-04 rho +0.839 radius 4.3e-04 shift 2.8e-04 | B_min +1.81e-05 lam_min 9.92e-06 lam_k 1.03e+00 S_sub_min -3.34e-02
  it  81 cost 1.1307446080e-07 |g|inf 3.32e-03 step 4.26e-04 rho +0.817 radius 8.5e-04 shift 7.5e-05 | B_min +7.46e-06 lam_min 9.94e-06 lam_k 1.03e+00 S_sub_min -3.09e-02
  it  82 cost 1.1305343629e-07 |g|inf 3.86e-03 step 2.05e-04 rho +0.991 radius 4.1e-04 shift 1.6e-04 | B_min +1.92e-05 lam_min 9.97e-06 lam_k 1.03e+00 S_sub_min -3.25e-02
  it  83 cost 1.1303648352e-07 |g|inf 2.75e-03 step 4.11e-04 rho +0.695 radius 4.1e-04 shift 9.3e-05 | B_min +9.91e-06 lam_min 9.99e-06 lam_k 1.03e+00 S_sub_min -3.13e-02
  it  84 cost 1.1301852304e-07 |g|inf 3.66e-03 step 4.11e-04 rho +0.715 radius 4.1e-04 shift 2.6e-05 | B_min +1.39e-05 lam_min 1.00e-05 lam_k 1.03e+00 S_sub_min -3.21e-02
  it  85 cost 1.1299687456e-07 |g|inf 5.90e-03 step 4.11e-04 rho +0.628 radius 4.1e-04 shift 1.0e-04 | B_min +1.04e-05 lam_min 1.01e-05 lam_k 1.03e+00 S_sub_min -3.02e-02
  it  86 cost 1.1297654021e-07 |g|inf 2.30e-03 step 1.03e-04 rho +0.943 radius 2.1e-04 shift 6.1e-04 | B_min +6.05e-06 lam_min 1.01e-05 lam_k 1.03e+00 S_sub_min -3.29e-02
  it  87 cost 1.1296384286e-07 |g|inf 1.24e-03 step 2.05e-04 rho +0.972 radius 4.1e-04 shift 2.7e-04 | B_min +8.69e-06 lam_min 1.01e-05 lam_k 1.03e+00 S_sub_min -3.23e-02
  it  88 cost 1.1295077403e-07 |g|inf 1.21e-03 step 4.11e-04 rho +0.694 radius 4.1e-04 shift 6.3e-05 | B_min +8.97e-06 lam_min 1.01e-05 lam_k 1.03e+00 S_sub_min -3.25e-02
  it  89 cost 1.1292858083e-07 |g|inf 6.00e-03 step 4.01e-04 rho +1.120 radius 4.1e-04 shift 0.0e+00 | B_min +1.77e-05 lam_min 1.02e-05 lam_k 1.03e+00 S_sub_min -3.05e-02
  it  90 cost 1.1292667593e-07 |g|inf 2.20e-03 step 4.11e-04 rho +0.081 radius 1.0e-04 shift 7.4e-05 | B_min +2.20e-05 lam_min 1.02e-05 lam_k 1.03e+00 S_sub_min -3.28e-02
  it  91 cost 1.1289412592e-07 |g|inf 8.48e-03 step 1.03e-04 rho +1.024 radius 2.1e-04 shift 3.2e-04 | B_min +3.11e-06 lam_min 1.02e-05 lam_k 1.03e+00 S_sub_min -2.96e-02
  it  92 cost 1.1288329764e-07 |g|inf 1.21e-04 step 2.05e-04 rho +0.881 radius 4.1e-04 shift 2.7e-04 | B_min +8.30e-06 lam_min 1.02e-05 lam_k 1.03e+00 S_sub_min -3.35e-02
  it  93 cost 1.1286985432e-07 |g|inf 2.10e-03 step 4.11e-04 rho +0.806 radius 8.2e-04 shift 4.2e-05 | B_min +8.01e-06 lam_min 1.03e-05 lam_k 1.03e+00 S_sub_min -3.18e-02
  it  94 cost 1.1285103998e-07 |g|inf 4.07e-03 step 3.39e-04 rho +1.100 radius 8.2e-04 shift 0.0e+00 | B_min +1.49e-05 lam_min 1.03e-05 lam_k 1.03e+00 S_sub_min -3.20e-02
  it  95 cost 1.1283675589e-07 |g|inf 2.99e-03 step 2.05e-04 rho +1.032 radius 4.1e-04 shift 1.9e-04 | B_min +1.89e-05 lam_min 1.04e-05 lam_k 1.03e+00 S_sub_min -3.13e-02
  it  96 cost 1.1283408919e-07 |g|inf 8.87e-04 step 4.11e-04 rho +0.151 radius 1.0e-04 shift 5.7e-05 | B_min +8.50e-06 lam_min 1.04e-05 lam_k 1.02e+00 S_sub_min -3.30e-02
  it  97 cost 1.1280759974e-07 |g|inf 7.56e-03 step 1.03e-04 rho +1.041 radius 2.1e-04 shift 2.6e-04 | B_min +6.97e-06 lam_min 1.04e-05 lam_k 1.02e+00 S_sub_min -2.98e-02
  it  98 cost 1.1279754395e-07 |g|inf 1.33e-04 step 2.05e-04 rho +0.881 radius 4.1e-04 shift 2.5e-04 | B_min +8.28e-06 lam_min 1.04e-05 lam_k 1.02e+00 S_sub_min -3.35e-02
  it  99 cost 1.1278553105e-07 |g|inf 1.99e-03 step 4.11e-04 rho +0.782 radius 8.2e-04 shift 3.7e-05 | B_min +8.14e-06 lam_min 1.05e-05 lam_k 1.02e+00 S_sub_min -3.18e-02
  it 100 cost 1.1276813374e-07 |g|inf 3.69e-03 step 2.91e-04 rho +1.075 radius 8.2e-04 shift 0.0e+00 | B_min +1.34e-05 lam_min 1.05e-05 lam_k 1.02e+00 S_sub_min -3.21e-02
  it 101 cost 1.1275463606e-07 |g|inf 3.08e-03 step 2.05e-04 rho +1.017 radius 4.1e-04 shift 1.8e-04 | B_min +1.54e-05 lam_min 1.05e-05 lam_k 1.02e+00 S_sub_min -3.12e-02
  it 102 cost 1.1275434512e-07 |g|inf 7.60e-04 step 4.11e-04 rho +0.017 radius 1.0e-04 shift 5.6e-05 | B_min +8.50e-06 lam_min 1.06e-05 lam_k 1.02e+00 S_sub_min -3.31e-02
  it 103 cost 1.1272727482e-07 |g|inf 7.59e-03 step 1.03e-04 rho +1.033 radius 2.1e-04 shift 2.6e-04 | B_min +7.33e-06 lam_min 1.06e-05 lam_k 1.02e+00 S_sub_min -2.99e-02
  it 104 cost 1.1271786809e-07 |g|inf 1.09e-04 step 2.05e-04 rho +0.875 radius 4.1e-04 shift 2.4e-04 | B_min +8.08e-06 lam_min 1.06e-05 lam_k 1.02e+00 S_sub_min -3.35e-02
  it 105 cost 1.1270673608e-07 |g|inf 1.93e-03 step 4.11e-04 rho +0.777 radius 8.2e-04 shift 3.3e-05 | B_min +8.24e-06 lam_min 1.06e-05 lam_k 1.02e+00 S_sub_min -3.18e-02
  it 106 cost 1.1269159005e-07 |g|inf 3.43e-03 step 2.93e-04 rho +0.984 radius 8.2e-04 shift 0.0e+00 | B_min +1.39e-05 lam_min 1.07e-05 lam_k 1.02e+00 S_sub_min -3.22e-02
  it 107 cost 1.1267776310e-07 |g|inf 3.44e-03 step 2.05e-04 rho +0.992 radius 4.1e-04 shift 1.8e-04 | B_min +1.19e-05 lam_min 1.07e-05 lam_k 1.02e+00 S_sub_min -3.09e-02
  it 108 cost 1.1267152405e-07 |g|inf 6.39e-04 step 1.03e-04 rho +1.021 radius 2.1e-04 shift 4.3e-04 | B_min +8.54e-06 lam_min 1.08e-05 lam_k 1.02e+00 S_sub_min -3.32e-02
  it 109 cost 1.1266218801e-07 |g|inf 6.93e-04 step 2.05e-04 rho +0.964 radius 4.1e-04 shift 2.0e-04 | B_min +8.36e-06 lam_min 1.08e-05 lam_k 1.02e+00 S_sub_min -3.28e-02
  it 110 cost 1.1265326770e-07 |g|inf 1.25e-03 step 4.11e-04 rho +0.674 radius 4.1e-04 shift 3.2e-05 | B_min +8.79e-06 lam_min 1.08e-05 lam_k 1.02e+00 S_sub_min -3.23e-02
  it 111 cost 1.1263496438e-07 |g|inf 4.78e-03 step 2.06e-04 rho +1.230 radius 4.1e-04 shift 0.0e+00 | B_min +1.52e-05 lam_min 1.08e-05 lam_k 1.02e+00 S_sub_min -3.08e-02
  it 112 cost 1.1263490518e-07 |g|inf 6.46e-04 step 4.11e-04 rho +0.004 radius 1.0e-04 shift 5.5e-05 | B_min +1.24e-05 lam_min 1.09e-05 lam_k 1.02e+00 S_sub_min -3.28e-02
  it 113 cost 1.1261061860e-07 |g|inf 7.20e-03 step 1.03e-04 rho +1.047 radius 2.1e-04 shift 1.7e-04 | B_min +7.76e-06 lam_min 1.09e-05 lam_k 1.02e+00 S_sub_min -3.00e-02
  it 114 cost 1.1260243484e-07 |g|inf 1.28e-04 step 2.05e-04 rho +0.847 radius 4.1e-04 shift 2.1e-04 | B_min +7.95e-06 lam_min 1.10e-05 lam_k 1.02e+00 S_sub_min -3.34e-02
  it 115 cost 1.1259330412e-07 |g|inf 2.03e-03 step 4.11e-04 rho +0.748 radius 4.1e-04 shift 2.2e-05 | B_min +8.27e-06 lam_min 1.10e-05 lam_k 1.02e+00 S_sub_min -3.14e-02
  it 116 cost 1.1259094338e-07 |g|inf 3.20e-03 step 4.10e-04 rho +0.155 radius 1.0e-04 shift 0.0e+00 | B_min +1.66e-05 lam_min 1.10e-05 lam_k 1.02e+00 S_sub_min -3.23e-02
  it 117 cost 1.1257016157e-07 |g|inf 5.66e-03 step 1.03e-04 rho +0.983 radius 2.1e-04 shift 4.3e-04 | B_min -4.82e-06 lam_min 1.11e-05 lam_k 1.02e+00 S_sub_min -3.03e-02
  it 118 cost 1.1256233823e-07 |g|inf 9.96e-05 step 2.05e-04 rho +0.881 radius 4.1e-04 shift 1.9e-04 | B_min +7.65e-06 lam_min 1.11e-05 lam_k 1.02e+00 S_sub_min -3.35e-02
  it 119 cost 1.1255340233e-07 |g|inf 1.81e-03 step 4.10e-04 rho +0.779 radius 8.2e-04 shift 2.4e-05 | B_min +9.01e-06 lam_min 1.12e-05 lam_k 1.02e+00 S_sub_min -3.18e-02
  it 120 cost 1.1254548548e-07 |g|inf 2.81e-03 step 3.27e-04 rho +0.623 radius 8.2e-04 shift 0.0e+00 | B_min +1.68e-05 lam_min 1.12e-05 lam_k 1.02e+00 S_sub_min -3.24e-02
  it 121 cost 1.1253027728e-07 |g|inf 4.31e-03 step 2.05e-04 rho +0.945 radius 4.1e-04 shift 1.6e-04 | B_min +9.47e-06 lam_min 1.13e-05 lam_k 1.02e+00 S_sub_min -3.03e-02
  it 122 cost 1.1252531899e-07 |g|inf 4.63e-04 step 1.03e-04 rho +0.988 radius 2.1e-04 shift 3.5e-04 | B_min +8.75e-06 lam_min 1.13e-05 lam_k 1.02e+00 S_sub_min -3.33e-02
  it 123 cost 1.1251814117e-07 |g|inf 7.24e-04 step 2.05e-04 rho +0.960 radius 4.1e-04 shift 1.5e-04 | B_min +8.61e-06 lam_min 1.13e-05 lam_k 1.02e+00 S_sub_min -3.26e-02
  it 124 cost 1.1251304451e-07 |g|inf 1.11e-03 step 4.10e-04 rho +0.537 radius 4.1e-04 shift 1.7e-05 | B_min +9.99e-06 lam_min 1.13e-05 lam_k 1.02e+00 S_sub_min -3.24e-02
  it 125 cost 1.1249856273e-07 |g|inf 4.54e-03 step 1.97e-04 rho +1.172 radius 4.1e-04 shift 0.0e+00 | B_min +2.06e-05 lam_min 1.14e-05 lam_k 1.02e+00 S_sub_min -3.05e-02
  it 126 cost 1.1249433702e-07 |g|inf 5.42e-04 step 1.03e-04 rho +1.026 radius 2.1e-04 shift 2.9e-04 | B_min +9.70e-06 lam_min 1.14e-05 lam_k 1.02e+00 S_sub_min -3.27e-02
  it 127 cost 1.1248826107e-07 |g|inf 6.49e-04 step 2.05e-04 rho +0.950 radius 4.1e-04 shift 1.3e-04 | B_min +8.76e-06 lam_min 1.14e-05 lam_k 1.02e+00 S_sub_min -3.26e-02
  it 128 cost 1.1248533428e-07 |g|inf 1.29e-03 step 4.10e-04 rho +0.408 radius 4.1e-04 shift 3.5e-06 | B_min +1.02e-05 lam_min 1.15e-05 lam_k 1.02e+00 S_sub_min -3.21e-02
  it 129 cost 1.1247229178e-07 |g|inf 4.55e-03 step 1.80e-04 rho +1.135 radius 4.1e-04 shift 0.0e+00 | B_min +2.20e-05 lam_min 1.16e-05 lam_k 1.02e+00 S_sub_min -3.10e-02
  it 130 cost 1.1246860758e-07 |g|inf 7.09e-04 step 1.03e-04 rho +1.044 radius 2.1e-04 shift 2.3e-04 | B_min +1.07e-05 lam_min 1.16e-05 lam_k 1.02e+00 S_sub_min -3.23e-02
  it 131 cost 1.1246370671e-07 |g|inf 6.49e-04 step 2.05e-04 rho +0.945 radius 4.1e-04 shift 9.8e-05 | B_min +9.20e-06 lam_min 1.16e-05 lam_k 1.02e+00 S_sub_min -3.26e-02
  it 132 cost 1.1245988824e-07 |g|inf 1.41e-03 step 3.55e-04 rho +0.742 radius 4.1e-04 shift 0.0e+00 | B_min +1.08e-05 lam_min 1.16e-05 lam_k 1.02e+00 S_sub_min -3.21e-02
  it 133 cost 1.1245181199e-07 |g|inf 3.54e-03 step 1.89e-04 rho +1.157 radius 4.1e-04 shift 0.0e+00 | B_min +1.93e-05 lam_min 1.17e-05 lam_k 1.02e+00 S_sub_min -3.16e-02
  it 134 cost 1.1244869889e-07 |g|inf 8.24e-04 step 1.03e-04 rho +1.056 radius 2.1e-04 shift 1.7e-04 | B_min +1.28e-05 lam_min 1.17e-05 lam_k 1.02e+00 S_sub_min -3.21e-02
  it 135 cost 1.1244494834e-07 |g|inf 6.28e-04 step 2.05e-04 rho +0.946 radius 4.1e-04 shift 7.0e-05 | B_min +9.98e-06 lam_min 1.18e-05 lam_k 1.02e+00 S_sub_min -3.27e-02
  it 136 cost 1.1244103832e-07 |g|inf 1.47e-03 step 2.84e-04 rho +1.106 radius 4.1e-04 shift 0.0e+00 | B_min +1.17e-05 lam_min 1.18e-05 lam_k 1.02e+00 S_sub_min -3.22e-02
  it 137 cost 1.1243655965e-07 |g|inf 2.48e-03 step 1.96e-04 rho +1.215 radius 4.1e-04 shift 0.0e+00 | B_min +1.65e-05 lam_min 1.19e-05 lam_k 1.02e+00 S_sub_min -3.22e-02
  it 138 cost 1.1243396997e-07 |g|inf 9.63e-04 step 1.03e-04 rho +1.093 radius 2.1e-04 shift 1.1e-04 | B_min +1.39e-05 lam_min 1.19e-05 lam_k 1.02e+00 S_sub_min -3.23e-02
  it 139 cost 1.1243120525e-07 |g|inf 6.60e-04 step 2.05e-04 rho +0.945 radius 4.1e-04 shift 4.7e-05 | B_min +1.09e-05 lam_min 1.19e-05 lam_k 1.02e+00 S_sub_min -3.27e-02
  it 140 cost 1.1242806082e-07 |g|inf 1.46e-03 step 2.33e-04 rho +1.284 radius 4.1e-04 shift 0.0e+00 | B_min +1.25e-05 lam_min 1.20e-05 lam_k 1.02e+00 S_sub_min -3.24e-02
  it 141 cost 1.1242539497e-07 |g|inf 1.79e-03 step 2.13e-04 rho +1.158 radius 4.1e-04 shift 0.0e+00 | B_min +1.64e-05 lam_min 1.20e-05 lam_k 1.02e+00 S_sub_min -3.25e-02
  it 142 cost 1.1242308647e-07 |g|inf 1.55e-03 step 2.52e-04 rho +0.957 radius 4.1e-04 shift 0.0e+00 | B_min +1.33e-05 lam_min 1.21e-05 lam_k 1.02e+00 S_sub_min -3.24e-02
  it 143 cost 1.1242086824e-07 |g|inf 2.56e-03 step 2.37e-04 rho +0.833 radius 4.1e-04 shift 0.0e+00 | B_min +1.89e-05 lam_min 1.21e-05 lam_k 1.02e+00 S_sub_min -3.21e-02
  it 144 cost 1.1241840076e-07 |g|inf 1.64e-03 step 7.72e-05 rho +1.035 radius 1.5e-04 shift 1.1e-04 | B_min +1.26e-05 lam_min 1.22e-05 lam_k 1.02e+00 S_sub_min -3.27e-02
  it 145 cost 1.1241682711e-07 |g|inf 5.28e-04 step 1.54e-04 rho +1.025 radius 3.1e-04 shift 4.2e-05 | B_min +1.13e-05 lam_min 1.22e-05 lam_k 1.02e+00 S_sub_min -3.29e-02
  it 146 cost 1.1241520237e-07 |g|inf 9.23e-04 step 2.31e-04 rho +1.179 radius 3.1e-04 shift 0.0e+00 | B_min +1.21e-05 lam_min 1.23e-05 lam_k 1.02e+00 S_sub_min -3.29e-02
  it 147 cost 1.1241347871e-07 |g|inf 1.74e-03 step 1.25e-04 rho +1.327 radius 3.1e-04 shift 0.0e+00 | B_min +1.74e-05 lam_min 1.23e-05 lam_k 1.02e+00 S_sub_min -3.25e-02
  it 148 cost 1.1241316064e-07 |g|inf 5.71e-04 step 2.56e-04 rho +0.259 radius 3.1e-04 shift 0.0e+00 | B_min +1.14e-05 lam_min 1.23e-05 lam_k 1.02e+00 S_sub_min -3.31e-02
  it 149 cost 1.1241085145e-07 |g|inf 2.76e-03 step 9.55e-05 rho +1.084 radius 3.1e-04 shift 0.0e+00 | B_min +1.73e-05 lam_min 1.24e-05 lam_k 1.02e+00 S_sub_min -3.20e-02
  it 150 cost 1.1241019961e-07 |g|inf 2.28e-04 step 7.72e-05 rho +0.947 radius 1.5e-04 shift 7.8e-05 | B_min +1.03e-05 lam_min 1.24e-05 lam_k 1.02e+00 S_sub_min -3.34e-02
  it 151 cost 1.1240938739e-07 |g|inf 4.62e-04 step 1.54e-04 rho +1.063 radius 3.1e-04 shift 1.4e-05 | B_min +1.10e-05 lam_min 1.24e-05 lam_k 1.02e+00 S_sub_min -3.30e-02
  it 152 cost 1.1240861408e-07 |g|inf 7.84e-04 step 1.31e-04 rho +1.362 radius 3.1e-04 shift 0.0e+00 | B_min +1.26e-05 lam_min 1.25e-05 lam_k 1.02e+00 S_sub_min -3.31e-02
  it 153 cost 1.1240806353e-07 |g|inf 6.20e-04 step 1.44e-04 rho +1.191 radius 3.1e-04 shift 0.0e+00 | B_min +1.25e-05 lam_min 1.25e-05 lam_k 1.02e+00 S_sub_min -3.30e-02
  it 154 cost 1.1240753124e-07 |g|inf 7.31e-04 step 9.35e-05 rho +1.314 radius 3.1e-04 shift 0.0e+00 | B_min +1.27e-05 lam_min 1.26e-05 lam_k 1.02e+00 S_sub_min -3.31e-02
  it 155 cost 1.1240726739e-07 |g|inf 3.38e-04 step 1.47e-04 rho +0.885 radius 3.1e-04 shift 0.0e+00 | B_min +1.12e-05 lam_min 1.26e-05 lam_k 1.02e+00 S_sub_min -3.31e-02
  it 156 cost 1.1240689958e-07 |g|inf 7.79e-04 step 5.71e-05 rho +1.207 radius 3.1e-04 shift 0.0e+00 | B_min +1.30e-05 lam_min 1.26e-05 lam_k 1.02e+00 S_sub_min -3.31e-02
  it 157 cost 1.1240685393e-07 |g|inf 1.09e-04 step 1.42e-04 rho +0.275 radius 3.1e-04 shift 0.0e+00 | B_min +9.98e-06 lam_min 1.26e-05 lam_k 1.02e+00 S_sub_min -3.33e-02
  it 158 cost 1.1240659722e-07 |g|inf 8.03e-04 step 2.43e-05 rho +1.080 radius 3.1e-04 shift 0.0e+00 | B_min +1.29e-05 lam_min 1.27e-05 lam_k 1.02e+00 S_sub_min -3.30e-02
  it 159 cost 1.1240656740e-07 |g|inf 1.43e-05 step 9.14e-05 rho +0.550 radius 3.1e-04 shift 0.0e+00 | B_min +9.14e-06 lam_min 1.27e-05 lam_k 1.02e+00 S_sub_min -3.34e-02
  it 160 cost 1.1240651013e-07 |g|inf 3.53e-04 step 7.32e-06 rho +1.063 radius 3.1e-04 shift 0.0e+00 | B_min +1.14e-05 lam_min 1.27e-05 lam_k 1.02e+00 S_sub_min -3.32e-02
  it 161 cost 1.1240650100e-07 |g|inf 1.19e-06 step 3.45e-05 rho +1.081 radius 3.1e-04 shift 0.0e+00 | B_min +9.06e-06 lam_min 1.27e-05 lam_k 1.02e+00 S_sub_min -3.34e-02
  it 162 cost 1.1240649676e-07 |g|inf 4.96e-05 step 2.48e-06 rho +1.133 radius 3.1e-04 shift 0.0e+00 | B_min +9.79e-06 lam_min 1.27e-05 lam_k 1.02e+00 S_sub_min -3.34e-02
  it 163 cost 1.1240649546e-07 |g|inf 2.10e-07 step 1.20e-05 rho +1.160 radius 3.1e-04 shift 0.0e+00 | B_min +9.09e-06 lam_min 1.27e-05 lam_k 1.02e+00 S_sub_min -3.34e-02
  it 164 cost 1.1240649497e-07 |g|inf 5.72e-06 step 9.60e-07 rho +1.169 radius 3.1e-04 shift 0.0e+00 | B_min +9.20e-06 lam_min 1.27e-05 lam_k 1.02e+00 S_sub_min -3.34e-02
  it 165 cost 1.1240649480e-07 |g|inf 4.04e-08 step 4.24e-06 rho +1.176 radius 3.1e-04 shift 0.0e+00 | B_min +9.10e-06 lam_min 1.27e-05 lam_k 1.02e+00 S_sub_min -3.34e-02
  it 166 cost 1.1240649474e-07 |g|inf 7.18e-07 step 3.73e-07 rho +1.186 radius 3.1e-04 shift 0.0e+00 | B_min +9.12e-06 lam_min 1.27e-05 lam_k 1.02e+00 S_sub_min -3.34e-02
  it 167 cost 1.1240649471e-07 |g|inf 1.27e-08 step 1.52e-06 rho +1.194 radius 3.1e-04 shift 0.0e+00 | B_min +9.11e-06 lam_min 1.27e-05 lam_k 1.02e+00 S_sub_min -3.34e-02
  it 168 cost 1.1240649471e-07 |g|inf 9.77e-08 step 1.44e-07 rho +1.160 radius 3.1e-04 shift 0.0e+00 | B_min +9.11e-06 lam_min 1.27e-05 lam_k 1.02e+00 S_sub_min -3.34e-02
  it 169 cost 1.1240649470e-07 |g|inf 4.79e-09 step 5.46e-07 rho +1.272 radius 3.1e-04 shift 0.0e+00 | B_min +9.11e-06 lam_min 1.27e-05 lam_k 1.02e+00 S_sub_min -3.34e-02
  it 170 cost 1.1240649470e-07 |g|inf 1.74e-08 step 5.56e-08 rho +1.280 radius 3.1e-04 shift 0.0e+00 | B_min +9.11e-06 lam_min 1.27e-05 lam_k 1.02e+00 S_sub_min -3.34e-02
  it 171 cost 1.1240649470e-07 |g|inf 1.91e-09 step 1.96e-07 rho +0.942 radius 3.1e-04 shift 0.0e+00 | B_min +9.11e-06 lam_min 1.27e-05 lam_k 1.02e+00 S_sub_min -3.34e-02
  it 172 cost 1.1240649470e-07 |g|inf 6.15e-09 step 2.13e-08 rho +1.320 radius 3.1e-04 shift 0.0e+00 | B_min +9.11e-06 lam_min 1.27e-05 lam_k 1.02e+00 S_sub_min -3.34e-02
  it 173 cost 1.1240649470e-07 |g|inf 7.16e-10 step 7.07e-08 rho +2.826 radius 3.1e-04 shift 0.0e+00 | B_min +9.11e-06 lam_min 1.27e-05 lam_k 1.02e+00 S_sub_min -3.34e-02
  it 174 cost 1.1240649470e-07 |g|inf 2.19e-09 step 5.08e-10 rho +1.407 radius 1.0e-09 shift 3.1e-04 | B_min +9.11e-06 lam_min 1.27e-05 lam_k 1.02e+00 S_sub_min -3.34e-02
  it 175 cost 1.1240649470e-07 |g|inf 6.77e-10 step 1.59e-11 rho +971.077 radius 3.2e-11 shift 1.7e-01 | B_min +9.11e-06 lam_min 1.27e-05 lam_k 1.02e+00 S_sub_min -3.34e-02
  it 176 cost 1.1240649470e-07 |g|inf 4.77e-10 step 1.94e-15 rho +3333849.619 radius 3.9e-15 shift 2.3e+03 | B_min +9.11e-06 lam_min 1.27e-05 lam_k 1.02e+00 S_sub_min -3.34e-02
  it 177 cost 1.1240649470e-07 |g|inf 3.80e-10 step 6.06e-17 rho +604089.471 radius 1.2e-16 shift 3.5e+05 | B_min +9.11e-06 lam_min 1.27e-05 lam_k 1.02e+00 S_sub_min -3.34e-02
  it 178 cost 1.1240649470e-07 |g|inf 2.25e-10 step 1.21e-16 rho +277180.098 radius 2.4e-16 shift 5.0e+04 | B_min +9.11e-06 lam_min 1.27e-05 lam_k 1.02e+00 S_sub_min -3.34e-02
  it 179 cost 1.1240649470e-07 |g|inf 2.80e-10 step 9.47e-19 rho +21978208.295 radius 1.9e-18 shift 1.1e+09 | B_min +9.11e-06 lam_min 1.27e-05 lam_k 1.02e+00 S_sub_min -3.34e-02
  it 180 cost 1.1240649470e-07 |g|inf 2.73e-10 step 4.73e-19 rho +13653783.622 radius 9.5e-19 shift 2.2e+09 | B_min +9.11e-06 lam_min 1.27e-05 lam_k 1.02e+00 S_sub_min -3.34e-02
  it 181 cost 1.1240649470e-07 |g|inf 2.69e-10 step 5.92e-20 rho +43690693.955 radius 1.2e-19 shift 1.8e+10 | B_min +9.11e-06 lam_min 1.27e-05 lam_k 1.02e+00 S_sub_min -3.34e-02
  it 182 cost 1.1240649470e-07 |g|inf 2.69e-10 step 2.96e-20 rho +133607563.949 radius 5.9e-20 shift 3.7e+10 | B_min +9.11e-06 lam_min 1.27e-05 lam_k 1.02e+00 S_sub_min -3.34e-02
  it 183 cost 1.1240649470e-07 |g|inf 2.69e-10 step 1.48e-20 rho +222677747.033 radius 3.0e-20 shift 7.4e+10 | B_min +9.11e-06 lam_min 1.27e-05 lam_k 1.02e+00 S_sub_min -3.34e-02
    [subspace-newton] call 4: 184 its, 49.2 s (converged (precision floor)); totals 540 its, 160 s
sd |h| 1.000e-03  pred +2.2309e-04  actual -1.6797e-02  paired -1.6797e-02  ratio -75.2910  (50 s)
    dc_act/dc_pred per term: Vacuum B.n +2.11e-04/+2.11e-04 e2.1e-04  QS two-ter -1.75e-02/+4.30e-06 e1.7e+02  aspect rat +0.00e+00/+0.00e+00 e0.0e+00  rotational +1.67e-03/-1.72e-07 e2.6e+03  volume +2.20e-09/+2.21e-09 e3.0e-03  coil lengt +3.86e-06/+3.87e-06 e1.6e-03  coil curva -1.21e-03/+5.44e-06 e1.2e+02 act5->7  coil mean  +0.00e+00/+0.00e+00 e0.0e+00  coil-coil  -1.08e-06/-1.08e-06 e3.0e-04  plasma-coi +0.00e+00/+0.00e+00 e0.0e+00
  it   0 cost 1.1537176912e-07 |g|inf 1.13e-02 step 1.00e-04 rho +0.941 radius 2.0e-04 shift 1.4e-05 | B_min -1.34e-05 lam_min 8.90e-06 lam_k 9.90e-01 S_sub_min -3.26e-02
  it   1 cost 1.1537146145e-07 |g|inf 4.08e-04 step 8.90e-05 rho +0.944 radius 2.0e-04 shift 0.0e+00 | B_min +8.88e-06 lam_min 8.92e-06 lam_k 9.90e-01 S_sub_min -3.22e-02
  it   2 cost 1.1537141128e-07 |g|inf 3.31e-04 step 2.37e-05 rho +1.128 radius 2.0e-04 shift 0.0e+00 | B_min +8.35e-06 lam_min 8.91e-06 lam_k 9.90e-01 S_sub_min -3.22e-02
  it   3 cost 1.1537139950e-07 |g|inf 1.80e-05 step 4.19e-05 rho +1.174 radius 2.0e-04 shift 0.0e+00 | B_min +7.06e-06 lam_min 8.91e-06 lam_k 9.90e-01 S_sub_min -3.23e-02
  it   4 cost 1.1537139298e-07 |g|inf 4.56e-05 step 1.21e-05 rho +1.357 radius 2.0e-04 shift 0.0e+00 | B_min +7.93e-06 lam_min 8.92e-06 lam_k 9.90e-01 S_sub_min -3.23e-02
  it   5 cost 1.1537138947e-07 |g|inf 3.28e-06 step 2.69e-05 rho +1.436 radius 2.0e-04 shift 0.0e+00 | B_min +5.67e-06 lam_min 8.92e-06 lam_k 9.90e-01 S_sub_min -3.23e-02
  it   6 cost 1.1537138681e-07 |g|inf 1.55e-05 step 9.95e-06 rho +1.571 radius 2.0e-04 shift 0.0e+00 | B_min +5.67e-06 lam_min 8.92e-06 lam_k 9.90e-01 S_sub_min -3.23e-02
  it   7 cost 1.1537138468e-07 |g|inf 1.77e-06 step 2.21e-05 rho +1.609 radius 2.0e-04 shift 0.0e+00 | B_min +4.50e-06 lam_min 8.92e-06 lam_k 9.90e-01 S_sub_min -3.23e-02
  it   8 cost 1.1537138258e-07 |g|inf 8.95e-06 step 1.10e-05 rho +1.756 radius 2.0e-04 shift 0.0e+00 | B_min +4.20e-06 lam_min 8.92e-06 lam_k 9.90e-01 S_sub_min -3.23e-02
  it   9 cost 1.1537138022e-07 |g|inf 2.12e-06 step 2.54e-05 rho +1.781 radius 2.0e-04 shift 0.0e+00 | B_min +3.35e-06 lam_min 8.92e-06 lam_k 9.90e-01 S_sub_min -3.23e-02
  it  10 cost 1.1537137663e-07 |g|inf 1.15e-05 step 1.85e-05 rho +2.018 radius 2.0e-04 shift 0.0e+00 | B_min +2.97e-06 lam_min 8.93e-06 lam_k 9.90e-01 S_sub_min -3.23e-02
  it  11 cost 1.1537136996e-07 |g|inf 5.87e-06 step 5.77e-05 rho +1.743 radius 2.0e-04 shift 0.0e+00 | B_min +1.89e-06 lam_min 8.93e-06 lam_k 9.91e-01 S_sub_min -3.23e-02
  it  12 cost 1.1537133768e-07 |g|inf 5.80e-05 step 6.61e-05 rho +2.329 radius 2.0e-04 shift 0.0e+00 | B_min +2.29e-06 lam_min 8.93e-06 lam_k 9.91e-01 S_sub_min -3.23e-02
  it  13 cost 1.1537128466e-07 |g|inf 6.89e-05 step 5.00e-05 rho +1.447 radius 1.0e-04 shift 9.9e-06 | B_min -4.93e-08 lam_min 8.94e-06 lam_k 9.91e-01 S_sub_min -3.23e-02
  it  14 cost 1.1537114876e-07 |g|inf 4.22e-05 step 1.00e-04 rho +1.135 radius 2.0e-04 shift 1.3e-05 | B_min -3.33e-06 lam_min 8.95e-06 lam_k 9.91e-01 S_sub_min -3.23e-02
  it  15 cost 1.1537068800e-07 |g|inf 1.64e-04 step 2.00e-04 rho +1.010 radius 4.0e-04 shift 1.1e-05 | B_min -2.05e-06 lam_min 8.96e-06 lam_k 9.91e-01 S_sub_min -3.23e-02
  it  16 cost 1.1537038502e-07 |g|inf 6.15e-04 step 4.00e-04 rho +0.196 radius 1.0e-04 shift 3.1e-06 | B_min +7.78e-06 lam_min 8.99e-06 lam_k 9.92e-01 S_sub_min -3.21e-02
  it  17 cost 1.1536443685e-07 |g|inf 2.28e-03 step 1.00e-04 rho +1.129 radius 2.0e-04 shift 7.7e-05 | B_min +2.69e-05 lam_min 9.05e-06 lam_k 9.93e-01 S_sub_min -3.13e-02
  it  18 cost 1.1535994372e-07 |g|inf 1.72e-04 step 2.00e-04 rho +0.992 radius 4.0e-04 shift 1.2e-04 | B_min -2.33e-05 lam_min 9.07e-06 lam_k 9.93e-01 S_sub_min -3.24e-02
  it  19 cost 1.1535044794e-07 |g|inf 6.65e-04 step 4.00e-04 rho +0.814 radius 8.0e-04 shift 7.1e-05 | B_min -5.20e-06 lam_min 9.10e-06 lam_k 9.93e-01 S_sub_min -3.22e-02
  it  20 cost 1.1533026614e-07 |g|inf 2.38e-03 step 4.86e-04 rho +1.258 radius 8.0e-04 shift 0.0e+00 | B_min +2.64e-05 lam_min 9.18e-06 lam_k 9.94e-01 S_sub_min -3.14e-02
  it  21 cost 1.1530911544e-07 |g|inf 2.99e-03 step 5.01e-04 rho +0.862 radius 8.0e-04 shift 0.0e+00 | B_min +3.00e-05 lam_min 9.26e-06 lam_k 9.96e-01 S_sub_min -3.15e-02
  it  22 cost 1.1527427370e-07 |g|inf 3.65e-03 step 2.00e-04 rho +1.061 radius 4.0e-04 shift 2.5e-04 | B_min +1.35e-05 lam_min 9.36e-06 lam_k 9.97e-01 S_sub_min -3.18e-02
  it  23 cost 1.1525459567e-07 |g|inf 1.05e-03 step 4.00e-04 rho +0.646 radius 4.0e-04 shift 1.4e-04 | B_min +1.03e-05 lam_min 9.38e-06 lam_k 9.97e-01 S_sub_min -3.28e-02
  it  24 cost 1.1522361238e-07 |g|inf 4.07e-03 step 4.00e-04 rho +1.047 radius 8.0e-04 shift 2.4e-05 | B_min +1.15e-05 lam_min 9.44e-06 lam_k 9.97e-01 S_sub_min -3.22e-02
  it  25 cost 1.1520200291e-07 |g|inf 3.54e-03 step 2.00e-04 rho +1.050 radius 4.0e-04 shift 2.5e-04 | B_min +1.69e-05 lam_min 9.42e-06 lam_k 9.97e-01 S_sub_min -3.18e-02
  it  26 cost 1.1518899340e-07 |g|inf 1.23e-03 step 4.00e-04 rho +0.607 radius 4.0e-04 shift 7.2e-05 | B_min +9.69e-06 lam_min 9.45e-06 lam_k 9.97e-01 S_sub_min -3.35e-02
  it  27 cost 1.1516307770e-07 |g|inf 3.94e-03 step 4.00e-04 rho +1.106 radius 8.0e-04 shift 2.1e-06 | B_min +2.66e-05 lam_min 9.45e-06 lam_k 9.97e-01 S_sub_min -3.22e-02
  it  28 cost 1.1514887461e-07 |g|inf 2.07e-03 step 2.00e-04 rho +0.936 radius 4.0e-04 shift 2.2e-04 | B_min +2.26e-05 lam_min 9.45e-06 lam_k 9.97e-01 S_sub_min -3.36e-02
  it  29 cost 1.1513474882e-07 |g|inf 1.54e-03 step 4.00e-04 rho +0.907 radius 8.0e-04 shift 4.3e-05 | B_min +1.13e-05 lam_min 9.45e-06 lam_k 9.97e-01 S_sub_min -3.34e-02
  it  30 cost 1.1512165588e-07 |g|inf 2.78e-03 step 3.51e-04 rho +0.895 radius 8.0e-04 shift 0.0e+00 | B_min +2.77e-05 lam_min 9.43e-06 lam_k 9.97e-01 S_sub_min -3.34e-02
  it  31 cost 1.1510496451e-07 |g|inf 2.93e-03 step 2.00e-04 rho +1.059 radius 4.0e-04 shift 1.2e-04 | B_min +1.78e-05 lam_min 9.42e-06 lam_k 9.97e-01 S_sub_min -3.27e-02
  it  32 cost 1.1509899050e-07 |g|inf 1.02e-03 step 1.00e-04 rho +1.033 radius 2.0e-04 shift 4.3e-04 | B_min +1.71e-05 lam_min 9.41e-06 lam_k 9.97e-01 S_sub_min -3.43e-02
  it  33 cost 1.1509038955e-07 |g|inf 4.86e-04 step 2.00e-04 rho +0.973 radius 4.0e-04 shift 1.9e-04 | B_min +9.20e-06 lam_min 9.42e-06 lam_k 9.97e-01 S_sub_min -3.43e-02
  it  34 cost 1.1508005031e-07 |g|inf 1.20e-03 step 4.00e-04 rho +0.863 radius 8.0e-04 shift 3.6e-05 | B_min +1.35e-05 lam_min 9.41e-06 lam_k 9.97e-01 S_sub_min -3.40e-02
  it  35 cost 1.1506580845e-07 |g|inf 3.07e-03 step 2.25e-04 rho +1.314 radius 8.0e-04 shift 0.0e+00 | B_min +2.58e-05 lam_min 9.38e-06 lam_k 9.97e-01 S_sub_min -3.32e-02
  it  36 cost 1.1505785157e-07 |g|inf 1.17e-03 step 1.75e-04 rho +1.130 radius 3.5e-04 shift 1.4e-04 | B_min +1.79e-05 lam_min 9.38e-06 lam_k 9.97e-01 S_sub_min -3.41e-02
  it  37 cost 1.1504939338e-07 |g|inf 9.11e-04 step 3.51e-04 rho +0.845 radius 7.0e-04 shift 4.2e-05 | B_min +1.52e-05 lam_min 9.37e-06 lam_k 9.97e-01 S_sub_min -3.41e-02
  it  38 cost 1.1503716246e-07 |g|inf 2.68e-03 step 2.50e-04 rho +1.313 radius 7.0e-04 shift 0.0e+00 | B_min +2.56e-05 lam_min 9.35e-06 lam_k 9.98e-01 S_sub_min -3.34e-02
  it  39 cost 1.1503075777e-07 |g|inf 1.19e-03 step 1.50e-04 rho +1.077 radius 3.0e-04 shift 1.7e-04 | B_min +2.24e-05 lam_min 9.33e-06 lam_k 9.98e-01 S_sub_min -3.42e-02
  it  40 cost 1.1502294897e-07 |g|inf 9.23e-04 step 3.01e-04 rho +0.938 radius 6.0e-04 shift 5.6e-05 | B_min +1.05e-05 lam_min 9.33e-06 lam_k 9.98e-01 S_sub_min -3.43e-02
  it  41 cost 1.1501320911e-07 |g|inf 1.82e-03 step 2.72e-04 rho +1.371 radius 6.0e-04 shift 0.0e+00 | B_min +2.23e-05 lam_min 9.31e-06 lam_k 9.98e-01 S_sub_min -3.37e-02
  it  42 cost 1.1500766153e-07 |g|inf 1.40e-03 step 3.52e-04 rho +0.788 radius 6.0e-04 shift 0.0e+00 | B_min +2.34e-05 lam_min 9.30e-06 lam_k 9.98e-01 S_sub_min -3.42e-02
  it  43 cost 1.1499634233e-07 |g|inf 2.75e-03 step 2.40e-04 rho +1.172 radius 6.0e-04 shift 0.0e+00 | B_min +1.90e-05 lam_min 9.28e-06 lam_k 9.98e-01 S_sub_min -3.31e-02
  it  44 cost 1.1499100346e-07 |g|inf 1.35e-03 step 1.50e-04 rho +0.986 radius 3.0e-04 shift 1.7e-04 | B_min +1.94e-05 lam_min 9.26e-06 lam_k 9.98e-01 S_sub_min -3.45e-02
  it  45 cost 1.1498447608e-07 |g|inf 8.92e-04 step 3.01e-04 rho +0.971 radius 6.0e-04 shift 4.0e-05 | B_min +9.25e-06 lam_min 9.26e-06 lam_k 9.98e-01 S_sub_min -3.43e-02
  it  46 cost 1.1497650104e-07 |g|inf 1.71e-03 step 2.43e-04 rho +1.379 radius 6.0e-04 shift 0.0e+00 | B_min +1.94e-05 lam_min 9.24e-06 lam_k 9.98e-01 S_sub_min -3.37e-02
  it  47 cost 1.1497183560e-07 |g|inf 9.12e-04 step 3.79e-04 rho +0.790 radius 6.0e-04 shift 0.0e+00 | B_min +1.42e-05 lam_min 9.23e-06 lam_k 9.97e-01 S_sub_min -3.40e-02
  it  48 cost 1.1496144710e-07 |g|inf 3.20e-03 step 2.28e-04 rho +1.230 radius 6.0e-04 shift 0.0e+00 | B_min +2.07e-05 lam_min 9.21e-06 lam_k 9.97e-01 S_sub_min -3.30e-02
  it  49 cost 1.1495636186e-07 |g|inf 6.79e-04 step 1.50e-04 rho +1.114 radius 3.0e-04 shift 1.3e-04 | B_min +7.69e-06 lam_min 9.20e-06 lam_k 9.97e-01 S_sub_min -3.42e-02
  it  50 cost 1.1495028133e-07 |g|inf 6.55e-04 step 3.01e-04 rho +0.912 radius 6.0e-04 shift 4.4e-05 | B_min +1.09e-05 lam_min 9.20e-06 lam_k 9.97e-01 S_sub_min -3.43e-02
  it  51 cost 1.1494124918e-07 |g|inf 1.49e-03 step 2.73e-04 rho +1.404 radius 6.0e-04 shift 0.0e+00 | B_min +1.56e-05 lam_min 9.19e-06 lam_k 9.96e-01 S_sub_min -3.32e-02
  it  52 cost 1.1494091090e-07 |g|inf 9.24e-04 step 4.59e-04 rho +0.044 radius 1.1e-04 shift 0.0e+00 | B_min +1.41e-05 lam_min 9.17e-06 lam_k 9.96e-01 S_sub_min -3.39e-02
  it  53 cost 1.1492144846e-07 |g|inf 3.63e-03 step 1.15e-04 rho +1.101 radius 2.3e-04 shift 2.9e-05 | B_min +1.09e-05 lam_min 9.16e-06 lam_k 9.96e-01 S_sub_min -3.13e-02
  it  54 cost 1.1491395742e-07 |g|inf 2.02e-04 step 2.29e-04 rho +0.858 radius 4.6e-04 shift 1.5e-04 | B_min +3.27e-06 lam_min 9.15e-06 lam_k 9.96e-01 S_sub_min -3.46e-02
  it  55 cost 1.1490270324e-07 |g|inf 1.09e-03 step 4.59e-04 rho +1.014 radius 9.2e-04 shift 1.3e-05 | B_min +1.03e-05 lam_min 9.16e-06 lam_k 9.95e-01 S_sub_min -3.31e-02
  it  56 cost 1.1488534803e-07 |g|inf 2.87e-03 step 2.78e-04 rho +1.326 radius 9.2e-04 shift 0.0e+00 | B_min +1.27e-05 lam_min 9.14e-06 lam_k 9.95e-01 S_sub_min -3.23e-02
  it  57 cost 1.1487226877e-07 |g|inf 1.19e-03 step 2.29e-04 rho +1.117 radius 4.6e-04 shift 1.3e-04 | B_min +9.93e-06 lam_min 9.13e-06 lam_k 9.94e-01 S_sub_min -3.30e-02
  it  58 cost 1.1485831129e-07 |g|inf 1.33e-03 step 4.59e-04 rho +0.789 radius 9.2e-04 shift 4.1e-05 | B_min +9.46e-06 lam_min 9.13e-06 lam_k 9.93e-01 S_sub_min -3.33e-02
  it  59 cost 1.1483418792e-07 |g|inf 3.02e-03 step 1.87e-04 rho +1.185 radius 3.7e-04 shift 1.1e-04 | B_min +5.87e-06 lam_min 9.13e-06 lam_k 9.93e-01 S_sub_min -3.12e-02
  it  60 cost 1.1481582234e-07 |g|inf 7.21e-04 step 3.74e-04 rho +0.807 radius 7.5e-04 shift 1.4e-04 | B_min +7.83e-06 lam_min 9.13e-06 lam_k 9.93e-01 S_sub_min -3.39e-02
  it  61 cost 1.1478878124e-07 |g|inf 2.69e-03 step 7.47e-04 rho +0.909 radius 1.5e-03 shift 9.2e-06 | B_min +7.66e-06 lam_min 9.14e-06 lam_k 9.92e-01 S_sub_min -3.15e-02
  it  62 cost 1.1474445588e-07 |g|inf 7.29e-03 step 3.74e-04 rho +1.016 radius 7.5e-04 shift 1.0e-04 | B_min -3.49e-06 lam_min 9.13e-06 lam_k 9.92e-01 S_sub_min -3.12e-02
  it  63 cost 1.1471839683e-07 |g|inf 3.20e-03 step 7.47e-04 rho +0.506 radius 7.5e-04 shift 4.1e-05 | B_min +8.22e-06 lam_min 9.15e-06 lam_k 9.92e-01 S_sub_min -3.13e-02
  it  64 cost 1.1466231166e-07 |g|inf 7.08e-03 step 7.47e-04 rho +0.652 radius 7.5e-04 shift 1.9e-05 | B_min +1.78e-06 lam_min 9.20e-06 lam_k 9.93e-01 S_sub_min -3.06e-02
  it  65 cost 1.1459151528e-07 |g|inf 9.10e-03 step 7.47e-04 rho +0.571 radius 7.5e-04 shift 9.1e-05 | B_min -2.79e-05 lam_min 9.17e-06 lam_k 9.92e-01 S_sub_min -2.97e-02
  it  66 cost 1.1450756148e-07 |g|inf 8.60e-03 step 7.47e-04 rho +0.625 radius 7.5e-04 shift 5.1e-05 | B_min -3.18e-06 lam_min 9.26e-06 lam_k 9.94e-01 S_sub_min -3.09e-02
  it  67 cost 1.1438813887e-07 |g|inf 8.92e-03 step 7.47e-04 rho +0.760 radius 1.5e-03 shift 9.6e-05 | B_min -2.28e-05 lam_min 9.28e-06 lam_k 9.95e-01 S_sub_min -2.89e-02
  it  68 cost 1.1427637372e-07 |g|inf 1.07e-02 step 3.74e-04 rho +1.033 radius 7.5e-04 shift 2.6e-04 | B_min -5.77e-06 lam_min 9.34e-06 lam_k 9.98e-01 S_sub_min -3.09e-02
  it  69 cost 1.1420349222e-07 |g|inf 2.70e-03 step 7.47e-04 rho +0.761 radius 1.5e-03 shift 1.1e-04 | B_min +7.49e-06 lam_min 9.38e-06 lam_k 9.99e-01 S_sub_min -3.11e-02
  it  70 cost 1.1410682990e-07 |g|inf 8.83e-03 step 3.74e-04 rho +1.141 radius 7.5e-04 shift 1.6e-04 | B_min +1.76e-06 lam_min 9.42e-06 lam_k 1.00e+00 S_sub_min -3.00e-02
  it  71 cost 1.1405346486e-07 |g|inf 1.69e-03 step 7.47e-04 rho +0.571 radius 7.5e-04 shift 1.2e-04 | B_min +7.44e-06 lam_min 9.43e-06 lam_k 1.00e+00 S_sub_min -3.18e-02
  it  72 cost 1.1394441777e-07 |g|inf 1.06e-02 step 7.47e-04 rho +1.007 radius 1.5e-03 shift 5.7e-05 | B_min -2.97e-06 lam_min 9.48e-06 lam_k 1.01e+00 S_sub_min -2.94e-02
  it  73 cost 1.1388464494e-07 |g|inf 4.43e-03 step 3.74e-04 rho +0.910 radius 7.5e-04 shift 3.2e-04 | B_min -2.88e-05 lam_min 9.47e-06 lam_k 1.01e+00 S_sub_min -3.13e-02
  it  74 cost 1.1381007770e-07 |g|inf 4.43e-03 step 7.47e-04 rho +1.021 radius 1.5e-03 shift 7.0e-05 | B_min +8.28e-06 lam_min 9.50e-06 lam_k 1.01e+00 S_sub_min -3.03e-02
  it  75 cost 1.1374901339e-07 |g|inf 5.27e-03 step 3.74e-04 rho +1.128 radius 7.5e-04 shift 1.7e-04 | B_min +6.89e-06 lam_min 9.53e-06 lam_k 1.02e+00 S_sub_min -2.92e-02
  it  76 cost 1.1369342086e-07 |g|inf 3.39e-03 step 7.47e-04 rho +0.811 radius 1.5e-03 shift 7.9e-05 | B_min +7.14e-06 lam_min 9.54e-06 lam_k 1.02e+00 S_sub_min -3.10e-02
  it  77 cost 1.1362735506e-07 |g|inf 7.24e-03 step 3.74e-04 rho +1.115 radius 7.5e-04 shift 1.4e-04 | B_min -4.11e-06 lam_min 9.57e-06 lam_k 1.02e+00 S_sub_min -2.83e-02
  it  78 cost 1.1358470924e-07 |g|inf 3.00e-03 step 7.47e-04 rho +0.652 radius 7.5e-04 shift 8.0e-05 | B_min +8.01e-06 lam_min 9.57e-06 lam_k 1.02e+00 S_sub_min -3.17e-02
  it  79 cost 1.1351116438e-07 |g|inf 8.49e-03 step 7.47e-04 rho +0.995 radius 1.5e-03 shift 3.0e-05 | B_min -8.57e-06 lam_min 9.60e-06 lam_k 1.03e+00 S_sub_min -2.77e-02
  it  80 cost 1.1346729466e-07 |g|inf 3.20e-03 step 3.74e-04 rho +0.822 radius 7.5e-04 shift 2.0e-04 | B_min -5.82e-06 lam_min 9.61e-06 lam_k 1.03e+00 S_sub_min -3.27e-02
  it  81 cost 1.1343744285e-07 |g|inf 4.22e-03 step 7.47e-04 rho +0.494 radius 7.5e-04 shift 4.9e-05 | B_min +7.48e-06 lam_min 9.64e-06 lam_k 1.03e+00 S_sub_min -2.85e-02
  it  82 cost 1.1340807530e-07 |g|inf 1.02e-02 step 7.47e-04 rho +0.332 radius 7.5e-04 shift 5.9e-05 | B_min -1.41e-05 lam_min 9.66e-06 lam_k 1.03e+00 S_sub_min -3.03e-02
  it  83 cost 1.1340074996e-07 |g|inf 9.69e-03 step 7.47e-04 rho +0.059 radius 1.9e-04 shift 1.2e-04 | B_min -4.43e-05 lam_min 9.70e-06 lam_k 1.03e+00 S_sub_min -2.85e-02
  it  84 cost 1.1328423122e-07 |g|inf 1.43e-02 step 1.87e-04 rho +0.936 radius 3.7e-04 shift 4.0e-04 | B_min -5.76e-05 lam_min 9.71e-06 lam_k 1.03e+00 S_sub_min -3.29e-02
  it  85 cost 1.1325440014e-07 |g|inf 2.15e-03 step 3.74e-04 rho +0.843 radius 7.5e-04 shift 2.0e-04 | B_min +7.86e-06 lam_min 9.74e-06 lam_k 1.03e+00 S_sub_min -3.06e-02
  it  86 cost 1.1323035501e-07 |g|inf 3.72e-03 step 7.47e-04 rho +0.628 radius 7.5e-04 shift 2.7e-05 | B_min +1.43e-05 lam_min 9.76e-06 lam_k 1.03e+00 S_sub_min -3.17e-02
  it  87 cost 1.1319009111e-07 |g|inf 8.20e-03 step 1.87e-04 rho +1.052 radius 3.7e-04 shift 2.3e-04 | B_min +8.40e-06 lam_min 9.81e-06 lam_k 1.03e+00 S_sub_min -2.91e-02
  it  88 cost 1.1317193414e-07 |g|inf 8.74e-04 step 3.74e-04 rho +0.678 radius 3.7e-04 shift 1.5e-04 | B_min +9.54e-06 lam_min 9.82e-06 lam_k 1.03e+00 S_sub_min -3.28e-02
  it  89 cost 1.1314013356e-07 |g|inf 6.72e-03 step 3.74e-04 rho +1.121 radius 7.5e-04 shift 5.9e-05 | B_min +1.04e-05 lam_min 9.85e-06 lam_k 1.03e+00 S_sub_min -2.98e-02
  it  90 cost 1.1312415440e-07 |g|inf 1.80e-03 step 1.87e-04 rho +0.970 radius 3.7e-04 shift 3.2e-04 | B_min +1.94e-05 lam_min 9.87e-06 lam_k 1.03e+00 S_sub_min -3.30e-02
  it  91 cost 1.1310253412e-07 |g|inf 2.41e-03 step 3.74e-04 rho +0.935 radius 7.5e-04 shift 1.1e-04 | B_min +8.62e-06 lam_min 9.89e-06 lam_k 1.03e+00 S_sub_min -3.15e-02
  it  92 cost 1.1309270177e-07 |g|inf 3.55e-03 step 7.47e-04 rho +0.401 radius 7.5e-04 shift 3.0e-06 | B_min +1.90e-05 lam_min 9.92e-06 lam_k 1.03e+00 S_sub_min -3.18e-02
  it  93 cost 1.1305363222e-07 |g|inf 8.25e-03 step 1.87e-04 rho +1.036 radius 3.7e-04 shift 2.0e-04 | B_min +8.88e-07 lam_min 9.98e-06 lam_k 1.03e+00 S_sub_min -2.99e-02
  it  94 cost 1.1304248163e-07 |g|inf 7.49e-04 step 3.74e-04 rho +0.490 radius 3.7e-04 shift 1.2e-04 | B_min +8.64e-06 lam_min 9.99e-06 lam_k 1.03e+00 S_sub_min -3.30e-02
  it  95 cost 1.1301301766e-07 |g|inf 7.05e-03 step 3.74e-04 rho +1.082 radius 7.5e-04 shift 3.0e-05 | B_min +8.37e-06 lam_min 1.00e-05 lam_k 1.03e+00 S_sub_min -2.98e-02
  it  96 cost 1.1299901704e-07 |g|inf 1.20e-03 step 1.87e-04 rho +0.888 radius 3.7e-04 shift 2.9e-04 | B_min +2.07e-05 lam_min 1.01e-05 lam_k 1.03e+00 S_sub_min -3.34e-02
  it  97 cost 1.1298205006e-07 |g|inf 2.52e-03 step 3.74e-04 rho +0.835 radius 7.5e-04 shift 8.8e-05 | B_min +7.82e-06 lam_min 1.01e-05 lam_k 1.03e+00 S_sub_min -3.14e-02
  it  98 cost 1.1297718339e-07 |g|inf 3.08e-03 step 6.16e-04 rho +0.236 radius 1.5e-04 shift 0.0e+00 | B_min +1.44e-05 lam_min 1.01e-05 lam_k 1.03e+00 S_sub_min -3.21e-02
  it  99 cost 1.1294402456e-07 |g|inf 7.51e-03 step 1.54e-04 rho +0.996 radius 3.1e-04 shift 3.2e-04 | B_min +2.96e-06 lam_min 1.02e-05 lam_k 1.03e+00 S_sub_min -2.99e-02
  it 100 cost 1.1293259168e-07 |g|inf 3.05e-04 step 3.08e-04 rho +0.629 radius 3.1e-04 shift 1.6e-04 | B_min +8.14e-06 lam_min 1.02e-05 lam_k 1.03e+00 S_sub_min -3.34e-02
  it 101 cost 1.1291152403e-07 |g|inf 4.77e-03 step 3.08e-04 rho +1.128 radius 6.2e-04 shift 4.2e-05 | B_min +6.59e-06 lam_min 1.02e-05 lam_k 1.03e+00 S_sub_min -3.05e-02
  it 102 cost 1.1290033738e-07 |g|inf 1.22e-03 step 1.54e-04 rho +0.974 radius 3.1e-04 shift 3.1e-04 | B_min +1.53e-05 lam_min 1.02e-05 lam_k 1.03e+00 S_sub_min -3.35e-02
  it 103 cost 1.1288608512e-07 |g|inf 1.61e-03 step 3.08e-04 rho +0.892 radius 6.2e-04 shift 1.2e-04 | B_min +8.17e-06 lam_min 1.03e-05 lam_k 1.03e+00 S_sub_min -3.20e-02
  it 104 cost 1.1287161858e-07 |g|inf 2.30e-03 step 4.24e-04 rho +0.997 radius 6.2e-04 shift 0.0e+00 | B_min +9.22e-06 lam_min 1.03e-05 lam_k 1.03e+00 S_sub_min -3.20e-02
  it 105 cost 1.1285428134e-07 |g|inf 5.22e-03 step 1.54e-04 rho +1.103 radius 3.1e-04 shift 1.8e-04 | B_min +2.08e-05 lam_min 1.03e-05 lam_k 1.03e+00 S_sub_min -3.07e-02
  it 106 cost 1.1284348314e-07 |g|inf 5.09e-04 step 3.08e-04 rho +0.675 radius 3.1e-04 shift 1.3e-04 | B_min +7.87e-06 lam_min 1.03e-05 lam_k 1.03e+00 S_sub_min -3.31e-02
  it 107 cost 1.1282465019e-07 |g|inf 4.40e-03 step 3.08e-04 rho +1.165 radius 6.2e-04 shift 2.0e-05 | B_min +6.94e-06 lam_min 1.04e-05 lam_k 1.02e+00 S_sub_min -3.06e-02
  it 108 cost 1.1281379332e-07 |g|inf 1.20e-03 step 1.54e-04 rho +0.963 radius 3.1e-04 shift 2.9e-04 | B_min +1.25e-05 lam_min 1.04e-05 lam_k 1.02e+00 S_sub_min -3.34e-02
  it 109 cost 1.1280072457e-07 |g|inf 1.65e-03 step 3.08e-04 rho +0.866 radius 6.2e-04 shift 1.1e-04 | B_min +8.06e-06 lam_min 1.04e-05 lam_k 1.02e+00 S_sub_min -3.20e-02
  it 110 cost 1.1279006475e-07 |g|inf 2.15e-03 step 3.79e-04 rho +0.781 radius 6.2e-04 shift 0.0e+00 | B_min +8.41e-06 lam_min 1.05e-05 lam_k 1.02e+00 S_sub_min -3.20e-02
  it 111 cost 1.1277145945e-07 |g|inf 6.13e-03 step 1.54e-04 rho +1.054 radius 3.1e-04 shift 2.1e-04 | B_min +1.59e-05 lam_min 1.05e-05 lam_k 1.02e+00 S_sub_min -3.03e-02
  it 112 cost 1.1276203508e-07 |g|inf 4.59e-04 step 3.08e-04 rho +0.618 radius 3.1e-04 shift 1.3e-04 | B_min +7.72e-06 lam_min 1.05e-05 lam_k 1.02e+00 S_sub_min -3.31e-02
  it 113 cost 1.1274384102e-07 |g|inf 4.53e-03 step 3.08e-04 rho +1.129 radius 6.2e-04 shift 2.1e-05 | B_min +7.15e-06 lam_min 1.06e-05 lam_k 1.02e+00 S_sub_min -3.05e-02
  it 114 cost 1.1273363689e-07 |g|inf 1.03e-03 step 1.54e-04 rho +0.931 radius 3.1e-04 shift 2.8e-04 | B_min +1.23e-05 lam_min 1.06e-05 lam_k 1.02e+00 S_sub_min -3.34e-02
  it 115 cost 1.1272145999e-07 |g|inf 1.73e-03 step 3.08e-04 rho +0.845 radius 6.2e-04 shift 1.1e-04 | B_min +8.06e-06 lam_min 1.06e-05 lam_k 1.02e+00 S_sub_min -3.18e-02
  it 116 cost 1.1271658175e-07 |g|inf 2.00e-03 step 4.06e-04 rho +0.364 radius 6.2e-04 shift 0.0e+00 | B_min +8.58e-06 lam_min 1.06e-05 lam_k 1.02e+00 S_sub_min -3.20e-02
  it 117 cost 1.1269360012e-07 |g|inf 7.70e-03 step 1.54e-04 rho +1.018 radius 3.1e-04 shift 2.2e-04 | B_min +1.18e-05 lam_min 1.07e-05 lam_k 1.02e+00 S_sub_min -3.01e-02
  it 118 cost 1.1268556040e-07 |g|inf 3.75e-04 step 3.08e-04 rho +0.551 radius 3.1e-04 shift 1.2e-04 | B_min +7.48e-06 lam_min 1.07e-05 lam_k 1.02e+00 S_sub_min -3.32e-02
  it 119 cost 1.1266783492e-07 |g|inf 4.69e-03 step 3.08e-04 rho +1.100 radius 6.2e-04 shift 2.2e-05 | B_min +7.05e-06 lam_min 1.08e-05 lam_k 1.02e+00 S_sub_min -3.04e-02
  it 120 cost 1.1265839241e-07 |g|inf 9.25e-04 step 1.54e-04 rho +0.903 radius 3.1e-04 shift 2.7e-04 | B_min +1.27e-05 lam_min 1.08e-05 lam_k 1.02e+00 S_sub_min -3.35e-02
  it 121 cost 1.1264716445e-07 |g|inf 1.75e-03 step 3.08e-04 rho +0.825 radius 6.2e-04 shift 9.8e-05 | B_min +7.99e-06 lam_min 1.08e-05 lam_k 1.02e+00 S_sub_min -3.17e-02
  it 122 cost 1.1263727921e-07 |g|inf 1.90e-03 step 1.07e-04 rho +1.077 radius 2.1e-04 shift 2.9e-04 | B_min +8.97e-06 lam_min 1.08e-05 lam_k 1.02e+00 S_sub_min -3.21e-02
  it 123 cost 1.1262802889e-07 |g|inf 7.89e-04 step 2.14e-04 rho +0.947 radius 4.3e-04 shift 1.9e-04 | B_min +8.49e-06 lam_min 1.09e-05 lam_k 1.02e+00 S_sub_min -3.26e-02
  it 124 cost 1.1262084978e-07 |g|inf 1.31e-03 step 4.28e-04 rho +0.583 radius 4.3e-04 shift 1.8e-05 | B_min +8.56e-06 lam_min 1.09e-05 lam_k 1.02e+00 S_sub_min -3.21e-02
  it 125 cost 1.1260169114e-07 |g|inf 5.55e-03 step 2.19e-04 rho +1.184 radius 4.3e-04 shift 0.0e+00 | B_min +2.00e-05 lam_min 1.10e-05 lam_k 1.02e+00 S_sub_min -3.05e-02
  it 126 cost 1.1259558351e-07 |g|inf 8.01e-04 step 1.07e-04 rho +1.044 radius 2.1e-04 shift 3.7e-04 | B_min +1.42e-05 lam_min 1.10e-05 lam_k 1.02e+00 S_sub_min -3.24e-02
  it 127 cost 1.1258690435e-07 |g|inf 7.33e-04 step 2.14e-04 rho +0.947 radius 4.3e-04 shift 1.7e-04 | B_min +8.06e-06 lam_min 1.10e-05 lam_k 1.02e+00 S_sub_min -3.27e-02
  it 128 cost 1.1258050875e-07 |g|inf 1.46e-03 step 4.28e-04 rho +0.579 radius 4.3e-04 shift 1.2e-05 | B_min +8.42e-06 lam_min 1.10e-05 lam_k 1.02e+00 S_sub_min -3.19e-02
  it 129 cost 1.1256251768e-07 |g|inf 5.34e-03 step 2.02e-04 rho +1.179 radius 4.3e-04 shift 0.0e+00 | B_min +1.96e-05 lam_min 1.11e-05 lam_k 1.02e+00 S_sub_min -3.06e-02
  it 130 cost 1.1255677632e-07 |g|inf 9.31e-04 step 1.07e-04 rho +1.065 radius 2.1e-04 shift 3.3e-04 | B_min +1.31e-05 lam_min 1.11e-05 lam_k 1.02e+00 S_sub_min -3.21e-02
  it 131 cost 1.1254885242e-07 |g|inf 6.90e-04 step 2.14e-04 rho +0.938 radius 4.3e-04 shift 1.6e-04 | B_min +8.10e-06 lam_min 1.11e-05 lam_k 1.02e+00 S_sub_min -3.27e-02
  it 132 cost 1.1254340294e-07 |g|inf 1.53e-03 step 4.28e-04 rho +0.557 radius 4.3e-04 shift 6.8e-06 | B_min +8.62e-06 lam_min 1.12e-05 lam_k 1.02e+00 S_sub_min -3.18e-02
  it 133 cost 1.1252685682e-07 |g|inf 5.00e-03 step 1.95e-04 rho +1.167 radius 4.3e-04 shift 0.0e+00 | B_min +2.08e-05 lam_min 1.12e-05 lam_k 1.02e+00 S_sub_min -3.09e-02
  it 134 cost 1.1252155802e-07 |g|inf 1.06e-03 step 1.07e-04 rho +1.081 radius 2.1e-04 shift 2.8e-04 | B_min +1.23e-05 lam_min 1.13e-05 lam_k 1.02e+00 S_sub_min -3.18e-02
  it 135 cost 1.1251459865e-07 |g|inf 6.52e-04 step 2.14e-04 rho +0.928 radius 4.3e-04 shift 1.4e-04 | B_min +8.35e-06 lam_min 1.13e-05 lam_k 1.02e+00 S_sub_min -3.27e-02
  it 136 cost 1.1251050996e-07 |g|inf 1.61e-03 step 4.28e-04 rho +0.497 radius 4.3e-04 shift 1.2e-06 | B_min +9.14e-06 lam_min 1.13e-05 lam_k 1.02e+00 S_sub_min -3.17e-02
  it 137 cost 1.1249563756e-07 |g|inf 4.52e-03 step 1.91e-04 rho +1.143 radius 4.3e-04 shift 0.0e+00 | B_min +2.05e-05 lam_min 1.14e-05 lam_k 1.02e+00 S_sub_min -3.13e-02
  it 138 cost 1.1249093838e-07 |g|inf 1.17e-03 step 1.07e-04 rho +1.092 radius 2.1e-04 shift 2.3e-04 | B_min +1.22e-05 lam_min 1.14e-05 lam_k 1.02e+00 S_sub_min -3.16e-02
  it 139 cost 1.1248517132e-07 |g|inf 5.87e-04 step 2.14e-04 rho +0.909 radius 4.3e-04 shift 1.1e-04 | B_min +8.84e-06 lam_min 1.15e-05 lam_k 1.02e+00 S_sub_min -3.28e-02
  it 140 cost 1.1247992152e-07 |g|inf 1.74e-03 step 3.76e-04 rho +0.819 radius 4.3e-04 shift 0.0e+00 | B_min +9.99e-06 lam_min 1.15e-05 lam_k 1.02e+00 S_sub_min -3.17e-02
  it 141 cost 1.1247049840e-07 |g|inf 3.22e-03 step 2.16e-04 rho +1.123 radius 4.3e-04 shift 0.0e+00 | B_min +2.10e-05 lam_min 1.16e-05 lam_k 1.02e+00 S_sub_min -3.21e-02
  it 142 cost 1.1246614203e-07 |g|inf 1.54e-03 step 1.07e-04 rho +1.089 radius 2.1e-04 shift 1.8e-04 | B_min +1.27e-05 lam_min 1.16e-05 lam_k 1.02e+00 S_sub_min -3.12e-02
  it 143 cost 1.1246180506e-07 |g|inf 4.22e-04 step 2.14e-04 rho +0.838 radius 4.3e-04 shift 9.1e-05 | B_min +9.59e-06 lam_min 1.16e-05 lam_k 1.02e+00 S_sub_min -3.30e-02
  it 144 cost 1.1245675866e-07 |g|inf 2.02e-03 step 3.23e-04 rho +1.018 radius 4.3e-04 shift 0.0e+00 | B_min +1.12e-05 lam_min 1.17e-05 lam_k 1.02e+00 S_sub_min -3.15e-02
  it 145 cost 1.1245184493e-07 |g|inf 1.82e-03 step 9.46e-05 rho +1.019 radius 1.9e-04 shift 1.7e-04 | B_min +1.96e-05 lam_min 1.17e-05 lam_k 1.02e+00 S_sub_min -3.30e-02
  it 146 cost 1.1244803635e-07 |g|inf 7.50e-04 step 1.89e-04 rho +0.977 radius 3.8e-04 shift 8.2e-05 | B_min +9.34e-06 lam_min 1.18e-05 lam_k 1.02e+00 S_sub_min -3.23e-02
  it 147 cost 1.1244542567e-07 |g|inf 1.11e-03 step 3.20e-04 rho +0.694 radius 3.8e-04 shift 0.0e+00 | B_min +1.17e-05 lam_min 1.18e-05 lam_k 1.02e+00 S_sub_min -3.26e-02
  it 148 cost 1.1243962616e-07 |g|inf 3.57e-03 step 1.94e-04 rho +1.096 radius 3.8e-04 shift 0.0e+00 | B_min +1.56e-05 lam_min 1.19e-05 lam_k 1.02e+00 S_sub_min -3.13e-02
  it 149 cost 1.1243736614e-07 |g|inf 4.55e-04 step 9.46e-05 rho +0.940 radius 1.9e-04 shift 1.8e-04 | B_min +1.12e-05 lam_min 1.19e-05 lam_k 1.02e+00 S_sub_min -3.27e-02
  it 150 cost 1.1243449366e-07 |g|inf 7.37e-04 step 1.89e-04 rho +0.998 radius 3.8e-04 shift 5.5e-05 | B_min +1.04e-05 lam_min 1.19e-05 lam_k 1.02e+00 S_sub_min -3.25e-02
  it 151 cost 1.1243205170e-07 |g|inf 1.07e-03 step 2.87e-04 rho +0.930 radius 3.8e-04 shift 0.0e+00 | B_min +1.23e-05 lam_min 1.20e-05 lam_k 1.02e+00 S_sub_min -3.27e-02
  it 152 cost 1.1242862472e-07 |g|inf 2.86e-03 step 2.01e-04 rho +1.077 radius 3.8e-04 shift 0.0e+00 | B_min +1.51e-05 lam_min 1.20e-05 lam_k 1.02e+00 S_sub_min -3.16e-02
  it 153 cost 1.1242666212e-07 |g|inf 6.53e-04 step 9.46e-05 rho +0.939 radius 1.9e-04 shift 1.3e-04 | B_min +1.24e-05 lam_min 1.21e-05 lam_k 1.02e+00 S_sub_min -3.28e-02
  it 154 cost 1.1242449027e-07 |g|inf 7.71e-04 step 1.89e-04 rho +1.010 radius 3.8e-04 shift 3.6e-05 | B_min +1.11e-05 lam_min 1.21e-05 lam_k 1.02e+00 S_sub_min -3.25e-02
  it 155 cost 1.1242251979e-07 |g|inf 1.04e-03 step 2.50e-04 rho +1.067 radius 3.8e-04 shift 0.0e+00 | B_min +1.28e-05 lam_min 1.21e-05 lam_k 1.02e+00 S_sub_min -3.29e-02
  it 156 cost 1.1242048702e-07 |g|inf 2.09e-03 step 2.13e-04 rho +0.990 radius 3.8e-04 shift 0.0e+00 | B_min +1.62e-05 lam_min 1.22e-05 lam_k 1.02e+00 S_sub_min -3.19e-02
  it 157 cost 1.1241877429e-07 |g|inf 9.55e-04 step 8.75e-05 rho +0.962 radius 1.7e-04 shift 9.1e-05 | B_min +1.30e-05 lam_min 1.22e-05 lam_k 1.02e+00 S_sub_min -3.31e-02
  it 158 cost 1.1241727592e-07 |g|inf 6.63e-04 step 1.75e-04 rho +1.021 radius 3.5e-04 shift 2.5e-05 | B_min +1.12e-05 lam_min 1.23e-05 lam_k 1.02e+00 S_sub_min -3.27e-02
  it 159 cost 1.1241586146e-07 |g|inf 9.45e-04 step 2.04e-04 rho +1.185 radius 3.5e-04 shift 0.0e+00 | B_min +1.30e-05 lam_min 1.23e-05 lam_k 1.02e+00 S_sub_min -3.31e-02
  it 160 cost 1.1241462098e-07 |g|inf 1.37e-03 step 1.84e-04 rho +1.066 radius 3.5e-04 shift 0.0e+00 | B_min +1.51e-05 lam_min 1.24e-05 lam_k 1.02e+00 S_sub_min -3.23e-02
  it 161 cost 1.1241382645e-07 |g|inf 8.23e-04 step 2.10e-04 rho +0.635 radius 3.5e-04 shift 0.0e+00 | B_min +1.33e-05 lam_min 1.24e-05 lam_k 1.02e+00 S_sub_min -3.32e-02
  it 162 cost 1.1241290430e-07 |g|inf 1.63e-03 step 2.28e-04 rho +0.584 radius 3.5e-04 shift 0.0e+00 | B_min +1.34e-05 lam_min 1.25e-05 lam_k 1.02e+00 S_sub_min -3.18e-02
  it 163 cost 1.1241165272e-07 |g|inf 7.71e-04 step 8.07e-05 rho +0.858 radius 1.6e-04 shift 6.8e-05 | B_min +1.40e-05 lam_min 1.25e-05 lam_k 1.02e+00 S_sub_min -3.34e-02
  it 164 cost 1.1241099557e-07 |g|inf 5.23e-04 step 1.61e-04 rho +1.040 radius 3.2e-04 shift 4.5e-06 | B_min +1.08e-05 lam_min 1.25e-05 lam_k 1.02e+00 S_sub_min -3.27e-02
  it 165 cost 1.1241044948e-07 |g|inf 7.05e-04 step 1.12e-04 rho +1.224 radius 3.2e-04 shift 0.0e+00 | B_min +1.35e-05 lam_min 1.25e-05 lam_k 1.02e+00 S_sub_min -3.33e-02
  it 166 cost 1.1241013614e-07 |g|inf 3.98e-04 step 1.43e-04 rho +0.986 radius 3.2e-04 shift 0.0e+00 | B_min +1.05e-05 lam_min 1.26e-05 lam_k 1.02e+00 S_sub_min -3.29e-02
  it 167 cost 1.1240979785e-07 |g|inf 6.42e-04 step 7.71e-05 rho +1.207 radius 3.2e-04 shift 0.0e+00 | B_min +1.39e-05 lam_min 1.26e-05 lam_k 1.02e+00 S_sub_min -3.32e-02
  it 168 cost 1.1240965579e-07 |g|inf 1.78e-04 step 1.15e-04 rho +0.976 radius 3.2e-04 shift 0.0e+00 | B_min +9.97e-06 lam_min 1.26e-05 lam_k 1.02e+00 S_sub_min -3.32e-02
  it 169 cost 1.1240951059e-07 |g|inf 4.82e-04 step 4.13e-05 rho +1.223 radius 3.2e-04 shift 0.0e+00 | B_min +1.27e-05 lam_min 1.27e-05 lam_k 1.02e+00 S_sub_min -3.32e-02
  it 170 cost 1.1240945976e-07 |g|inf 5.18e-05 step 7.68e-05 rho +1.072 radius 3.2e-04 shift 0.0e+00 | B_min +9.53e-06 lam_min 1.27e-05 lam_k 1.02e+00 S_sub_min -3.34e-02
  it 171 cost 1.1240942150e-07 |g|inf 2.42e-04 step 1.72e-05 rho +1.227 radius 3.2e-04 shift 0.0e+00 | B_min +1.12e-05 lam_min 1.27e-05 lam_k 1.02e+00 S_sub_min -3.33e-02
  it 172 cost 1.1240940975e-07 |g|inf 9.93e-06 step 3.47e-05 rho +1.291 radius 3.2e-04 shift 0.0e+00 | B_min +9.20e-06 lam_min 1.27e-05 lam_k 1.02e+00 S_sub_min -3.34e-02
  it 173 cost 1.1240940471e-07 |g|inf 5.11e-05 step 6.63e-06 rho +1.322 radius 3.2e-04 shift 0.0e+00 | B_min +9.85e-06 lam_min 1.27e-05 lam_k 1.02e+00 S_sub_min -3.34e-02
  it 174 cost 1.1240940301e-07 |g|inf 1.66e-06 step 1.21e-05 rho +1.374 radius 3.2e-04 shift 0.0e+00 | B_min +9.12e-06 lam_min 1.27e-05 lam_k 1.02e+00 S_sub_min -3.34e-02
  it 175 cost 1.1240940239e-07 |g|inf 6.02e-06 step 2.49e-06 rho +1.382 radius 3.2e-04 shift 0.0e+00 | B_min +9.21e-06 lam_min 1.27e-05 lam_k 1.02e+00 S_sub_min -3.34e-02
  it 176 cost 1.1240940216e-07 |g|inf 2.53e-07 step 4.23e-06 rho +1.392 radius 3.2e-04 shift 0.0e+00 | B_min +9.12e-06 lam_min 1.27e-05 lam_k 1.02e+00 S_sub_min -3.34e-02
  it 177 cost 1.1240940208e-07 |g|inf 7.21e-07 step 9.23e-07 rho +1.393 radius 3.2e-04 shift 0.0e+00 | B_min +9.13e-06 lam_min 1.27e-05 lam_k 1.02e+00 S_sub_min -3.34e-02
  it 178 cost 1.1240940205e-07 |g|inf 3.96e-08 step 1.51e-06 rho +1.411 radius 3.2e-04 shift 0.0e+00 | B_min +9.12e-06 lam_min 1.27e-05 lam_k 1.02e+00 S_sub_min -3.34e-02
  it 179 cost 1.1240940204e-07 |g|inf 9.75e-08 step 3.41e-07 rho +1.369 radius 3.2e-04 shift 0.0e+00 | B_min +9.12e-06 lam_min 1.27e-05 lam_k 1.02e+00 S_sub_min -3.34e-02
  it 180 cost 1.1240940204e-07 |g|inf 1.11e-08 step 5.41e-07 rho +1.428 radius 3.2e-04 shift 0.0e+00 | B_min +9.12e-06 lam_min 1.27e-05 lam_k 1.02e+00 S_sub_min -3.34e-02
  it 181 cost 1.1240940203e-07 |g|inf 1.74e-08 step 1.26e-07 rho +1.474 radius 3.2e-04 shift 0.0e+00 | B_min +9.12e-06 lam_min 1.27e-05 lam_k 1.02e+00 S_sub_min -3.34e-02
  it 182 cost 1.1240940203e-07 |g|inf 4.00e-09 step 1.94e-07 rho +1.701 radius 3.2e-04 shift 0.0e+00 | B_min +9.12e-06 lam_min 1.27e-05 lam_k 1.02e+00 S_sub_min -3.34e-02
  it 183 cost 1.1240940203e-07 |g|inf 6.20e-09 step 4.64e-08 rho +1.517 radius 3.2e-04 shift 0.0e+00 | B_min +9.12e-06 lam_min 1.27e-05 lam_k 1.02e+00 S_sub_min -3.34e-02
  it 184 cost 1.1240940203e-07 |g|inf 1.66e-09 step 4.37e-09 rho +2.283 radius 8.7e-09 shift 2.9e-04 | B_min +9.12e-06 lam_min 1.27e-05 lam_k 1.02e+00 S_sub_min -3.34e-02
  it 185 cost 1.1240940203e-07 |g|inf 3.87e-09 step 8.75e-09 rho +2.164 radius 1.7e-08 shift 1.3e-04 | B_min +9.12e-06 lam_min 1.27e-05 lam_k 1.02e+00 S_sub_min -3.34e-02
  it 186 cost 1.1240940203e-07 |g|inf 1.54e-09 step 2.67e-13 rho +526.542 radius 5.3e-13 shift 5.3e+02 | B_min +9.12e-06 lam_min 1.27e-05 lam_k 1.02e+00 S_sub_min -3.34e-02
  it 187 cost 1.1240940203e-07 |g|inf 1.99e-09 step 3.34e-14 rho +3289.010 radius 6.7e-14 shift 4.0e+03 | B_min +9.12e-06 lam_min 1.27e-05 lam_k 1.02e+00 S_sub_min -3.34e-02
  it 188 cost 1.1240940203e-07 |g|inf 6.85e-10 step 4.07e-18 rho +5205169.927 radius 8.1e-18 shift 4.6e+08 | B_min +9.12e-06 lam_min 1.27e-05 lam_k 1.02e+00 S_sub_min -3.34e-02
  it 189 cost 1.1240940203e-07 |g|inf 6.13e-10 step 1.27e-19 rho +19915631.726 radius 2.5e-19 shift 1.9e+10 | B_min +9.12e-06 lam_min 1.27e-05 lam_k 1.02e+00 S_sub_min -3.34e-02
  it 190 cost 1.1240940203e-07 |g|inf 6.12e-10 step 1.59e-20 rho +1480094.622 radius 3.2e-20 shift 1.5e+11 | B_min +9.12e-06 lam_min 1.27e-05 lam_k 1.02e+00 S_sub_min -3.34e-02
  it 191 cost 1.1240940203e-07 |g|inf 6.12e-10 step 3.18e-20 rho +5422005.604 radius 6.4e-20 shift 7.5e+10 | B_min +9.12e-06 lam_min 1.27e-05 lam_k 1.02e+00 S_sub_min -3.34e-02
    [subspace-newton] call 5: 192 its, 94.9 s (converged (precision floor)); totals 732 its, 255 s
sd |h| 3.000e-04  pred +6.7258e-05  actual -1.5840e-02  paired -1.5840e-02  ratio -235.5131  (96 s)
    dc_act/dc_pred per term: Vacuum B.n +6.35e-05/+6.35e-05 e6.4e-05  QS two-ter -1.75e-02/+1.33e-06 e5.6e+02  aspect rat +0.00e+00/+0.00e+00 e0.0e+00  rotational +1.67e-03/-5.15e-08 e8.7e+03  volume +6.62e-10/+6.63e-10 e9.1e-04  coil lengt +1.16e-06/+1.16e-06 e4.7e-04  coil curva -9.56e-05/+1.65e-06 e1.1e+02 act5->6  coil mean  +0.00e+00/+0.00e+00 e0.0e+00  coil-coil  -3.25e-07/-3.25e-07 e9.0e-05  plasma-coi +0.00e+00/+0.00e+00 e0.0e+00
  it   0 cost 1.1536855782e-07 |g|inf 3.75e-03 step 2.37e-05 rho +1.001 radius 1.0e-04 shift 0.0e+00 | B_min +7.81e-06 lam_min 8.90e-06 lam_k 9.90e-01 S_sub_min -3.24e-02
  it   1 cost 1.1536855635e-07 |g|inf 8.53e-06 step 4.53e-06 rho +1.270 radius 1.0e-04 shift 0.0e+00 | B_min +7.25e-06 lam_min 8.91e-06 lam_k 9.90e-01 S_sub_min -3.23e-02
  it   2 cost 1.1536855586e-07 |g|inf 4.17e-07 step 8.02e-06 rho +1.308 radius 1.0e-04 shift 0.0e+00 | B_min +6.99e-06 lam_min 8.91e-06 lam_k 9.90e-01 S_sub_min -3.23e-02
  it   3 cost 1.1536855569e-07 |g|inf 1.19e-06 step 1.52e-06 rho +1.336 radius 1.0e-04 shift 0.0e+00 | B_min +6.99e-06 lam_min 8.91e-06 lam_k 9.90e-01 S_sub_min -3.23e-02
  it   4 cost 1.1536855563e-07 |g|inf 4.75e-08 step 2.86e-06 rho +1.341 radius 1.0e-04 shift 0.0e+00 | B_min +6.94e-06 lam_min 8.91e-06 lam_k 9.90e-01 S_sub_min -3.23e-02
  it   5 cost 1.1536855561e-07 |g|inf 1.59e-07 step 5.53e-07 rho +1.359 radius 1.0e-04 shift 0.0e+00 | B_min +6.93e-06 lam_min 8.91e-06 lam_k 9.90e-01 S_sub_min -3.23e-02
  it   6 cost 1.1536855561e-07 |g|inf 1.11e-08 step 1.02e-06 rho +1.333 radius 1.0e-04 shift 0.0e+00 | B_min +6.92e-06 lam_min 8.91e-06 lam_k 9.90e-01 S_sub_min -3.23e-02
  it   7 cost 1.1536855560e-07 |g|inf 2.46e-08 step 2.01e-07 rho +1.389 radius 1.0e-04 shift 0.0e+00 | B_min +6.92e-06 lam_min 8.91e-06 lam_k 9.90e-01 S_sub_min -3.23e-02
  it   8 cost 1.1536855560e-07 |g|inf 4.10e-09 step 3.66e-07 rho +1.115 radius 1.0e-04 shift 0.0e+00 | B_min +6.92e-06 lam_min 8.91e-06 lam_k 9.90e-01 S_sub_min -3.23e-02
  it   9 cost 1.1536855560e-07 |g|inf 7.05e-09 step 7.26e-08 rho +1.909 radius 1.0e-04 shift 0.0e+00 | B_min +6.92e-06 lam_min 8.91e-06 lam_k 9.90e-01 S_sub_min -3.23e-02
  it  10 cost 1.1536855560e-07 |g|inf 1.44e-09 step 1.31e-07 rho +0.113 radius 3.3e-08 shift 0.0e+00 | B_min +6.92e-06 lam_min 8.91e-06 lam_k 9.90e-01 S_sub_min -3.23e-02
  it  11 cost 1.1536855560e-07 |g|inf 2.45e-09 step 2.62e-08 rho +4.068 radius 3.3e-08 shift 0.0e+00 | B_min +6.92e-06 lam_min 8.91e-06 lam_k 9.90e-01 S_sub_min -3.23e-02
  it  12 cost 1.1536855560e-07 |g|inf 3.16e-09 step 3.20e-11 rho +106.055 radius 6.4e-11 shift 8.6e-02 | B_min +6.92e-06 lam_min 8.91e-06 lam_k 9.90e-01 S_sub_min -3.23e-02
  it  13 cost 1.1536855560e-07 |g|inf 3.34e-09 step 5.96e-20 rho +1520924.031 radius 1.2e-19 shift 2.1e+11 | B_min +6.92e-06 lam_min 8.91e-06 lam_k 9.90e-01 S_sub_min -3.23e-02
  it  14 cost 1.1536855560e-07 |g|inf 3.34e-09 step 1.19e-19 rho +1479060.669 radius 2.4e-19 shift 1.0e+11 | B_min +6.92e-06 lam_min 8.91e-06 lam_k 9.90e-01 S_sub_min -3.23e-02
  it  15 cost 1.1536855560e-07 |g|inf 3.34e-09 step 5.96e-20 rho +1408733.828 radius 1.2e-19 shift 2.1e+11 | B_min +6.92e-06 lam_min 8.91e-06 lam_k 9.90e-01 S_sub_min -3.23e-02
  it  16 cost 1.1536855560e-07 |g|inf 3.34e-09 step 1.19e-19 rho +429648.935 radius 2.4e-19 shift 1.0e+11 | B_min +6.92e-06 lam_min 8.91e-06 lam_k 9.90e-01 S_sub_min -3.23e-02
  it  17 cost 1.1536855560e-07 |g|inf 3.34e-09 step 1.49e-20 rho +6368174.462 radius 3.0e-20 shift 8.3e+11 | B_min +6.92e-06 lam_min 8.91e-06 lam_k 9.90e-01 S_sub_min -3.23e-02
    [subspace-newton] call 6: 18 its, 13.8 s (converged (precision floor)); totals 750 its, 269 s
sd |h| 1.000e-04  pred +2.2451e-05  actual +6.0649e-06  paired +6.0649e-06  ratio +0.2701  (15 s)
    dc_act/dc_pred per term: Vacuum B.n +2.12e-05/+2.12e-05 e2.1e-05  QS two-ter -6.07e-06/+4.48e-07 e1.3e+00  aspect rat +0.00e+00/+0.00e+00 e0.0e+00  rotational +1.20e-08/-1.72e-08 e7.2e+01  volume +2.21e-10/+2.21e-10 e3.0e-04  coil lengt +3.87e-07/+3.87e-07 e1.6e-04  coil curva -9.35e-06/+5.52e-07 e1.1e+02 act5->6  coil mean  +0.00e+00/+0.00e+00 e0.0e+00  coil-coil  -1.08e-07/-1.08e-07 e3.0e-05  plasma-coi +0.00e+00/+0.00e+00 e0.0e+00
  it   0 cost 1.1536755600e-07 |g|inf 1.13e-03 step 7.55e-06 rho +1.000 radius 1.0e-04 shift 0.0e+00 | B_min +7.47e-06 lam_min 8.90e-06 lam_k 9.90e-01 S_sub_min -3.23e-02
  it   1 cost 1.1536755588e-07 |g|inf 8.98e-07 step 5.18e-07 rho +1.109 radius 1.0e-04 shift 0.0e+00 | B_min +7.07e-06 lam_min 8.90e-06 lam_k 9.90e-01 S_sub_min -3.23e-02
  it   2 cost 1.1536755585e-07 |g|inf 9.14e-09 step 2.33e-06 rho +1.118 radius 1.0e-04 shift 0.0e+00 | B_min +7.04e-06 lam_min 8.90e-06 lam_k 9.90e-01 S_sub_min -3.23e-02
  it   3 cost 1.1536755584e-07 |g|inf 1.04e-07 step 1.49e-07 rho +1.135 radius 1.0e-04 shift 0.0e+00 | B_min +7.04e-06 lam_min 8.90e-06 lam_k 9.90e-01 S_sub_min -3.23e-02
  it   4 cost 1.1536755584e-07 |g|inf 2.90e-09 step 7.51e-07 rho +1.138 radius 1.0e-04 shift 0.0e+00 | B_min +7.03e-06 lam_min 8.90e-06 lam_k 9.90e-01 S_sub_min -3.23e-02
  it   5 cost 1.1536755583e-07 |g|inf 1.64e-08 step 4.90e-08 rho +1.175 radius 1.0e-04 shift 0.0e+00 | B_min +7.03e-06 lam_min 8.90e-06 lam_k 9.90e-01 S_sub_min -3.23e-02
  it   6 cost 1.1536755583e-07 |g|inf 1.84e-09 step 2.41e-07 rho +0.737 radius 1.0e-04 shift 0.0e+00 | B_min +7.03e-06 lam_min 8.90e-06 lam_k 9.90e-01 S_sub_min -3.23e-02
  it   7 cost 1.1536755583e-07 |g|inf 4.71e-09 step 1.61e-08 rho +0.927 radius 1.0e-04 shift 0.0e+00 | B_min +7.03e-06 lam_min 8.90e-06 lam_k 9.90e-01 S_sub_min -3.23e-02
  it   8 cost 1.1536755583e-07 |g|inf 1.43e-09 step 7.69e-08 rho +1.906 radius 1.0e-04 shift 0.0e+00 | B_min +7.03e-06 lam_min 8.90e-06 lam_k 9.90e-01 S_sub_min -3.23e-02
  it   9 cost 1.1536755583e-07 |g|inf 1.42e-09 step 5.27e-09 rho +8.360 radius 1.0e-04 shift 0.0e+00 | B_min +7.03e-06 lam_min 8.90e-06 lam_k 9.90e-01 S_sub_min -3.23e-02
  it  10 cost 1.1536755583e-07 |g|inf 3.80e-10 step 2.46e-08 rho +28.468 radius 1.0e-04 shift 0.0e+00 | B_min +7.03e-06 lam_min 8.90e-06 lam_k 9.90e-01 S_sub_min -3.23e-02
  it  11 cost 1.1536755583e-07 |g|inf 5.09e-10 step 4.00e-19 rho +6573047.488 radius 8.0e-19 shift 8.0e+09 | B_min +7.03e-06 lam_min 8.90e-06 lam_k 9.90e-01 S_sub_min -3.23e-02
    [subspace-newton] call 7: 12 its, 12.6 s (converged (precision floor)); totals 762 its, 282 s
sd |h| 3.000e-05  pred +6.7385e-06  actual +4.2981e-06  paired +4.2981e-06  ratio +0.6378  (14 s)
    dc_act/dc_pred per term: Vacuum B.n +6.36e-06/+6.36e-06 e6.4e-06  QS two-ter -1.68e-06/+1.35e-07 e1.2e+00  aspect rat +0.00e+00/+0.00e+00 e0.0e+00  rotational +1.70e-09/-5.15e-09 e6.7e+01  volume +6.63e-11/+6.63e-11 e1.0e-04  coil lengt +1.16e-07/+1.16e-07 e4.7e-05  coil curva -4.67e-07/+1.66e-07 e9.0e+01 act5->6  coil mean  +0.00e+00/+0.00e+00 e0.0e+00  coil-coil  -3.25e-08/-3.25e-08 e9.0e-06  plasma-coi +0.00e+00/+0.00e+00 e0.0e+00
